{
  "__type__": "cc.SpriteFrame",
  "content": {
    "name": "UI_xuetiao02_lv",
    "atlas": "",
    "rect": {
      "x": 1,
      "y": 4,
      "width": 60,
      "height": 7
    },
    "offset": {
      "x": 0.5,
      "y": -1
    },
    "originalSize": {
      "width": 61,
      "height": 13
    },
    "rotated": false,
    "capInsets": [
      0,
      0,
      0,
      0
    ],
    "vertices": {
      "rawPosition": [
        -30,
        -3.5,
        0,
        30,
        -3.5,
        0,
        -30,
        3.5,
        0,
        30,
        3.5,
        0
      ],
      "indexes": [
        0,
        1,
        2,
        2,
        1,
        3
      ],
      "uv": [
        1,
        9,
        61,
        9,
        1,
        2,
        61,
        2
      ],
      "nuv": [
        0.01639344262295082,
        0.15384615384615385,
        1,
        0.15384615384615385,
        0.01639344262295082,
        0.6923076923076923,
        1,
        0.6923076923076923
      ],
      "minPos": {
        "x": -30,
        "y": -3.5,
        "z": 0
      },
      "maxPos": {
        "x": 30,
        "y": 3.5,
        "z": 0
      }
    },
    "texture": "bed8f9c9-63e5-4a26-93bf-c3a7264665b8@6c48a",
    "packable": true,
    "pixelsToUnit": 100,
    "pivot": {
      "x": 0.5,
      "y": 0.5
    },
    "meshType": 0
  }
}