{
  "__type__": "cc.SpriteFrame",
  "content": {
    "name": "TX_skillD05",
    "atlas": "",
    "rect": {
      "x": 8,
      "y": 9,
      "width": 110,
      "height": 119
    },
    "offset": {
      "x": -1,
      "y": 3
    },
    "originalSize": {
      "width": 128,
      "height": 143
    },
    "rotated": false,
    "capInsets": [
      0,
      0,
      0,
      0
    ],
    "vertices": {
      "rawPosition": [
        -55,
        -59.5,
        0,
        55,
        -59.5,
        0,
        -55,
        59.5,
        0,
        55,
        59.5,
        0
      ],
      "indexes": [
        0,
        1,
        2,
        2,
        1,
        3
      ],
      "uv": [
        8,
        134,
        118,
        134,
        8,
        15,
        118,
        15
      ],
      "nuv": [
        0.0625,
        0.1048951048951049,
        0.921875,
        0.1048951048951049,
        0.0625,
        0.9370629370629371,
        0.921875,
        0.9370629370629371
      ],
      "minPos": {
        "x": -55,
        "y": -59.5,
        "z": 0
      },
      "maxPos": {
        "x": 55,
        "y": 59.5,
        "z": 0
      }
    },
    "texture": "ed4902a1-a38c-4d48-b636-619c270b3ebd@6c48a",
    "packable": true,
    "pixelsToUnit": 100,
    "pivot": {
      "x": 0.5,
      "y": 0.5
    },
    "meshType": 0
  }
}