{
  "__type__": "cc.SpriteFrame",
  "content": {
    "name": "TX_Axuanfeng1032",
    "atlas": "",
    "rect": {
      "x": 61,
      "y": 98,
      "width": 49,
      "height": 60
    },
    "offset": {
      "x": -42.5,
      "y": 0
    },
    "originalSize": {
      "width": 256,
      "height": 256
    },
    "rotated": false,
    "capInsets": [
      0,
      0,
      0,
      0
    ],
    "vertices": {
      "rawPosition": [
        -24.5,
        -30,
        0,
        24.5,
        -30,
        0,
        -24.5,
        30,
        0,
        24.5,
        30,
        0
      ],
      "indexes": [
        0,
        1,
        2,
        2,
        1,
        3
      ],
      "uv": [
        61,
        158,
        110,
        158,
        61,
        98,
        110,
        98
      ],
      "nuv": [
        0.23828125,
        0.3828125,
        0.4296875,
        0.3828125,
        0.23828125,
        0.6171875,
        0.4296875,
        0.6171875
      ],
      "minPos": {
        "x": -24.5,
        "y": -30,
        "z": 0
      },
      "maxPos": {
        "x": 24.5,
        "y": 30,
        "z": 0
      }
    },
    "texture": "2b22ff85-f646-4b7a-b0a6-8fad44e10e69@6c48a",
    "packable": true,
    "pixelsToUnit": 100,
    "pivot": {
      "x": 0.5,
      "y": 0.5
    },
    "meshType": 0
  }
}