{
  "__type__": "cc.SpriteFrame",
  "content": {
    "name": "XZmetalscorpion_L_1001",
    "atlas": "",
    "rect": {
      "x": 55,
      "y": 51,
      "width": 88,
      "height": 83
    },
    "offset": {
      "x": 3,
      "y": 3.5
    },
    "originalSize": {
      "width": 192,
      "height": 192
    },
    "rotated": false,
    "capInsets": [
      0,
      0,
      0,
      0
    ],
    "vertices": {
      "rawPosition": [
        -44,
        -41.5,
        0,
        44,
        -41.5,
        0,
        -44,
        41.5,
        0,
        44,
        41.5,
        0
      ],
      "indexes": [
        0,
        1,
        2,
        2,
        1,
        3
      ],
      "uv": [
        55,
        141,
        143,
        141,
        55,
        58,
        143,
        58
      ],
      "nuv": [
        0.2864583333333333,
        0.3020833333333333,
        0.7447916666666666,
        0.3020833333333333,
        0.2864583333333333,
        0.734375,
        0.7447916666666666,
        0.734375
      ],
      "minPos": {
        "x": -44,
        "y": -41.5,
        "z": 0
      },
      "maxPos": {
        "x": 44,
        "y": 41.5,
        "z": 0
      }
    },
    "texture": "2bcb0033-f317-401f-b8c3-31ee62e55728@6c48a",
    "packable": true,
    "pixelsToUnit": 100,
    "pivot": {
      "x": 0.5,
      "y": 0.5
    },
    "meshType": 0
  }
}