{
  "__type__": "cc.SpriteFrame",
  "content": {
    "name": "UI_xiaohua01",
    "atlas": "",
    "rect": {
      "x": 25,
      "y": 22,
      "width": 53,
      "height": 343
    },
    "offset": {
      "x": 0,
      "y": 23
    },
    "originalSize": {
      "width": 103,
      "height": 433
    },
    "rotated": false,
    "capInsets": [
      0,
      0,
      0,
      0
    ],
    "vertices": {
      "rawPosition": [
        -26.5,
        -171.5,
        0,
        26.5,
        -171.5,
        0,
        -26.5,
        171.5,
        0,
        26.5,
        171.5,
        0
      ],
      "indexes": [
        0,
        1,
        2,
        2,
        1,
        3
      ],
      "uv": [
        25,
        411,
        78,
        411,
        25,
        68,
        78,
        68
      ],
      "nuv": [
        0.24271844660194175,
        0.15704387990762125,
        0.7572815533980582,
        0.15704387990762125,
        0.24271844660194175,
        0.9491916859122402,
        0.7572815533980582,
        0.9491916859122402
      ],
      "minPos": {
        "x": -26.5,
        "y": -171.5,
        "z": 0
      },
      "maxPos": {
        "x": 26.5,
        "y": 171.5,
        "z": 0
      }
    },
    "texture": "a6e505a5-1656-4d74-83b6-a80bfc437c4f@6c48a",
    "packable": true,
    "pixelsToUnit": 100,
    "pivot": {
      "x": 0.5,
      "y": 0.5
    },
    "meshType": 0
  }
}