{
  "__type__": "cc.SpriteFrame",
  "content": {
    "name": "TX_hitE04",
    "atlas": "",
    "rect": {
      "x": 36,
      "y": 24,
      "width": 47,
      "height": 61
    },
    "offset": {
      "x": -4.5,
      "y": 9.5
    },
    "originalSize": {
      "width": 128,
      "height": 128
    },
    "rotated": false,
    "capInsets": [
      0,
      0,
      0,
      0
    ],
    "vertices": {
      "rawPosition": [
        -23.5,
        -30.5,
        0,
        23.5,
        -30.5,
        0,
        -23.5,
        30.5,
        0,
        23.5,
        30.5,
        0
      ],
      "indexes": [
        0,
        1,
        2,
        2,
        1,
        3
      ],
      "uv": [
        36,
        104,
        83,
        104,
        36,
        43,
        83,
        43
      ],
      "nuv": [
        0.28125,
        0.3359375,
        0.6484375,
        0.3359375,
        0.28125,
        0.8125,
        0.6484375,
        0.8125
      ],
      "minPos": {
        "x": -23.5,
        "y": -30.5,
        "z": 0
      },
      "maxPos": {
        "x": 23.5,
        "y": 30.5,
        "z": 0
      }
    },
    "texture": "ccd46705-9c74-4b58-9120-583b96c47bd3@6c48a",
    "packable": true,
    "pixelsToUnit": 100,
    "pivot": {
      "x": 0.5,
      "y": 0.5
    },
    "meshType": 0
  }
}