{
  "__type__": "cc.SpriteFrame",
  "content": {
    "name": "TX_dianliuKJ1005",
    "atlas": "",
    "rect": {
      "x": 10,
      "y": 9,
      "width": 103,
      "height": 111
    },
    "offset": {
      "x": -2.5,
      "y": -0.5
    },
    "originalSize": {
      "width": 128,
      "height": 128
    },
    "rotated": false,
    "capInsets": [
      0,
      0,
      0,
      0
    ],
    "vertices": {
      "rawPosition": [
        -51.5,
        -55.5,
        0,
        51.5,
        -55.5,
        0,
        -51.5,
        55.5,
        0,
        51.5,
        55.5,
        0
      ],
      "indexes": [
        0,
        1,
        2,
        2,
        1,
        3
      ],
      "uv": [
        10,
        119,
        113,
        119,
        10,
        8,
        113,
        8
      ],
      "nuv": [
        0.078125,
        0.0625,
        0.8828125,
        0.0625,
        0.078125,
        0.9296875,
        0.8828125,
        0.9296875
      ],
      "minPos": {
        "x": -51.5,
        "y": -55.5,
        "z": 0
      },
      "maxPos": {
        "x": 51.5,
        "y": 55.5,
        "z": 0
      }
    },
    "texture": "fa4cb93b-9685-4a9f-9121-64a4cbc5e4a5@6c48a",
    "packable": true,
    "pixelsToUnit": 100,
    "pivot": {
      "x": 0.5,
      "y": 0.5
    },
    "meshType": 0
  }
}