{
  "__type__": "cc.SpriteFrame",
  "content": {
    "name": "TX_Eshandian1025",
    "atlas": "",
    "rect": {
      "x": 106,
      "y": 124,
      "width": 45,
      "height": 46
    },
    "offset": {
      "x": 0.5,
      "y": -19
    },
    "originalSize": {
      "width": 256,
      "height": 256
    },
    "rotated": false,
    "capInsets": [
      0,
      0,
      0,
      0
    ],
    "vertices": {
      "rawPosition": [
        -22.5,
        -23,
        0,
        22.5,
        -23,
        0,
        -22.5,
        23,
        0,
        22.5,
        23,
        0
      ],
      "indexes": [
        0,
        1,
        2,
        2,
        1,
        3
      ],
      "uv": [
        106,
        132,
        151,
        132,
        106,
        86,
        151,
        86
      ],
      "nuv": [
        0.4140625,
        0.3359375,
        0.58984375,
        0.3359375,
        0.4140625,
        0.515625,
        0.58984375,
        0.515625
      ],
      "minPos": {
        "x": -22.5,
        "y": -23,
        "z": 0
      },
      "maxPos": {
        "x": 22.5,
        "y": 23,
        "z": 0
      }
    },
    "texture": "3f1c3f1d-63ec-4299-926c-ff48a1e6bdbc@6c48a",
    "packable": true,
    "pixelsToUnit": 100,
    "pivot": {
      "x": 0.5,
      "y": 0.5
    },
    "meshType": 0
  }
}