{
  "__type__": "cc.SpriteFrame",
  "content": {
    "name": "JCbeetle_L_1019",
    "atlas": "",
    "rect": {
      "x": 15,
      "y": 32,
      "width": 87,
      "height": 70
    },
    "offset": {
      "x": -5.5,
      "y": -3
    },
    "originalSize": {
      "width": 128,
      "height": 128
    },
    "rotated": false,
    "capInsets": [
      0,
      0,
      0,
      0
    ],
    "vertices": {
      "rawPosition": [
        -43.5,
        -35,
        0,
        43.5,
        -35,
        0,
        -43.5,
        35,
        0,
        43.5,
        35,
        0
      ],
      "indexes": [
        0,
        1,
        2,
        2,
        1,
        3
      ],
      "uv": [
        15,
        96,
        102,
        96,
        15,
        26,
        102,
        26
      ],
      "nuv": [
        0.1171875,
        0.203125,
        0.796875,
        0.203125,
        0.1171875,
        0.75,
        0.796875,
        0.75
      ],
      "minPos": {
        "x": -43.5,
        "y": -35,
        "z": 0
      },
      "maxPos": {
        "x": 43.5,
        "y": 35,
        "z": 0
      }
    },
    "texture": "8e079a4f-eb74-438b-8331-3f625bc6ca27@6c48a",
    "packable": true,
    "pixelsToUnit": 100,
    "pivot": {
      "x": 0.5,
      "y": 0.5
    },
    "meshType": 0
  }
}