{
  "__type__": "cc.SpriteFrame",
  "content": {
    "name": "TX_Axuanfeng1031",
    "atlas": "",
    "rect": {
      "x": 45,
      "y": 75,
      "width": 81,
      "height": 86
    },
    "offset": {
      "x": -42.5,
      "y": 10
    },
    "originalSize": {
      "width": 256,
      "height": 256
    },
    "rotated": false,
    "capInsets": [
      0,
      0,
      0,
      0
    ],
    "vertices": {
      "rawPosition": [
        -40.5,
        -43,
        0,
        40.5,
        -43,
        0,
        -40.5,
        43,
        0,
        40.5,
        43,
        0
      ],
      "indexes": [
        0,
        1,
        2,
        2,
        1,
        3
      ],
      "uv": [
        45,
        181,
        126,
        181,
        45,
        95,
        126,
        95
      ],
      "nuv": [
        0.17578125,
        0.37109375,
        0.4921875,
        0.37109375,
        0.17578125,
        0.70703125,
        0.4921875,
        0.70703125
      ],
      "minPos": {
        "x": -40.5,
        "y": -43,
        "z": 0
      },
      "maxPos": {
        "x": 40.5,
        "y": 43,
        "z": 0
      }
    },
    "texture": "8e7aea12-ac0d-4611-ab37-0d78a395e00d@6c48a",
    "packable": true,
    "pixelsToUnit": 100,
    "pivot": {
      "x": 0.5,
      "y": 0.5
    },
    "meshType": 0
  }
}