{
  "__type__": "cc.SpriteFrame",
  "content": {
    "name": "TLmantis_L_1016",
    "atlas": "",
    "rect": {
      "x": 34,
      "y": 31,
      "width": 60,
      "height": 60
    },
    "offset": {
      "x": 0,
      "y": 3
    },
    "originalSize": {
      "width": 128,
      "height": 128
    },
    "rotated": false,
    "capInsets": [
      0,
      0,
      0,
      0
    ],
    "vertices": {
      "rawPosition": [
        -30,
        -30,
        0,
        30,
        -30,
        0,
        -30,
        30,
        0,
        30,
        30,
        0
      ],
      "indexes": [
        0,
        1,
        2,
        2,
        1,
        3
      ],
      "uv": [
        34,
        97,
        94,
        97,
        34,
        37,
        94,
        37
      ],
      "nuv": [
        0.265625,
        0.2890625,
        0.734375,
        0.2890625,
        0.265625,
        0.7578125,
        0.734375,
        0.7578125
      ],
      "minPos": {
        "x": -30,
        "y": -30,
        "z": 0
      },
      "maxPos": {
        "x": 30,
        "y": 30,
        "z": 0
      }
    },
    "texture": "8eb1f604-a02d-48ac-b947-d73378955ef3@6c48a",
    "packable": true,
    "pixelsToUnit": 100,
    "pivot": {
      "x": 0.5,
      "y": 0.5
    },
    "meshType": 0
  }
}