{
  "__type__": "cc.SpriteFrame",
  "content": {
    "name": "JCbeetle_L_1016",
    "atlas": "",
    "rect": {
      "x": 26,
      "y": 38,
      "width": 64,
      "height": 57
    },
    "offset": {
      "x": -6,
      "y": -2.5
    },
    "originalSize": {
      "width": 128,
      "height": 128
    },
    "rotated": false,
    "capInsets": [
      0,
      0,
      0,
      0
    ],
    "vertices": {
      "rawPosition": [
        -32,
        -28.5,
        0,
        32,
        -28.5,
        0,
        -32,
        28.5,
        0,
        32,
        28.5,
        0
      ],
      "indexes": [
        0,
        1,
        2,
        2,
        1,
        3
      ],
      "uv": [
        26,
        90,
        90,
        90,
        26,
        33,
        90,
        33
      ],
      "nuv": [
        0.203125,
        0.2578125,
        0.703125,
        0.2578125,
        0.203125,
        0.703125,
        0.703125,
        0.703125
      ],
      "minPos": {
        "x": -32,
        "y": -28.5,
        "z": 0
      },
      "maxPos": {
        "x": 32,
        "y": 28.5,
        "z": 0
      }
    },
    "texture": "8ece3326-4e5c-440d-91d1-bd0f7d7da06a@6c48a",
    "packable": true,
    "pixelsToUnit": 100,
    "pivot": {
      "x": 0.5,
      "y": 0.5
    },
    "meshType": 0
  }
}