{
  "__type__": "cc.SpriteFrame",
  "content": {
    "name": "TX_huoyan1001",
    "atlas": "",
    "rect": {
      "x": 31,
      "y": 21,
      "width": 72,
      "height": 181
    },
    "offset": {
      "x": 7,
      "y": -6
    },
    "originalSize": {
      "width": 120,
      "height": 211
    },
    "rotated": false,
    "capInsets": [
      0,
      0,
      0,
      0
    ],
    "vertices": {
      "rawPosition": [
        -36,
        -90.5,
        0,
        36,
        -90.5,
        0,
        -36,
        90.5,
        0,
        36,
        90.5,
        0
      ],
      "indexes": [
        0,
        1,
        2,
        2,
        1,
        3
      ],
      "uv": [
        31,
        190,
        103,
        190,
        31,
        9,
        103,
        9
      ],
      "nuv": [
        0.25833333333333336,
        0.04265402843601896,
        0.8583333333333333,
        0.04265402843601896,
        0.25833333333333336,
        0.9004739336492891,
        0.8583333333333333,
        0.9004739336492891
      ],
      "minPos": {
        "x": -36,
        "y": -90.5,
        "z": 0
      },
      "maxPos": {
        "x": 36,
        "y": 90.5,
        "z": 0
      }
    },
    "texture": "f02b012f-9b71-4d59-8a08-8e3df375f323@6c48a",
    "packable": true,
    "pixelsToUnit": 100,
    "pivot": {
      "x": 0.5,
      "y": 0.5
    },
    "meshType": 0
  }
}