{
  "__type__": "cc.SpriteFrame",
  "content": {
    "name": "TX_hitA04",
    "atlas": "",
    "rect": {
      "x": 32,
      "y": 69,
      "width": 25,
      "height": 27
    },
    "offset": {
      "x": -19.5,
      "y": -18.5
    },
    "originalSize": {
      "width": 128,
      "height": 128
    },
    "rotated": false,
    "capInsets": [
      0,
      0,
      0,
      0
    ],
    "vertices": {
      "rawPosition": [
        -12.5,
        -13.5,
        0,
        12.5,
        -13.5,
        0,
        -12.5,
        13.5,
        0,
        12.5,
        13.5,
        0
      ],
      "indexes": [
        0,
        1,
        2,
        2,
        1,
        3
      ],
      "uv": [
        32,
        59,
        57,
        59,
        32,
        32,
        57,
        32
      ],
      "nuv": [
        0.25,
        0.25,
        0.4453125,
        0.25,
        0.25,
        0.4609375,
        0.4453125,
        0.4609375
      ],
      "minPos": {
        "x": -12.5,
        "y": -13.5,
        "z": 0
      },
      "maxPos": {
        "x": 12.5,
        "y": 13.5,
        "z": 0
      }
    },
    "texture": "04147551-020e-4016-bde4-d8394bdc68f2@6c48a",
    "packable": true,
    "pixelsToUnit": 100,
    "pivot": {
      "x": 0.5,
      "y": 0.5
    },
    "meshType": 0
  }
}