{
  "__type__": "cc.SpriteFrame",
  "content": {
    "name": "TX_Eshandian1007",
    "atlas": "",
    "rect": {
      "x": 0,
      "y": 18,
      "width": 67,
      "height": 100
    },
    "offset": {
      "x": 0,
      "y": -8
    },
    "originalSize": {
      "width": 67,
      "height": 120
    },
    "rotated": false,
    "capInsets": [
      0,
      0,
      0,
      0
    ],
    "vertices": {
      "rawPosition": [
        -33.5,
        -50,
        0,
        33.5,
        -50,
        0,
        -33.5,
        50,
        0,
        33.5,
        50,
        0
      ],
      "indexes": [
        0,
        1,
        2,
        2,
        1,
        3
      ],
      "uv": [
        0,
        102,
        67,
        102,
        0,
        2,
        67,
        2
      ],
      "nuv": [
        0,
        0.016666666666666666,
        1,
        0.016666666666666666,
        0,
        0.85,
        1,
        0.85
      ],
      "minPos": {
        "x": -33.5,
        "y": -50,
        "z": 0
      },
      "maxPos": {
        "x": 33.5,
        "y": 50,
        "z": 0
      }
    },
    "texture": "38169e51-3d29-4be7-a8d2-4fdc1171d59c@6c48a",
    "packable": true,
    "pixelsToUnit": 100,
    "pivot": {
      "x": 0.5,
      "y": 0.5
    },
    "meshType": 0
  }
}