{
  "__type__": "cc.SpriteFrame",
  "content": {
    "name": "UI_rou",
    "atlas": "",
    "rect": {
      "x": 4,
      "y": 7,
      "width": 151,
      "height": 53
    },
    "offset": {
      "x": 0,
      "y": -3.5
    },
    "originalSize": {
      "width": 159,
      "height": 60
    },
    "rotated": false,
    "capInsets": [
      0,
      0,
      0,
      0
    ],
    "vertices": {
      "rawPosition": [
        -75.5,
        -26.5,
        0,
        75.5,
        -26.5,
        0,
        -75.5,
        26.5,
        0,
        75.5,
        26.5,
        0
      ],
      "indexes": [
        0,
        1,
        2,
        2,
        1,
        3
      ],
      "uv": [
        4,
        53,
        155,
        53,
        4,
        0,
        155,
        0
      ],
      "nuv": [
        0.025157232704402517,
        0,
        0.9748427672955975,
        0,
        0.025157232704402517,
        0.8833333333333333,
        0.9748427672955975,
        0.8833333333333333
      ],
      "minPos": {
        "x": -75.5,
        "y": -26.5,
        "z": 0
      },
      "maxPos": {
        "x": 75.5,
        "y": 26.5,
        "z": 0
      }
    },
    "texture": "38b6764f-0d42-4987-bf5e-4a118acd1d82@6c48a",
    "packable": true,
    "pixelsToUnit": 100,
    "pivot": {
      "x": 0.5,
      "y": 0.5
    },
    "meshType": 0
  }
}