{
  "__type__": "cc.SpriteFrame",
  "content": {
    "name": "UI_ziyuantiao",
    "atlas": "",
    "rect": {
      "x": 10,
      "y": 9,
      "width": 126,
      "height": 48
    },
    "offset": {
      "x": -1,
      "y": 2
    },
    "originalSize": {
      "width": 148,
      "height": 70
    },
    "rotated": false,
    "capInsets": [
      0,
      0,
      0,
      0
    ],
    "vertices": {
      "rawPosition": [
        -63,
        -24,
        0,
        63,
        -24,
        0,
        -63,
        24,
        0,
        63,
        24,
        0
      ],
      "indexes": [
        0,
        1,
        2,
        2,
        1,
        3
      ],
      "uv": [
        10,
        61,
        136,
        61,
        10,
        13,
        136,
        13
      ],
      "nuv": [
        0.06756756756756757,
        0.18571428571428572,
        0.918918918918919,
        0.18571428571428572,
        0.06756756756756757,
        0.8714285714285714,
        0.918918918918919,
        0.8714285714285714
      ],
      "minPos": {
        "x": -63,
        "y": -24,
        "z": 0
      },
      "maxPos": {
        "x": 63,
        "y": 24,
        "z": 0
      }
    },
    "texture": "1cf2e0db-3bb3-41ce-ad2e-84ca441351e4@6c48a",
    "packable": true,
    "pixelsToUnit": 100,
    "pivot": {
      "x": 0.5,
      "y": 0.5
    },
    "meshType": 0
  }
}