{
  "__type__": "cc.SpriteFrame",
  "content": {
    "name": "TX_Cdudan1010",
    "atlas": "",
    "rect": {
      "x": 10,
      "y": 25,
      "width": 248,
      "height": 215
    },
    "offset": {
      "x": 0.5,
      "y": -4.5
    },
    "originalSize": {
      "width": 267,
      "height": 256
    },
    "rotated": false,
    "capInsets": [
      0,
      0,
      0,
      0
    ],
    "vertices": {
      "rawPosition": [
        -124,
        -107.5,
        0,
        124,
        -107.5,
        0,
        -124,
        107.5,
        0,
        124,
        107.5,
        0
      ],
      "indexes": [
        0,
        1,
        2,
        2,
        1,
        3
      ],
      "uv": [
        10,
        231,
        258,
        231,
        10,
        16,
        258,
        16
      ],
      "nuv": [
        0.03745318352059925,
        0.0625,
        0.9662921348314607,
        0.0625,
        0.03745318352059925,
        0.90234375,
        0.9662921348314607,
        0.90234375
      ],
      "minPos": {
        "x": -124,
        "y": -107.5,
        "z": 0
      },
      "maxPos": {
        "x": 124,
        "y": 107.5,
        "z": 0
      }
    },
    "texture": "58824560-cf91-4a5e-aa56-c41120098203@6c48a",
    "packable": true,
    "pixelsToUnit": 100,
    "pivot": {
      "x": 0.5,
      "y": 0.5
    },
    "meshType": 0
  }
}