{
  "__type__": "cc.SpriteFrame",
  "content": {
    "name": "bomb_00112",
    "atlas": "",
    "rect": {
      "x": 174,
      "y": 162,
      "width": 435,
      "height": 369
    },
    "offset": {
      "x": -8.5,
      "y": 53.5
    },
    "originalSize": {
      "width": 800,
      "height": 800
    },
    "rotated": false,
    "capInsets": [
      0,
      0,
      0,
      0
    ],
    "vertices": {
      "rawPosition": [
        -217.5,
        -184.5,
        0,
        217.5,
        -184.5,
        0,
        -217.5,
        184.5,
        0,
        217.5,
        184.5,
        0
      ],
      "indexes": [
        0,
        1,
        2,
        2,
        1,
        3
      ],
      "uv": [
        174,
        638,
        609,
        638,
        174,
        269,
        609,
        269
      ],
      "nuv": [
        0.2175,
        0.33625,
        0.76125,
        0.33625,
        0.2175,
        0.7975,
        0.76125,
        0.7975
      ],
      "minPos": {
        "x": -217.5,
        "y": -184.5,
        "z": 0
      },
      "maxPos": {
        "x": 217.5,
        "y": 184.5,
        "z": 0
      }
    },
    "texture": "07832516-ccd6-4af6-a172-900d1eb4d82d@6c48a",
    "packable": true,
    "pixelsToUnit": 100,
    "pivot": {
      "x": 0.5,
      "y": 0.5
    },
    "meshType": 0
  }
}