{
  "__type__": "cc.SpriteFrame",
  "content": {
    "name": "TX_dianliuWQ1004",
    "atlas": "",
    "rect": {
      "x": 18,
      "y": 39,
      "width": 94,
      "height": 52
    },
    "offset": {
      "x": 1,
      "y": -1
    },
    "originalSize": {
      "width": 128,
      "height": 128
    },
    "rotated": false,
    "capInsets": [
      0,
      0,
      0,
      0
    ],
    "vertices": {
      "rawPosition": [
        -47,
        -26,
        0,
        47,
        -26,
        0,
        -47,
        26,
        0,
        47,
        26,
        0
      ],
      "indexes": [
        0,
        1,
        2,
        2,
        1,
        3
      ],
      "uv": [
        18,
        89,
        112,
        89,
        18,
        37,
        112,
        37
      ],
      "nuv": [
        0.140625,
        0.2890625,
        0.875,
        0.2890625,
        0.140625,
        0.6953125,
        0.875,
        0.6953125
      ],
      "minPos": {
        "x": -47,
        "y": -26,
        "z": 0
      },
      "maxPos": {
        "x": 47,
        "y": 26,
        "z": 0
      }
    },
    "texture": "a3a9a936-faec-4fa9-8aec-40c2538de876@6c48a",
    "packable": true,
    "pixelsToUnit": 100,
    "pivot": {
      "x": 0.5,
      "y": 0.5
    },
    "meshType": 0
  }
}