{
  "__type__": "cc.SpriteFrame",
  "content": {
    "name": "UI_shou",
    "atlas": "",
    "rect": {
      "x": 0,
      "y": 1,
      "width": 102,
      "height": 125
    },
    "offset": {
      "x": -0.5,
      "y": 1
    },
    "originalSize": {
      "width": 103,
      "height": 129
    },
    "rotated": false,
    "capInsets": [
      0,
      0,
      0,
      0
    ],
    "vertices": {
      "rawPosition": [
        -51,
        -62.5,
        0,
        51,
        -62.5,
        0,
        -51,
        62.5,
        0,
        51,
        62.5,
        0
      ],
      "indexes": [
        0,
        1,
        2,
        2,
        1,
        3
      ],
      "uv": [
        0,
        128,
        102,
        128,
        0,
        3,
        102,
        3
      ],
      "nuv": [
        0,
        0.023255813953488372,
        0.9902912621359223,
        0.023255813953488372,
        0,
        0.9922480620155039,
        0.9902912621359223,
        0.9922480620155039
      ],
      "minPos": {
        "x": -51,
        "y": -62.5,
        "z": 0
      },
      "maxPos": {
        "x": 51,
        "y": 62.5,
        "z": 0
      }
    },
    "texture": "b088d769-470d-4ddc-9bd9-1921cccf78a7@6c48a",
    "packable": true,
    "pixelsToUnit": 100,
    "pivot": {
      "x": 0.5,
      "y": 0.5
    },
    "meshType": 0
  }
}