{
  "__type__": "cc.SpriteFrame",
  "content": {
    "name": "UI_xiazai",
    "atlas": "",
    "rect": {
      "x": 0,
      "y": 1,
      "width": 151,
      "height": 59
    },
    "offset": {
      "x": 0,
      "y": 0
    },
    "originalSize": {
      "width": 151,
      "height": 61
    },
    "rotated": false,
    "capInsets": [
      0,
      0,
      0,
      0
    ],
    "vertices": {
      "rawPosition": [
        -75.5,
        -29.5,
        0,
        75.5,
        -29.5,
        0,
        -75.5,
        29.5,
        0,
        75.5,
        29.5,
        0
      ],
      "indexes": [
        0,
        1,
        2,
        2,
        1,
        3
      ],
      "uv": [
        0,
        60,
        151,
        60,
        0,
        1,
        151,
        1
      ],
      "nuv": [
        0,
        0.01639344262295082,
        1,
        0.01639344262295082,
        0,
        0.9836065573770492,
        1,
        0.9836065573770492
      ],
      "minPos": {
        "x": -75.5,
        "y": -29.5,
        "z": 0
      },
      "maxPos": {
        "x": 75.5,
        "y": 29.5,
        "z": 0
      }
    },
    "texture": "23fb16c9-9f34-4ca3-a735-a24303690c81@6c48a",
    "packable": true,
    "pixelsToUnit": 100,
    "pivot": {
      "x": 0.5,
      "y": 0.5
    },
    "meshType": 0
  }
}