{
  "__type__": "cc.SpriteFrame",
  "content": {
    "name": "TX_Bhuoyan1025",
    "atlas": "",
    "rect": {
      "x": 0,
      "y": 13,
      "width": 138,
      "height": 81
    },
    "offset": {
      "x": -7,
      "y": -2
    },
    "originalSize": {
      "width": 152,
      "height": 103
    },
    "rotated": false,
    "capInsets": [
      0,
      0,
      0,
      0
    ],
    "vertices": {
      "rawPosition": [
        -69,
        -40.5,
        0,
        69,
        -40.5,
        0,
        -69,
        40.5,
        0,
        69,
        40.5,
        0
      ],
      "indexes": [
        0,
        1,
        2,
        2,
        1,
        3
      ],
      "uv": [
        0,
        90,
        138,
        90,
        0,
        9,
        138,
        9
      ],
      "nuv": [
        0,
        0.08737864077669903,
        0.9078947368421053,
        0.08737864077669903,
        0,
        0.8737864077669902,
        0.9078947368421053,
        0.8737864077669902
      ],
      "minPos": {
        "x": -69,
        "y": -40.5,
        "z": 0
      },
      "maxPos": {
        "x": 69,
        "y": 40.5,
        "z": 0
      }
    },
    "texture": "1d5b29b4-8381-4fec-b2a9-dfeedf7934b6@6c48a",
    "packable": true,
    "pixelsToUnit": 100,
    "pivot": {
      "x": 0.5,
      "y": 0.5
    },
    "meshType": 0
  }
}