{
  "__type__": "cc.SpriteFrame",
  "content": {
    "name": "guangquan",
    "atlas": "",
    "rect": {
      "x": 12,
      "y": 12,
      "width": 104,
      "height": 104
    },
    "offset": {
      "x": 0,
      "y": 0
    },
    "originalSize": {
      "width": 128,
      "height": 128
    },
    "rotated": false,
    "capInsets": [
      0,
      0,
      0,
      0
    ],
    "vertices": {
      "rawPosition": [
        -52,
        -52,
        0,
        52,
        -52,
        0,
        -52,
        52,
        0,
        52,
        52,
        0
      ],
      "indexes": [
        0,
        1,
        2,
        2,
        1,
        3
      ],
      "uv": [
        12,
        116,
        116,
        116,
        12,
        12,
        116,
        12
      ],
      "nuv": [
        0.09375,
        0.09375,
        0.90625,
        0.09375,
        0.09375,
        0.90625,
        0.90625,
        0.90625
      ],
      "minPos": {
        "x": -52,
        "y": -52,
        "z": 0
      },
      "maxPos": {
        "x": 52,
        "y": 52,
        "z": 0
      }
    },
    "texture": "f5c783b0-02b4-453f-b5a4-28bd41c93897@6c48a",
    "packable": true,
    "pixelsToUnit": 100,
    "pivot": {
      "x": 0.5,
      "y": 0.5
    },
    "meshType": 0
  }
}