{
  "__type__": "cc.SpriteFrame",
  "content": {
    "name": "UI_paota",
    "atlas": "",
    "rect": {
      "x": 51,
      "y": 66,
      "width": 167,
      "height": 140
    },
    "offset": {
      "x": 6.5,
      "y": -8
    },
    "originalSize": {
      "width": 256,
      "height": 256
    },
    "rotated": false,
    "capInsets": [
      0,
      0,
      0,
      0
    ],
    "vertices": {
      "rawPosition": [
        -83.5,
        -70,
        0,
        83.5,
        -70,
        0,
        -83.5,
        70,
        0,
        83.5,
        70,
        0
      ],
      "indexes": [
        0,
        1,
        2,
        2,
        1,
        3
      ],
      "uv": [
        51,
        190,
        218,
        190,
        51,
        50,
        218,
        50
      ],
      "nuv": [
        0.19921875,
        0.1953125,
        0.8515625,
        0.1953125,
        0.19921875,
        0.7421875,
        0.8515625,
        0.7421875
      ],
      "minPos": {
        "x": -83.5,
        "y": -70,
        "z": 0
      },
      "maxPos": {
        "x": 83.5,
        "y": 70,
        "z": 0
      }
    },
    "texture": "f5f1a4de-c80a-4fcc-847d-99ed9de2751d@6c48a",
    "packable": true,
    "pixelsToUnit": 100,
    "pivot": {
      "x": 0.5,
      "y": 0.5
    },
    "meshType": 0
  }
}