{
  "__type__": "cc.SpriteFrame",
  "content": {
    "name": "bomb_00118",
    "atlas": "",
    "rect": {
      "x": 103,
      "y": 134,
      "width": 599,
      "height": 425
    },
    "offset": {
      "x": 2.5,
      "y": 53.5
    },
    "originalSize": {
      "width": 800,
      "height": 800
    },
    "rotated": false,
    "capInsets": [
      0,
      0,
      0,
      0
    ],
    "vertices": {
      "rawPosition": [
        -299.5,
        -212.5,
        0,
        299.5,
        -212.5,
        0,
        -299.5,
        212.5,
        0,
        299.5,
        212.5,
        0
      ],
      "indexes": [
        0,
        1,
        2,
        2,
        1,
        3
      ],
      "uv": [
        103,
        666,
        702,
        666,
        103,
        241,
        702,
        241
      ],
      "nuv": [
        0.12875,
        0.30125,
        0.8775,
        0.30125,
        0.12875,
        0.8325,
        0.8775,
        0.8325
      ],
      "minPos": {
        "x": -299.5,
        "y": -212.5,
        "z": 0
      },
      "maxPos": {
        "x": 299.5,
        "y": 212.5,
        "z": 0
      }
    },
    "texture": "097ef157-6186-4a6d-8b07-85bf9e74d4de@6c48a",
    "packable": true,
    "pixelsToUnit": 100,
    "pivot": {
      "x": 0.5,
      "y": 0.5
    },
    "meshType": 0
  }
}