{
  "__type__": "cc.SpriteFrame",
  "content": {
    "name": "UI_xiaohua05",
    "atlas": "",
    "rect": {
      "x": 6,
      "y": 6,
      "width": 159,
      "height": 165
    },
    "offset": {
      "x": 0,
      "y": -0.5
    },
    "originalSize": {
      "width": 171,
      "height": 176
    },
    "rotated": false,
    "capInsets": [
      0,
      0,
      0,
      0
    ],
    "vertices": {
      "rawPosition": [
        -79.5,
        -82.5,
        0,
        79.5,
        -82.5,
        0,
        -79.5,
        82.5,
        0,
        79.5,
        82.5,
        0
      ],
      "indexes": [
        0,
        1,
        2,
        2,
        1,
        3
      ],
      "uv": [
        6,
        170,
        165,
        170,
        6,
        5,
        165,
        5
      ],
      "nuv": [
        0.03508771929824561,
        0.028409090909090908,
        0.9649122807017544,
        0.028409090909090908,
        0.03508771929824561,
        0.9659090909090909,
        0.9649122807017544,
        0.9659090909090909
      ],
      "minPos": {
        "x": -79.5,
        "y": -82.5,
        "z": 0
      },
      "maxPos": {
        "x": 79.5,
        "y": 82.5,
        "z": 0
      }
    },
    "texture": "508a8eb7-b8c5-406c-b290-4e2d17d5bf37@6c48a",
    "packable": true,
    "pixelsToUnit": 100,
    "pivot": {
      "x": 0.5,
      "y": 0.5
    },
    "meshType": 0
  }
}