{
  "__type__": "cc.SpriteFrame",
  "content": {
    "name": "TX_Dbingjian1010",
    "atlas": "",
    "rect": {
      "x": 63,
      "y": 0,
      "width": 136,
      "height": 218
    },
    "offset": {
      "x": 3,
      "y": 19
    },
    "originalSize": {
      "width": 256,
      "height": 256
    },
    "rotated": false,
    "capInsets": [
      0,
      0,
      0,
      0
    ],
    "vertices": {
      "rawPosition": [
        -68,
        -109,
        0,
        68,
        -109,
        0,
        -68,
        109,
        0,
        68,
        109,
        0
      ],
      "indexes": [
        0,
        1,
        2,
        2,
        1,
        3
      ],
      "uv": [
        63,
        256,
        199,
        256,
        63,
        38,
        199,
        38
      ],
      "nuv": [
        0.24609375,
        0.1484375,
        0.77734375,
        0.1484375,
        0.24609375,
        1,
        0.77734375,
        1
      ],
      "minPos": {
        "x": -68,
        "y": -109,
        "z": 0
      },
      "maxPos": {
        "x": 68,
        "y": 109,
        "z": 0
      }
    },
    "texture": "d5959d09-7ce5-461d-903c-9c82308efca9@6c48a",
    "packable": true,
    "pixelsToUnit": 100,
    "pivot": {
      "x": 0.5,
      "y": 0.5
    },
    "meshType": 0
  }
}