{
  "__type__": "cc.SpriteFrame",
  "content": {
    "name": "UI_DC_heidi001",
    "atlas": "",
    "rect": {
      "x": 10,
      "y": 10,
      "width": 109,
      "height": 109
    },
    "offset": {
      "x": 0.5,
      "y": -0.5
    },
    "originalSize": {
      "width": 128,
      "height": 128
    },
    "rotated": false,
    "capInsets": [
      0,
      0,
      0,
      0
    ],
    "vertices": {
      "rawPosition": [
        -54.5,
        -54.5,
        0,
        54.5,
        -54.5,
        0,
        -54.5,
        54.5,
        0,
        54.5,
        54.5,
        0
      ],
      "indexes": [
        0,
        1,
        2,
        2,
        1,
        3
      ],
      "uv": [
        10,
        118,
        119,
        118,
        10,
        9,
        119,
        9
      ],
      "nuv": [
        0.078125,
        0.0703125,
        0.9296875,
        0.0703125,
        0.078125,
        0.921875,
        0.9296875,
        0.921875
      ],
      "minPos": {
        "x": -54.5,
        "y": -54.5,
        "z": 0
      },
      "maxPos": {
        "x": 54.5,
        "y": 54.5,
        "z": 0
      }
    },
    "texture": "08b24bb6-f040-4646-84da-82aea34759d2@6c48a",
    "packable": true,
    "pixelsToUnit": 100,
    "pivot": {
      "x": 0.5,
      "y": 0.5
    },
    "meshType": 0
  }
}