{
  "__type__": "cc.SpriteFrame",
  "content": {
    "name": "TX_Bhuoyan1007",
    "atlas": "",
    "rect": {
      "x": 7,
      "y": 15,
      "width": 145,
      "height": 85
    },
    "offset": {
      "x": 3.5,
      "y": -6
    },
    "originalSize": {
      "width": 152,
      "height": 103
    },
    "rotated": false,
    "capInsets": [
      0,
      0,
      0,
      0
    ],
    "vertices": {
      "rawPosition": [
        -72.5,
        -42.5,
        0,
        72.5,
        -42.5,
        0,
        -72.5,
        42.5,
        0,
        72.5,
        42.5,
        0
      ],
      "indexes": [
        0,
        1,
        2,
        2,
        1,
        3
      ],
      "uv": [
        7,
        88,
        152,
        88,
        7,
        3,
        152,
        3
      ],
      "nuv": [
        0.046052631578947366,
        0.02912621359223301,
        1,
        0.02912621359223301,
        0.046052631578947366,
        0.8543689320388349,
        1,
        0.8543689320388349
      ],
      "minPos": {
        "x": -72.5,
        "y": -42.5,
        "z": 0
      },
      "maxPos": {
        "x": 72.5,
        "y": 42.5,
        "z": 0
      }
    },
    "texture": "8f39b6eb-00dc-4c58-b030-113b6dc42cfb@6c48a",
    "packable": true,
    "pixelsToUnit": 100,
    "pivot": {
      "x": 0.5,
      "y": 0.5
    },
    "meshType": 0
  }
}