{
  "__type__": "cc.SpriteFrame",
  "content": {
    "name": "TX_Eshandian1022",
    "atlas": "",
    "rect": {
      "x": 106,
      "y": 124,
      "width": 69,
      "height": 51
    },
    "offset": {
      "x": 12.5,
      "y": -21.5
    },
    "originalSize": {
      "width": 256,
      "height": 256
    },
    "rotated": false,
    "capInsets": [
      0,
      0,
      0,
      0
    ],
    "vertices": {
      "rawPosition": [
        -34.5,
        -25.5,
        0,
        34.5,
        -25.5,
        0,
        -34.5,
        25.5,
        0,
        34.5,
        25.5,
        0
      ],
      "indexes": [
        0,
        1,
        2,
        2,
        1,
        3
      ],
      "uv": [
        106,
        132,
        175,
        132,
        106,
        81,
        175,
        81
      ],
      "nuv": [
        0.4140625,
        0.31640625,
        0.68359375,
        0.31640625,
        0.4140625,
        0.515625,
        0.68359375,
        0.515625
      ],
      "minPos": {
        "x": -34.5,
        "y": -25.5,
        "z": 0
      },
      "maxPos": {
        "x": 34.5,
        "y": 25.5,
        "z": 0
      }
    },
    "texture": "50d34c62-ed4c-4005-bcd0-6473ae5a7d2b@6c48a",
    "packable": true,
    "pixelsToUnit": 100,
    "pivot": {
      "x": 0.5,
      "y": 0.5
    },
    "meshType": 0
  }
}