{
  "__type__": "cc.SpriteFrame",
  "content": {
    "name": "bomb_00129",
    "atlas": "",
    "rect": {
      "x": 370,
      "y": 381,
      "width": 392,
      "height": 129
    },
    "offset": {
      "x": 166,
      "y": -45.5
    },
    "originalSize": {
      "width": 800,
      "height": 800
    },
    "rotated": false,
    "capInsets": [
      0,
      0,
      0,
      0
    ],
    "vertices": {
      "rawPosition": [
        -196,
        -64.5,
        0,
        196,
        -64.5,
        0,
        -196,
        64.5,
        0,
        196,
        64.5,
        0
      ],
      "indexes": [
        0,
        1,
        2,
        2,
        1,
        3
      ],
      "uv": [
        370,
        419,
        762,
        419,
        370,
        290,
        762,
        290
      ],
      "nuv": [
        0.4625,
        0.3625,
        0.9525,
        0.3625,
        0.4625,
        0.52375,
        0.9525,
        0.52375
      ],
      "minPos": {
        "x": -196,
        "y": -64.5,
        "z": 0
      },
      "maxPos": {
        "x": 196,
        "y": 64.5,
        "z": 0
      }
    },
    "texture": "8bb4b0ff-fb52-415d-af01-14631a176e6d@6c48a",
    "packable": true,
    "pixelsToUnit": 100,
    "pivot": {
      "x": 0.5,
      "y": 0.5
    },
    "meshType": 0
  }
}