{
  "__type__": "cc.SpriteFrame",
  "content": {
    "name": "XZmetalscorpion_L_1013",
    "atlas": "",
    "rect": {
      "x": 39,
      "y": 29,
      "width": 55,
      "height": 63
    },
    "offset": {
      "x": 2.5,
      "y": 3.5
    },
    "originalSize": {
      "width": 128,
      "height": 128
    },
    "rotated": false,
    "capInsets": [
      0,
      0,
      0,
      0
    ],
    "vertices": {
      "rawPosition": [
        -27.5,
        -31.5,
        0,
        27.5,
        -31.5,
        0,
        -27.5,
        31.5,
        0,
        27.5,
        31.5,
        0
      ],
      "indexes": [
        0,
        1,
        2,
        2,
        1,
        3
      ],
      "uv": [
        39,
        99,
        94,
        99,
        39,
        36,
        94,
        36
      ],
      "nuv": [
        0.3046875,
        0.28125,
        0.734375,
        0.28125,
        0.3046875,
        0.7734375,
        0.734375,
        0.7734375
      ],
      "minPos": {
        "x": -27.5,
        "y": -31.5,
        "z": 0
      },
      "maxPos": {
        "x": 27.5,
        "y": 31.5,
        "z": 0
      }
    },
    "texture": "cd239ced-8e97-4f43-861c-1eb5f184940f@6c48a",
    "packable": true,
    "pixelsToUnit": 100,
    "pivot": {
      "x": 0.5,
      "y": 0.5
    },
    "meshType": 0
  }
}