{
  "__type__": "cc.SpriteFrame",
  "content": {
    "name": "TX_shengji1008",
    "atlas": "",
    "rect": {
      "x": 8,
      "y": 30,
      "width": 112,
      "height": 83
    },
    "offset": {
      "x": 0,
      "y": -7.5
    },
    "originalSize": {
      "width": 128,
      "height": 128
    },
    "rotated": false,
    "capInsets": [
      0,
      0,
      0,
      0
    ],
    "vertices": {
      "rawPosition": [
        -56,
        -41.5,
        0,
        56,
        -41.5,
        0,
        -56,
        41.5,
        0,
        56,
        41.5,
        0
      ],
      "indexes": [
        0,
        1,
        2,
        2,
        1,
        3
      ],
      "uv": [
        8,
        98,
        120,
        98,
        8,
        15,
        120,
        15
      ],
      "nuv": [
        0.0625,
        0.1171875,
        0.9375,
        0.1171875,
        0.0625,
        0.765625,
        0.9375,
        0.765625
      ],
      "minPos": {
        "x": -56,
        "y": -41.5,
        "z": 0
      },
      "maxPos": {
        "x": 56,
        "y": 41.5,
        "z": 0
      }
    },
    "texture": "6963cd6b-6547-47d4-9ec5-9b06c023ccc7@6c48a",
    "packable": true,
    "pixelsToUnit": 100,
    "pivot": {
      "x": 0.5,
      "y": 0.5
    },
    "meshType": 0
  }
}