{
  "__type__": "cc.SpriteFrame",
  "content": {
    "name": "UI_xuetiao02_lv",
    "atlas": "",
    "rect": {
      "x": 6,
      "y": 114,
      "width": 245,
      "height": 21
    },
    "offset": {
      "x": 0.5,
      "y": 3.5
    },
    "originalSize": {
      "width": 256,
      "height": 256
    },
    "rotated": false,
    "capInsets": [
      0,
      0,
      0,
      0
    ],
    "vertices": {
      "rawPosition": [
        -122.5,
        -10.5,
        0,
        122.5,
        -10.5,
        0,
        -122.5,
        10.5,
        0,
        122.5,
        10.5,
        0
      ],
      "indexes": [
        0,
        1,
        2,
        2,
        1,
        3
      ],
      "uv": [
        6,
        142,
        251,
        142,
        6,
        121,
        251,
        121
      ],
      "nuv": [
        0.0234375,
        0.47265625,
        0.98046875,
        0.47265625,
        0.0234375,
        0.5546875,
        0.98046875,
        0.5546875
      ],
      "minPos": {
        "x": -122.5,
        "y": -10.5,
        "z": 0
      },
      "maxPos": {
        "x": 122.5,
        "y": 10.5,
        "z": 0
      }
    },
    "texture": "bed8f9c9-63e5-4a26-93bf-c3a7264665b8@6c48a",
    "packable": true,
    "pixelsToUnit": 100,
    "pivot": {
      "x": 0.5,
      "y": 0.5
    },
    "meshType": 0
  }
}