{
  "__type__": "cc.SpriteFrame",
  "content": {
    "name": "UI_juma",
    "atlas": "",
    "rect": {
      "x": 10,
      "y": 23,
      "width": 241,
      "height": 210
    },
    "offset": {
      "x": 2.5,
      "y": 0
    },
    "originalSize": {
      "width": 256,
      "height": 256
    },
    "rotated": false,
    "capInsets": [
      0,
      0,
      0,
      0
    ],
    "vertices": {
      "rawPosition": [
        -120.5,
        -105,
        0,
        120.5,
        -105,
        0,
        -120.5,
        105,
        0,
        120.5,
        105,
        0
      ],
      "indexes": [
        0,
        1,
        2,
        2,
        1,
        3
      ],
      "uv": [
        10,
        233,
        251,
        233,
        10,
        23,
        251,
        23
      ],
      "nuv": [
        0.0390625,
        0.08984375,
        0.98046875,
        0.08984375,
        0.0390625,
        0.91015625,
        0.98046875,
        0.91015625
      ],
      "minPos": {
        "x": -120.5,
        "y": -105,
        "z": 0
      },
      "maxPos": {
        "x": 120.5,
        "y": 105,
        "z": 0
      }
    },
    "texture": "6aa68740-d930-4ed5-9057-6a285494ac42@6c48a",
    "packable": true,
    "pixelsToUnit": 100,
    "pivot": {
      "x": 0.5,
      "y": 0.5
    },
    "meshType": 0
  }
}