{
  "__type__": "cc.SpriteFrame",
  "content": {
    "name": "TX_Axuanfeng1010",
    "atlas": "",
    "rect": {
      "x": 49,
      "y": 47,
      "width": 151,
      "height": 166
    },
    "offset": {
      "x": -3.5,
      "y": -2
    },
    "originalSize": {
      "width": 256,
      "height": 256
    },
    "rotated": false,
    "capInsets": [
      0,
      0,
      0,
      0
    ],
    "vertices": {
      "rawPosition": [
        -75.5,
        -83,
        0,
        75.5,
        -83,
        0,
        -75.5,
        83,
        0,
        75.5,
        83,
        0
      ],
      "indexes": [
        0,
        1,
        2,
        2,
        1,
        3
      ],
      "uv": [
        49,
        209,
        200,
        209,
        49,
        43,
        200,
        43
      ],
      "nuv": [
        0.19140625,
        0.16796875,
        0.78125,
        0.16796875,
        0.19140625,
        0.81640625,
        0.78125,
        0.81640625
      ],
      "minPos": {
        "x": -75.5,
        "y": -83,
        "z": 0
      },
      "maxPos": {
        "x": 75.5,
        "y": 83,
        "z": 0
      }
    },
    "texture": "915e6872-d08e-4579-a45f-e9eabfab0d49@6c48a",
    "packable": true,
    "pixelsToUnit": 100,
    "pivot": {
      "x": 0.5,
      "y": 0.5
    },
    "meshType": 0
  }
}