{
  "__type__": "cc.SpriteFrame",
  "content": {
    "name": "TX_Axuanfeng1013",
    "atlas": "",
    "rect": {
      "x": 3,
      "y": 6,
      "width": 122,
      "height": 128
    },
    "offset": {
      "x": -1.5,
      "y": -1.5
    },
    "originalSize": {
      "width": 131,
      "height": 137
    },
    "rotated": false,
    "capInsets": [
      0,
      0,
      0,
      0
    ],
    "vertices": {
      "rawPosition": [
        -61,
        -64,
        0,
        61,
        -64,
        0,
        -61,
        64,
        0,
        61,
        64,
        0
      ],
      "indexes": [
        0,
        1,
        2,
        2,
        1,
        3
      ],
      "uv": [
        3,
        131,
        125,
        131,
        3,
        3,
        125,
        3
      ],
      "nuv": [
        0.022900763358778626,
        0.021897810218978103,
        0.9541984732824428,
        0.021897810218978103,
        0.022900763358778626,
        0.9562043795620438,
        0.9541984732824428,
        0.9562043795620438
      ],
      "minPos": {
        "x": -61,
        "y": -64,
        "z": 0
      },
      "maxPos": {
        "x": 61,
        "y": 64,
        "z": 0
      }
    },
    "texture": "91b8c35e-cb69-480c-b1a2-4634d61c0b83@6c48a",
    "packable": true,
    "pixelsToUnit": 100,
    "pivot": {
      "x": 0.5,
      "y": 0.5
    },
    "meshType": 0
  }
}