{
  "__type__": "cc.SpriteFrame",
  "content": {
    "name": "TX_Cdudan1012",
    "atlas": "",
    "rect": {
      "x": 11,
      "y": 6,
      "width": 119,
      "height": 116
    },
    "offset": {
      "x": 3,
      "y": -0.5
    },
    "originalSize": {
      "width": 135,
      "height": 127
    },
    "rotated": false,
    "capInsets": [
      0,
      0,
      0,
      0
    ],
    "vertices": {
      "rawPosition": [
        -59.5,
        -58,
        0,
        59.5,
        -58,
        0,
        -59.5,
        58,
        0,
        59.5,
        58,
        0
      ],
      "indexes": [
        0,
        1,
        2,
        2,
        1,
        3
      ],
      "uv": [
        11,
        121,
        130,
        121,
        11,
        5,
        130,
        5
      ],
      "nuv": [
        0.08148148148148149,
        0.03937007874015748,
        0.9629629629629629,
        0.03937007874015748,
        0.08148148148148149,
        0.952755905511811,
        0.9629629629629629,
        0.952755905511811
      ],
      "minPos": {
        "x": -59.5,
        "y": -58,
        "z": 0
      },
      "maxPos": {
        "x": 59.5,
        "y": 58,
        "z": 0
      }
    },
    "texture": "027e90b6-f47c-4c44-8eb4-efc69ef7803d@6c48a",
    "packable": true,
    "pixelsToUnit": 100,
    "pivot": {
      "x": 0.5,
      "y": 0.5
    },
    "meshType": 0
  }
}