{
  "__type__": "cc.SpriteFrame",
  "content": {
    "name": "TX_Cdudan1001",
    "atlas": "",
    "rect": {
      "x": 23,
      "y": 39,
      "width": 97,
      "height": 85
    },
    "offset": {
      "x": 4,
      "y": -18
    },
    "originalSize": {
      "width": 135,
      "height": 127
    },
    "rotated": false,
    "capInsets": [
      0,
      0,
      0,
      0
    ],
    "vertices": {
      "rawPosition": [
        -48.5,
        -42.5,
        0,
        48.5,
        -42.5,
        0,
        -48.5,
        42.5,
        0,
        48.5,
        42.5,
        0
      ],
      "indexes": [
        0,
        1,
        2,
        2,
        1,
        3
      ],
      "uv": [
        23,
        88,
        120,
        88,
        23,
        3,
        120,
        3
      ],
      "nuv": [
        0.17037037037037037,
        0.023622047244094488,
        0.8888888888888888,
        0.023622047244094488,
        0.17037037037037037,
        0.6929133858267716,
        0.8888888888888888,
        0.6929133858267716
      ],
      "minPos": {
        "x": -48.5,
        "y": -42.5,
        "z": 0
      },
      "maxPos": {
        "x": 48.5,
        "y": 42.5,
        "z": 0
      }
    },
    "texture": "a31d021b-332b-4460-809a-3bbbf15a7703@6c48a",
    "packable": true,
    "pixelsToUnit": 100,
    "pivot": {
      "x": 0.5,
      "y": 0.5
    },
    "meshType": 0
  }
}