{
  "__type__": "cc.Skeleton",
  "_name": "Skin-1",
  "_objFlags": 0,
  "__editorExtras__": {},
  "_native": "",
  "_joints": [
    "Root/Bip001/Bip001 Pelvis/Bip001 Spine/Bip001 Spine1/Bip001 Neck/Bip001 R Clavicle/Bip001 R UpperArm/Bip001 R Forearm/Bip001 R Hand/wuqi"
  ],
  "_bindposes": [
    {
      "__type__": "cc.Mat4",
      "m00": 0.9999997615814209,
      "m01": 1.117586450050112e-7,
      "m02": 1.1920926823449918e-7,
      "m03": 0,
      "m04": -1.1920922560193503e-7,
      "m05": -2.523275952626136e-7,
      "m06": 0.9999998807907104,
      "m07": 0,
      "m08": 1.1175865921586592e-7,
      "m09": -0.9999998807907104,
      "m10": -2.523275668409042e-7,
      "m11": 0,
      "m12": 5.329068082981028e-16,
      "m13": -4.76837103136063e-9,
      "m14": -8.526510520956421e-16,
      "m15": 1
    }
  ],
  "_hash": 787971996
}