{
  "__type__": "cc.SpriteFrame",
  "content": {
    "name": "TX_hitA03",
    "atlas": "",
    "rect": {
      "x": 22,
      "y": 10,
      "width": 98,
      "height": 100
    },
    "offset": {
      "x": 7,
      "y": 4
    },
    "originalSize": {
      "width": 128,
      "height": 128
    },
    "rotated": false,
    "capInsets": [
      0,
      0,
      0,
      0
    ],
    "vertices": {
      "rawPosition": [
        -49,
        -50,
        0,
        49,
        -50,
        0,
        -49,
        50,
        0,
        49,
        50,
        0
      ],
      "indexes": [
        0,
        1,
        2,
        2,
        1,
        3
      ],
      "uv": [
        22,
        118,
        120,
        118,
        22,
        18,
        120,
        18
      ],
      "nuv": [
        0.171875,
        0.140625,
        0.9375,
        0.140625,
        0.171875,
        0.921875,
        0.9375,
        0.921875
      ],
      "minPos": {
        "x": -49,
        "y": -50,
        "z": 0
      },
      "maxPos": {
        "x": 49,
        "y": 50,
        "z": 0
      }
    },
    "texture": "0042cdef-2558-4838-b313-76db1ec37b87@6c48a",
    "packable": true,
    "pixelsToUnit": 100,
    "pivot": {
      "x": 0.5,
      "y": 0.5
    },
    "meshType": 0
  }
}