{
  "__type__": "cc.SpriteFrame",
  "content": {
    "name": "TLmantis_R_1001",
    "atlas": "",
    "rect": {
      "x": 28,
      "y": 40,
      "width": 62,
      "height": 43
    },
    "offset": {
      "x": -5,
      "y": 2.5
    },
    "originalSize": {
      "width": 128,
      "height": 128
    },
    "rotated": false,
    "capInsets": [
      0,
      0,
      0,
      0
    ],
    "vertices": {
      "rawPosition": [
        -31,
        -21.5,
        0,
        31,
        -21.5,
        0,
        -31,
        21.5,
        0,
        31,
        21.5,
        0
      ],
      "indexes": [
        0,
        1,
        2,
        2,
        1,
        3
      ],
      "uv": [
        28,
        88,
        90,
        88,
        28,
        45,
        90,
        45
      ],
      "nuv": [
        0.21875,
        0.3515625,
        0.703125,
        0.3515625,
        0.21875,
        0.6875,
        0.703125,
        0.6875
      ],
      "minPos": {
        "x": -31,
        "y": -21.5,
        "z": 0
      },
      "maxPos": {
        "x": 31,
        "y": 21.5,
        "z": 0
      }
    },
    "texture": "00926fa2-dc5d-4ea9-872d-177a2c654c92@6c48a",
    "packable": true,
    "pixelsToUnit": 100,
    "pivot": {
      "x": 0.5,
      "y": 0.5
    },
    "meshType": 0
  }
}