{
  "__type__": "cc.SpriteFrame",
  "content": {
    "name": "TX_Dbingjian1034",
    "atlas": "",
    "rect": {
      "x": 109,
      "y": 115,
      "width": 77,
      "height": 105
    },
    "offset": {
      "x": 19.5,
      "y": -39.5
    },
    "originalSize": {
      "width": 256,
      "height": 256
    },
    "rotated": false,
    "capInsets": [
      0,
      0,
      0,
      0
    ],
    "vertices": {
      "rawPosition": [
        -38.5,
        -52.5,
        0,
        38.5,
        -52.5,
        0,
        -38.5,
        52.5,
        0,
        38.5,
        52.5,
        0
      ],
      "indexes": [
        0,
        1,
        2,
        2,
        1,
        3
      ],
      "uv": [
        109,
        141,
        186,
        141,
        109,
        36,
        186,
        36
      ],
      "nuv": [
        0.42578125,
        0.140625,
        0.7265625,
        0.140625,
        0.42578125,
        0.55078125,
        0.7265625,
        0.55078125
      ],
      "minPos": {
        "x": -38.5,
        "y": -52.5,
        "z": 0
      },
      "maxPos": {
        "x": 38.5,
        "y": 52.5,
        "z": 0
      }
    },
    "texture": "7ff5e679-8865-42a7-b5da-9dfd2abbddeb@6c48a",
    "packable": true,
    "pixelsToUnit": 100,
    "pivot": {
      "x": 0.5,
      "y": 0.5
    },
    "meshType": 0
  }
}