{
  "__type__": "cc.SpriteFrame",
  "content": {
    "name": "JCbeetle_R_1016",
    "atlas": "",
    "rect": {
      "x": 35,
      "y": 38,
      "width": 91,
      "height": 57
    },
    "offset": {
      "x": 16.5,
      "y": -2.5
    },
    "originalSize": {
      "width": 128,
      "height": 128
    },
    "rotated": false,
    "capInsets": [
      0,
      0,
      0,
      0
    ],
    "vertices": {
      "rawPosition": [
        -45.5,
        -28.5,
        0,
        45.5,
        -28.5,
        0,
        -45.5,
        28.5,
        0,
        45.5,
        28.5,
        0
      ],
      "indexes": [
        0,
        1,
        2,
        2,
        1,
        3
      ],
      "uv": [
        35,
        90,
        126,
        90,
        35,
        33,
        126,
        33
      ],
      "nuv": [
        0.2734375,
        0.2578125,
        0.984375,
        0.2578125,
        0.2734375,
        0.703125,
        0.984375,
        0.703125
      ],
      "minPos": {
        "x": -45.5,
        "y": -28.5,
        "z": 0
      },
      "maxPos": {
        "x": 45.5,
        "y": 28.5,
        "z": 0
      }
    },
    "texture": "596febda-7fbf-4cb5-be27-43392d7cbc86@6c48a",
    "packable": true,
    "pixelsToUnit": 100,
    "pivot": {
      "x": 0.5,
      "y": 0.5
    },
    "meshType": 0
  }
}