{
  "__type__": "cc.SpriteFrame",
  "content": {
    "name": "TX_Eshandian1010",
    "atlas": "",
    "rect": {
      "x": 0,
      "y": 21,
      "width": 67,
      "height": 98
    },
    "offset": {
      "x": 0,
      "y": -10
    },
    "originalSize": {
      "width": 67,
      "height": 120
    },
    "rotated": false,
    "capInsets": [
      0,
      0,
      0,
      0
    ],
    "vertices": {
      "rawPosition": [
        -33.5,
        -49,
        0,
        33.5,
        -49,
        0,
        -33.5,
        49,
        0,
        33.5,
        49,
        0
      ],
      "indexes": [
        0,
        1,
        2,
        2,
        1,
        3
      ],
      "uv": [
        0,
        99,
        67,
        99,
        0,
        1,
        67,
        1
      ],
      "nuv": [
        0,
        0.008333333333333333,
        1,
        0.008333333333333333,
        0,
        0.825,
        1,
        0.825
      ],
      "minPos": {
        "x": -33.5,
        "y": -49,
        "z": 0
      },
      "maxPos": {
        "x": 33.5,
        "y": 49,
        "z": 0
      }
    },
    "texture": "1f7b1642-4865-4c4a-9533-6d01c8c1890a@6c48a",
    "packable": true,
    "pixelsToUnit": 100,
    "pivot": {
      "x": 0.5,
      "y": 0.5
    },
    "meshType": 0
  }
}