{
  "__type__": "cc.SpriteFrame",
  "content": {
    "name": "bomb_00117",
    "atlas": "",
    "rect": {
      "x": 114,
      "y": 137,
      "width": 573,
      "height": 419
    },
    "offset": {
      "x": 0.5,
      "y": 53.5
    },
    "originalSize": {
      "width": 800,
      "height": 800
    },
    "rotated": false,
    "capInsets": [
      0,
      0,
      0,
      0
    ],
    "vertices": {
      "rawPosition": [
        -286.5,
        -209.5,
        0,
        286.5,
        -209.5,
        0,
        -286.5,
        209.5,
        0,
        286.5,
        209.5,
        0
      ],
      "indexes": [
        0,
        1,
        2,
        2,
        1,
        3
      ],
      "uv": [
        114,
        663,
        687,
        663,
        114,
        244,
        687,
        244
      ],
      "nuv": [
        0.1425,
        0.305,
        0.85875,
        0.305,
        0.1425,
        0.82875,
        0.85875,
        0.82875
      ],
      "minPos": {
        "x": -286.5,
        "y": -209.5,
        "z": 0
      },
      "maxPos": {
        "x": 286.5,
        "y": 209.5,
        "z": 0
      }
    },
    "texture": "ed05df0a-12d8-48bd-8434-c35cc5dd53bd@6c48a",
    "packable": true,
    "pixelsToUnit": 100,
    "pivot": {
      "x": 0.5,
      "y": 0.5
    },
    "meshType": 0
  }
}