{
  "__type__": "cc.SpriteFrame",
  "content": {
    "name": "UI_SSD_logo",
    "atlas": "",
    "rect": {
      "x": 4,
      "y": 2,
      "width": 252,
      "height": 100
    },
    "offset": {
      "x": 0,
      "y": 0
    },
    "originalSize": {
      "width": 260,
      "height": 104
    },
    "rotated": false,
    "capInsets": [
      0,
      0,
      0,
      0
    ],
    "vertices": {
      "rawPosition": [
        -126,
        -50,
        0,
        126,
        -50,
        0,
        -126,
        50,
        0,
        126,
        50,
        0
      ],
      "indexes": [
        0,
        1,
        2,
        2,
        1,
        3
      ],
      "uv": [
        4,
        102,
        256,
        102,
        4,
        2,
        256,
        2
      ],
      "nuv": [
        0.015384615384615385,
        0.019230769230769232,
        0.9846153846153847,
        0.019230769230769232,
        0.015384615384615385,
        0.9807692307692307,
        0.9846153846153847,
        0.9807692307692307
      ],
      "minPos": {
        "x": -126,
        "y": -50,
        "z": 0
      },
      "maxPos": {
        "x": 126,
        "y": 50,
        "z": 0
      }
    },
    "texture": "631ca744-ad3c-4357-b90a-356c673a248f@6c48a",
    "packable": true,
    "pixelsToUnit": 100,
    "pivot": {
      "x": 0.5,
      "y": 0.5
    },
    "meshType": 0
  }
}