{
  "__type__": "cc.SpriteFrame",
  "content": {
    "name": "TX_Eshandian1019",
    "atlas": "",
    "rect": {
      "x": 98,
      "y": 125,
      "width": 104,
      "height": 59
    },
    "offset": {
      "x": 22,
      "y": -26.5
    },
    "originalSize": {
      "width": 256,
      "height": 256
    },
    "rotated": false,
    "capInsets": [
      0,
      0,
      0,
      0
    ],
    "vertices": {
      "rawPosition": [
        -52,
        -29.5,
        0,
        52,
        -29.5,
        0,
        -52,
        29.5,
        0,
        52,
        29.5,
        0
      ],
      "indexes": [
        0,
        1,
        2,
        2,
        1,
        3
      ],
      "uv": [
        98,
        131,
        202,
        131,
        98,
        72,
        202,
        72
      ],
      "nuv": [
        0.3828125,
        0.28125,
        0.7890625,
        0.28125,
        0.3828125,
        0.51171875,
        0.7890625,
        0.51171875
      ],
      "minPos": {
        "x": -52,
        "y": -29.5,
        "z": 0
      },
      "maxPos": {
        "x": 52,
        "y": 29.5,
        "z": 0
      }
    },
    "texture": "71f1ef5b-874a-47b4-9b08-3a51acff1fa4@6c48a",
    "packable": true,
    "pixelsToUnit": 100,
    "pivot": {
      "x": 0.5,
      "y": 0.5
    },
    "meshType": 0
  }
}