{
  "__type__": "cc.SpriteFrame",
  "content": {
    "name": "TX_hitC04",
    "atlas": "",
    "rect": {
      "x": 37,
      "y": 25,
      "width": 45,
      "height": 59
    },
    "offset": {
      "x": -4.5,
      "y": 9.5
    },
    "originalSize": {
      "width": 128,
      "height": 128
    },
    "rotated": false,
    "capInsets": [
      0,
      0,
      0,
      0
    ],
    "vertices": {
      "rawPosition": [
        -22.5,
        -29.5,
        0,
        22.5,
        -29.5,
        0,
        -22.5,
        29.5,
        0,
        22.5,
        29.5,
        0
      ],
      "indexes": [
        0,
        1,
        2,
        2,
        1,
        3
      ],
      "uv": [
        37,
        103,
        82,
        103,
        37,
        44,
        82,
        44
      ],
      "nuv": [
        0.2890625,
        0.34375,
        0.640625,
        0.34375,
        0.2890625,
        0.8046875,
        0.640625,
        0.8046875
      ],
      "minPos": {
        "x": -22.5,
        "y": -29.5,
        "z": 0
      },
      "maxPos": {
        "x": 22.5,
        "y": 29.5,
        "z": 0
      }
    },
    "texture": "2e128fb0-fd34-4cb7-b938-748a26fc753d@6c48a",
    "packable": true,
    "pixelsToUnit": 100,
    "pivot": {
      "x": 0.5,
      "y": 0.5
    },
    "meshType": 0
  }
}