{
  "__type__": "cc.SpriteFrame",
  "content": {
    "name": "TX_Bhuoyan1016",
    "atlas": "",
    "rect": {
      "x": 24,
      "y": 68,
      "width": 209,
      "height": 117
    },
    "offset": {
      "x": 0.5,
      "y": 1.5
    },
    "originalSize": {
      "width": 256,
      "height": 256
    },
    "rotated": false,
    "capInsets": [
      0,
      0,
      0,
      0
    ],
    "vertices": {
      "rawPosition": [
        -104.5,
        -58.5,
        0,
        104.5,
        -58.5,
        0,
        -104.5,
        58.5,
        0,
        104.5,
        58.5,
        0
      ],
      "indexes": [
        0,
        1,
        2,
        2,
        1,
        3
      ],
      "uv": [
        24,
        188,
        233,
        188,
        24,
        71,
        233,
        71
      ],
      "nuv": [
        0.09375,
        0.27734375,
        0.91015625,
        0.27734375,
        0.09375,
        0.734375,
        0.91015625,
        0.734375
      ],
      "minPos": {
        "x": -104.5,
        "y": -58.5,
        "z": 0
      },
      "maxPos": {
        "x": 104.5,
        "y": 58.5,
        "z": 0
      }
    },
    "texture": "2ee401da-eb97-4ef6-a654-2ae87e99046b@6c48a",
    "packable": true,
    "pixelsToUnit": 100,
    "pivot": {
      "x": 0.5,
      "y": 0.5
    },
    "meshType": 0
  }
}