{
  "__type__": "cc.SpriteFrame",
  "content": {
    "name": "TX_Axuanfeng1028",
    "atlas": "",
    "rect": {
      "x": 49,
      "y": 74,
      "width": 162,
      "height": 133
    },
    "offset": {
      "x": 2,
      "y": -12.5
    },
    "originalSize": {
      "width": 256,
      "height": 256
    },
    "rotated": false,
    "capInsets": [
      0,
      0,
      0,
      0
    ],
    "vertices": {
      "rawPosition": [
        -81,
        -66.5,
        0,
        81,
        -66.5,
        0,
        -81,
        66.5,
        0,
        81,
        66.5,
        0
      ],
      "indexes": [
        0,
        1,
        2,
        2,
        1,
        3
      ],
      "uv": [
        49,
        182,
        211,
        182,
        49,
        49,
        211,
        49
      ],
      "nuv": [
        0.19140625,
        0.19140625,
        0.82421875,
        0.19140625,
        0.19140625,
        0.7109375,
        0.82421875,
        0.7109375
      ],
      "minPos": {
        "x": -81,
        "y": -66.5,
        "z": 0
      },
      "maxPos": {
        "x": 81,
        "y": 66.5,
        "z": 0
      }
    },
    "texture": "b12e72bc-69d8-40d4-b7a3-db8d89bf11f3@6c48a",
    "packable": true,
    "pixelsToUnit": 100,
    "pivot": {
      "x": 0.5,
      "y": 0.5
    },
    "meshType": 0
  }
}