{
  "__type__": "cc.SpriteFrame",
  "content": {
    "name": "JCZSbeetlewarrior_R_1001",
    "atlas": "",
    "rect": {
      "x": 36,
      "y": 28,
      "width": 82,
      "height": 74
    },
    "offset": {
      "x": 13,
      "y": -1
    },
    "originalSize": {
      "width": 128,
      "height": 128
    },
    "rotated": false,
    "capInsets": [
      0,
      0,
      0,
      0
    ],
    "vertices": {
      "rawPosition": [
        -41,
        -37,
        0,
        41,
        -37,
        0,
        -41,
        37,
        0,
        41,
        37,
        0
      ],
      "indexes": [
        0,
        1,
        2,
        2,
        1,
        3
      ],
      "uv": [
        36,
        100,
        118,
        100,
        36,
        26,
        118,
        26
      ],
      "nuv": [
        0.28125,
        0.203125,
        0.921875,
        0.203125,
        0.28125,
        0.78125,
        0.921875,
        0.78125
      ],
      "minPos": {
        "x": -41,
        "y": -37,
        "z": 0
      },
      "maxPos": {
        "x": 41,
        "y": 37,
        "z": 0
      }
    },
    "texture": "0a02fce5-dbb1-4632-9e2c-42e6fc2112e6@6c48a",
    "packable": true,
    "pixelsToUnit": 100,
    "pivot": {
      "x": 0.5,
      "y": 0.5
    },
    "meshType": 0
  }
}