{
  "__type__": "cc.SpriteFrame",
  "content": {
    "name": "TX_huoyan1005",
    "atlas": "",
    "rect": {
      "x": 18,
      "y": 6,
      "width": 81,
      "height": 195
    },
    "offset": {
      "x": -1.5,
      "y": 2
    },
    "originalSize": {
      "width": 120,
      "height": 211
    },
    "rotated": false,
    "capInsets": [
      0,
      0,
      0,
      0
    ],
    "vertices": {
      "rawPosition": [
        -40.5,
        -97.5,
        0,
        40.5,
        -97.5,
        0,
        -40.5,
        97.5,
        0,
        40.5,
        97.5,
        0
      ],
      "indexes": [
        0,
        1,
        2,
        2,
        1,
        3
      ],
      "uv": [
        18,
        205,
        99,
        205,
        18,
        10,
        99,
        10
      ],
      "nuv": [
        0.15,
        0.04739336492890995,
        0.825,
        0.04739336492890995,
        0.15,
        0.9715639810426541,
        0.825,
        0.9715639810426541
      ],
      "minPos": {
        "x": -40.5,
        "y": -97.5,
        "z": 0
      },
      "maxPos": {
        "x": 40.5,
        "y": 97.5,
        "z": 0
      }
    },
    "texture": "33f5f0c7-f512-4e19-9aae-66e4aa536777@6c48a",
    "packable": true,
    "pixelsToUnit": 100,
    "pivot": {
      "x": 0.5,
      "y": 0.5
    },
    "meshType": 0
  }
}