{
  "__type__": "cc.SpriteFrame",
  "content": {
    "name": "XZmetalscorpion_L_1010",
    "atlas": "",
    "rect": {
      "x": 34,
      "y": 31,
      "width": 64,
      "height": 58
    },
    "offset": {
      "x": 2,
      "y": 4
    },
    "originalSize": {
      "width": 128,
      "height": 128
    },
    "rotated": false,
    "capInsets": [
      0,
      0,
      0,
      0
    ],
    "vertices": {
      "rawPosition": [
        -32,
        -29,
        0,
        32,
        -29,
        0,
        -32,
        29,
        0,
        32,
        29,
        0
      ],
      "indexes": [
        0,
        1,
        2,
        2,
        1,
        3
      ],
      "uv": [
        34,
        97,
        98,
        97,
        34,
        39,
        98,
        39
      ],
      "nuv": [
        0.265625,
        0.3046875,
        0.765625,
        0.3046875,
        0.265625,
        0.7578125,
        0.765625,
        0.7578125
      ],
      "minPos": {
        "x": -32,
        "y": -29,
        "z": 0
      },
      "maxPos": {
        "x": 32,
        "y": 29,
        "z": 0
      }
    },
    "texture": "b6aa4720-240a-44ce-8e32-208f89125bc8@6c48a",
    "packable": true,
    "pixelsToUnit": 100,
    "pivot": {
      "x": 0.5,
      "y": 0.5
    },
    "meshType": 0
  }
}