{
  "__type__": "cc.SpriteFrame",
  "content": {
    "name": "UI_jinbi",
    "atlas": "",
    "rect": {
      "x": 17,
      "y": 14,
      "width": 89,
      "height": 94
    },
    "offset": {
      "x": -2.5,
      "y": 3
    },
    "originalSize": {
      "width": 128,
      "height": 128
    },
    "rotated": false,
    "capInsets": [
      0,
      0,
      0,
      0
    ],
    "vertices": {
      "rawPosition": [
        -44.5,
        -47,
        0,
        44.5,
        -47,
        0,
        -44.5,
        47,
        0,
        44.5,
        47,
        0
      ],
      "indexes": [
        0,
        1,
        2,
        2,
        1,
        3
      ],
      "uv": [
        17,
        114,
        106,
        114,
        17,
        20,
        106,
        20
      ],
      "nuv": [
        0.1328125,
        0.15625,
        0.828125,
        0.15625,
        0.1328125,
        0.890625,
        0.828125,
        0.890625
      ],
      "minPos": {
        "x": -44.5,
        "y": -47,
        "z": 0
      },
      "maxPos": {
        "x": 44.5,
        "y": 47,
        "z": 0
      }
    },
    "texture": "617ebc6f-2e26-41f1-8b4b-5a4d9a7b2e68@6c48a",
    "packable": true,
    "pixelsToUnit": 100,
    "pivot": {
      "x": 0.5,
      "y": 0.5
    },
    "meshType": 0
  }
}