{
  "__type__": "cc.SpriteFrame",
  "content": {
    "name": "TX_dianliuWQ1006",
    "atlas": "",
    "rect": {
      "x": 17,
      "y": 38,
      "width": 96,
      "height": 54
    },
    "offset": {
      "x": 1,
      "y": -1
    },
    "originalSize": {
      "width": 128,
      "height": 128
    },
    "rotated": false,
    "capInsets": [
      0,
      0,
      0,
      0
    ],
    "vertices": {
      "rawPosition": [
        -48,
        -27,
        0,
        48,
        -27,
        0,
        -48,
        27,
        0,
        48,
        27,
        0
      ],
      "indexes": [
        0,
        1,
        2,
        2,
        1,
        3
      ],
      "uv": [
        17,
        90,
        113,
        90,
        17,
        36,
        113,
        36
      ],
      "nuv": [
        0.1328125,
        0.28125,
        0.8828125,
        0.28125,
        0.1328125,
        0.703125,
        0.8828125,
        0.703125
      ],
      "minPos": {
        "x": -48,
        "y": -27,
        "z": 0
      },
      "maxPos": {
        "x": 48,
        "y": 27,
        "z": 0
      }
    },
    "texture": "0578978c-9c90-49ee-bdfe-a52111d0d8dc@6c48a",
    "packable": true,
    "pixelsToUnit": 100,
    "pivot": {
      "x": 0.5,
      "y": 0.5
    },
    "meshType": 0
  }
}