{
  "__type__": "cc.SpriteFrame",
  "content": {
    "name": "UI_cardA",
    "atlas": "",
    "rect": {
      "x": 3,
      "y": 2,
      "width": 122,
      "height": 186
    },
    "offset": {
      "x": 0,
      "y": -0.5
    },
    "originalSize": {
      "width": 128,
      "height": 189
    },
    "rotated": false,
    "capInsets": [
      0,
      0,
      0,
      0
    ],
    "vertices": {
      "rawPosition": [
        -61,
        -93,
        0,
        61,
        -93,
        0,
        -61,
        93,
        0,
        61,
        93,
        0
      ],
      "indexes": [
        0,
        1,
        2,
        2,
        1,
        3
      ],
      "uv": [
        3,
        187,
        125,
        187,
        3,
        1,
        125,
        1
      ],
      "nuv": [
        0.0234375,
        0.005291005291005291,
        0.9765625,
        0.005291005291005291,
        0.0234375,
        0.9894179894179894,
        0.9765625,
        0.9894179894179894
      ],
      "minPos": {
        "x": -61,
        "y": -93,
        "z": 0
      },
      "maxPos": {
        "x": 61,
        "y": 93,
        "z": 0
      }
    },
    "texture": "1ccdd1fb-1f36-4cee-b3d2-87dd4005900c@6c48a",
    "packable": true,
    "pixelsToUnit": 100,
    "pivot": {
      "x": 0.5,
      "y": 0.5
    },
    "meshType": 0
  }
}