{
  "__type__": "cc.SpriteFrame",
  "content": {
    "name": "TX_Dbingjian1031",
    "atlas": "",
    "rect": {
      "x": 22,
      "y": 53,
      "width": 66,
      "height": 85
    },
    "offset": {
      "x": 5,
      "y": -20.5
    },
    "originalSize": {
      "width": 100,
      "height": 150
    },
    "rotated": false,
    "capInsets": [
      0,
      0,
      0,
      0
    ],
    "vertices": {
      "rawPosition": [
        -33,
        -42.5,
        0,
        33,
        -42.5,
        0,
        -33,
        42.5,
        0,
        33,
        42.5,
        0
      ],
      "indexes": [
        0,
        1,
        2,
        2,
        1,
        3
      ],
      "uv": [
        22,
        97,
        88,
        97,
        22,
        12,
        88,
        12
      ],
      "nuv": [
        0.22,
        0.08,
        0.88,
        0.08,
        0.22,
        0.6466666666666666,
        0.88,
        0.6466666666666666
      ],
      "minPos": {
        "x": -33,
        "y": -42.5,
        "z": 0
      },
      "maxPos": {
        "x": 33,
        "y": 42.5,
        "z": 0
      }
    },
    "texture": "233de165-cdd2-46f5-b951-820c268c3cc7@6c48a",
    "packable": true,
    "pixelsToUnit": 100,
    "pivot": {
      "x": 0.5,
      "y": 0.5
    },
    "meshType": 0
  }
}