{
  "__type__": "cc.SpriteFrame",
  "content": {
    "name": "TX_huoyan1004",
    "atlas": "",
    "rect": {
      "x": 18,
      "y": 0,
      "width": 86,
      "height": 202
    },
    "offset": {
      "x": 1,
      "y": 4.5
    },
    "originalSize": {
      "width": 120,
      "height": 211
    },
    "rotated": false,
    "capInsets": [
      0,
      0,
      0,
      0
    ],
    "vertices": {
      "rawPosition": [
        -43,
        -101,
        0,
        43,
        -101,
        0,
        -43,
        101,
        0,
        43,
        101,
        0
      ],
      "indexes": [
        0,
        1,
        2,
        2,
        1,
        3
      ],
      "uv": [
        18,
        211,
        104,
        211,
        18,
        9,
        104,
        9
      ],
      "nuv": [
        0.15,
        0.04265402843601896,
        0.8666666666666667,
        0.04265402843601896,
        0.15,
        1,
        0.8666666666666667,
        1
      ],
      "minPos": {
        "x": -43,
        "y": -101,
        "z": 0
      },
      "maxPos": {
        "x": 43,
        "y": 101,
        "z": 0
      }
    },
    "texture": "3cc9ec6e-5da2-4b49-bf19-a07063a58f8e@6c48a",
    "packable": true,
    "pixelsToUnit": 100,
    "pivot": {
      "x": 0.5,
      "y": 0.5
    },
    "meshType": 0
  }
}