{
  "__type__": "cc.SpriteFrame",
  "content": {
    "name": "TX_dianliuWQ1005",
    "atlas": "",
    "rect": {
      "x": 17,
      "y": 39,
      "width": 95,
      "height": 53
    },
    "offset": {
      "x": 0.5,
      "y": -1.5
    },
    "originalSize": {
      "width": 128,
      "height": 128
    },
    "rotated": false,
    "capInsets": [
      0,
      0,
      0,
      0
    ],
    "vertices": {
      "rawPosition": [
        -47.5,
        -26.5,
        0,
        47.5,
        -26.5,
        0,
        -47.5,
        26.5,
        0,
        47.5,
        26.5,
        0
      ],
      "indexes": [
        0,
        1,
        2,
        2,
        1,
        3
      ],
      "uv": [
        17,
        89,
        112,
        89,
        17,
        36,
        112,
        36
      ],
      "nuv": [
        0.1328125,
        0.28125,
        0.875,
        0.28125,
        0.1328125,
        0.6953125,
        0.875,
        0.6953125
      ],
      "minPos": {
        "x": -47.5,
        "y": -26.5,
        "z": 0
      },
      "maxPos": {
        "x": 47.5,
        "y": 26.5,
        "z": 0
      }
    },
    "texture": "906aefaf-7ac6-4688-8387-70e50945abc3@6c48a",
    "packable": true,
    "pixelsToUnit": 100,
    "pivot": {
      "x": 0.5,
      "y": 0.5
    },
    "meshType": 0
  }
}