{
  "__type__": "cc.SpriteFrame",
  "content": {
    "name": "TX_shengjiLZ1007",
    "atlas": "",
    "rect": {
      "x": 35,
      "y": 21,
      "width": 64,
      "height": 84
    },
    "offset": {
      "x": 3,
      "y": 1
    },
    "originalSize": {
      "width": 128,
      "height": 128
    },
    "rotated": false,
    "capInsets": [
      0,
      0,
      0,
      0
    ],
    "vertices": {
      "rawPosition": [
        -32,
        -42,
        0,
        32,
        -42,
        0,
        -32,
        42,
        0,
        32,
        42,
        0
      ],
      "indexes": [
        0,
        1,
        2,
        2,
        1,
        3
      ],
      "uv": [
        35,
        107,
        99,
        107,
        35,
        23,
        99,
        23
      ],
      "nuv": [
        0.2734375,
        0.1796875,
        0.7734375,
        0.1796875,
        0.2734375,
        0.8359375,
        0.7734375,
        0.8359375
      ],
      "minPos": {
        "x": -32,
        "y": -42,
        "z": 0
      },
      "maxPos": {
        "x": 32,
        "y": 42,
        "z": 0
      }
    },
    "texture": "90747169-c29b-4732-b6a8-d6b4974ee63a@6c48a",
    "packable": true,
    "pixelsToUnit": 100,
    "pivot": {
      "x": 0.5,
      "y": 0.5
    },
    "meshType": 0
  }
}