{
  "__type__": "cc.SpriteFrame",
  "content": {
    "name": "UI_SSD_logo_hanwen",
    "atlas": "",
    "rect": {
      "x": 12,
      "y": 5,
      "width": 232,
      "height": 118
    },
    "offset": {
      "x": 0,
      "y": 0
    },
    "originalSize": {
      "width": 256,
      "height": 128
    },
    "rotated": false,
    "capInsets": [
      0,
      0,
      0,
      0
    ],
    "vertices": {
      "rawPosition": [
        -116,
        -59,
        0,
        116,
        -59,
        0,
        -116,
        59,
        0,
        116,
        59,
        0
      ],
      "indexes": [
        0,
        1,
        2,
        2,
        1,
        3
      ],
      "uv": [
        12,
        123,
        244,
        123,
        12,
        5,
        244,
        5
      ],
      "nuv": [
        0.046875,
        0.0390625,
        0.953125,
        0.0390625,
        0.046875,
        0.9609375,
        0.953125,
        0.9609375
      ],
      "minPos": {
        "x": -116,
        "y": -59,
        "z": 0
      },
      "maxPos": {
        "x": 116,
        "y": 59,
        "z": 0
      }
    },
    "texture": "a1c94e7d-c887-4e04-b935-cbcc9330d9dc@6c48a",
    "packable": true,
    "pixelsToUnit": 100,
    "pivot": {
      "x": 0.5,
      "y": 0.5
    },
    "meshType": 0
  }
}