{
  "__type__": "cc.SpriteFrame",
  "content": {
    "name": "Move01",
    "atlas": "",
    "rect": {
      "x": 8,
      "y": 8,
      "width": 497,
      "height": 497
    },
    "offset": {
      "x": 0.5,
      "y": -0.5
    },
    "originalSize": {
      "width": 512,
      "height": 512
    },
    "rotated": false,
    "capInsets": [
      0,
      0,
      0,
      0
    ],
    "vertices": {
      "rawPosition": [
        -248.5,
        -248.5,
        0,
        248.5,
        -248.5,
        0,
        -248.5,
        248.5,
        0,
        248.5,
        248.5,
        0
      ],
      "indexes": [
        0,
        1,
        2,
        2,
        1,
        3
      ],
      "uv": [
        8,
        504,
        505,
        504,
        8,
        7,
        505,
        7
      ],
      "nuv": [
        0.015625,
        0.013671875,
        0.986328125,
        0.013671875,
        0.015625,
        0.984375,
        0.986328125,
        0.984375
      ],
      "minPos": {
        "x": -248.5,
        "y": -248.5,
        "z": 0
      },
      "maxPos": {
        "x": 248.5,
        "y": 248.5,
        "z": 0
      }
    },
    "texture": "e41e9cba-f245-4b64-8e91-8e5e54b739dd@6c48a",
    "packable": true,
    "pixelsToUnit": 100,
    "pivot": {
      "x": 0.5,
      "y": 0.5
    },
    "meshType": 0
  }
}