{
  "__type__": "cc.SpriteFrame",
  "content": {
    "name": "TX_Cdudan1005",
    "atlas": "",
    "rect": {
      "x": 16,
      "y": 4,
      "width": 110,
      "height": 117
    },
    "offset": {
      "x": 3.5,
      "y": 1
    },
    "originalSize": {
      "width": 135,
      "height": 127
    },
    "rotated": false,
    "capInsets": [
      0,
      0,
      0,
      0
    ],
    "vertices": {
      "rawPosition": [
        -55,
        -58.5,
        0,
        55,
        -58.5,
        0,
        -55,
        58.5,
        0,
        55,
        58.5,
        0
      ],
      "indexes": [
        0,
        1,
        2,
        2,
        1,
        3
      ],
      "uv": [
        16,
        123,
        126,
        123,
        16,
        6,
        126,
        6
      ],
      "nuv": [
        0.11851851851851852,
        0.047244094488188976,
        0.9333333333333333,
        0.047244094488188976,
        0.11851851851851852,
        0.968503937007874,
        0.9333333333333333,
        0.968503937007874
      ],
      "minPos": {
        "x": -55,
        "y": -58.5,
        "z": 0
      },
      "maxPos": {
        "x": 55,
        "y": 58.5,
        "z": 0
      }
    },
    "texture": "f5cced87-96f5-48d9-88ef-daca8c4d07af@6c48a",
    "packable": true,
    "pixelsToUnit": 100,
    "pivot": {
      "x": 0.5,
      "y": 0.5
    },
    "meshType": 0
  }
}