{
  "__type__": "cc.SpriteFrame",
  "content": {
    "name": "TX_Cdudan1009",
    "atlas": "",
    "rect": {
      "x": 2,
      "y": 5,
      "width": 133,
      "height": 122
    },
    "offset": {
      "x": 1,
      "y": -2.5
    },
    "originalSize": {
      "width": 135,
      "height": 127
    },
    "rotated": false,
    "capInsets": [
      0,
      0,
      0,
      0
    ],
    "vertices": {
      "rawPosition": [
        -66.5,
        -61,
        0,
        66.5,
        -61,
        0,
        -66.5,
        61,
        0,
        66.5,
        61,
        0
      ],
      "indexes": [
        0,
        1,
        2,
        2,
        1,
        3
      ],
      "uv": [
        2,
        122,
        135,
        122,
        2,
        0,
        135,
        0
      ],
      "nuv": [
        0.014814814814814815,
        0,
        1,
        0,
        0.014814814814814815,
        0.9606299212598425,
        1,
        0.9606299212598425
      ],
      "minPos": {
        "x": -66.5,
        "y": -61,
        "z": 0
      },
      "maxPos": {
        "x": 66.5,
        "y": 61,
        "z": 0
      }
    },
    "texture": "5fe4fa4d-adaa-46aa-aa19-8caf926ec07e@6c48a",
    "packable": true,
    "pixelsToUnit": 100,
    "pivot": {
      "x": 0.5,
      "y": 0.5
    },
    "meshType": 0
  }
}