{
  "__type__": "cc.SpriteFrame",
  "content": {
    "name": "TX_hitB02",
    "atlas": "",
    "rect": {
      "x": 18,
      "y": 2,
      "width": 43,
      "height": 57
    },
    "offset": {
      "x": 7.5,
      "y": 1.5
    },
    "originalSize": {
      "width": 64,
      "height": 64
    },
    "rotated": false,
    "capInsets": [
      0,
      0,
      0,
      0
    ],
    "vertices": {
      "rawPosition": [
        -21.5,
        -28.5,
        0,
        21.5,
        -28.5,
        0,
        -21.5,
        28.5,
        0,
        21.5,
        28.5,
        0
      ],
      "indexes": [
        0,
        1,
        2,
        2,
        1,
        3
      ],
      "uv": [
        18,
        62,
        61,
        62,
        18,
        5,
        61,
        5
      ],
      "nuv": [
        0.28125,
        0.078125,
        0.953125,
        0.078125,
        0.28125,
        0.96875,
        0.953125,
        0.96875
      ],
      "minPos": {
        "x": -21.5,
        "y": -28.5,
        "z": 0
      },
      "maxPos": {
        "x": 21.5,
        "y": 28.5,
        "z": 0
      }
    },
    "texture": "800fd010-61e5-4d54-92df-a08833797b7b@6c48a",
    "packable": true,
    "pixelsToUnit": 100,
    "pivot": {
      "x": 0.5,
      "y": 0.5
    },
    "meshType": 0
  }
}