{
  "__type__": "cc.SpriteFrame",
  "content": {
    "name": "DJCstagbeetle_R_1001",
    "atlas": "",
    "rect": {
      "x": 27,
      "y": 43,
      "width": 81,
      "height": 53
    },
    "offset": {
      "x": 3.5,
      "y": -5.5
    },
    "originalSize": {
      "width": 128,
      "height": 128
    },
    "rotated": false,
    "capInsets": [
      0,
      0,
      0,
      0
    ],
    "vertices": {
      "rawPosition": [
        -40.5,
        -26.5,
        0,
        40.5,
        -26.5,
        0,
        -40.5,
        26.5,
        0,
        40.5,
        26.5,
        0
      ],
      "indexes": [
        0,
        1,
        2,
        2,
        1,
        3
      ],
      "uv": [
        27,
        85,
        108,
        85,
        27,
        32,
        108,
        32
      ],
      "nuv": [
        0.2109375,
        0.25,
        0.84375,
        0.25,
        0.2109375,
        0.6640625,
        0.84375,
        0.6640625
      ],
      "minPos": {
        "x": -40.5,
        "y": -26.5,
        "z": 0
      },
      "maxPos": {
        "x": 40.5,
        "y": 26.5,
        "z": 0
      }
    },
    "texture": "80eb5a1c-bbe2-4504-ac95-6e5f25f0ae66@6c48a",
    "packable": true,
    "pixelsToUnit": 100,
    "pivot": {
      "x": 0.5,
      "y": 0.5
    },
    "meshType": 0
  }
}