{
  "__type__": "cc.SpriteFrame",
  "content": {
    "name": "UI_SSD_logo_english",
    "atlas": "",
    "rect": {
      "x": 5,
      "y": 17,
      "width": 246,
      "height": 97
    },
    "offset": {
      "x": 0,
      "y": -1.5
    },
    "originalSize": {
      "width": 256,
      "height": 128
    },
    "rotated": false,
    "capInsets": [
      0,
      0,
      0,
      0
    ],
    "vertices": {
      "rawPosition": [
        -123,
        -48.5,
        0,
        123,
        -48.5,
        0,
        -123,
        48.5,
        0,
        123,
        48.5,
        0
      ],
      "indexes": [
        0,
        1,
        2,
        2,
        1,
        3
      ],
      "uv": [
        5,
        111,
        251,
        111,
        5,
        14,
        251,
        14
      ],
      "nuv": [
        0.01953125,
        0.109375,
        0.98046875,
        0.109375,
        0.01953125,
        0.8671875,
        0.98046875,
        0.8671875
      ],
      "minPos": {
        "x": -123,
        "y": -48.5,
        "z": 0
      },
      "maxPos": {
        "x": 123,
        "y": 48.5,
        "z": 0
      }
    },
    "texture": "7bd622be-10b1-48b2-9bab-c1b44c9b875f@6c48a",
    "packable": true,
    "pixelsToUnit": 100,
    "pivot": {
      "x": 0.5,
      "y": 0.5
    },
    "meshType": 0
  }
}