{
  "__type__": "cc.SpriteFrame",
  "content": {
    "name": "TX_Axuanfeng1001",
    "atlas": "",
    "rect": {
      "x": 25,
      "y": 78,
      "width": 64,
      "height": 40
    },
    "offset": {
      "x": -8.5,
      "y": -29.5
    },
    "originalSize": {
      "width": 131,
      "height": 137
    },
    "rotated": false,
    "capInsets": [
      0,
      0,
      0,
      0
    ],
    "vertices": {
      "rawPosition": [
        -32,
        -20,
        0,
        32,
        -20,
        0,
        -32,
        20,
        0,
        32,
        20,
        0
      ],
      "indexes": [
        0,
        1,
        2,
        2,
        1,
        3
      ],
      "uv": [
        25,
        59,
        89,
        59,
        25,
        19,
        89,
        19
      ],
      "nuv": [
        0.19083969465648856,
        0.1386861313868613,
        0.6793893129770993,
        0.1386861313868613,
        0.19083969465648856,
        0.4306569343065693,
        0.6793893129770993,
        0.4306569343065693
      ],
      "minPos": {
        "x": -32,
        "y": -20,
        "z": 0
      },
      "maxPos": {
        "x": 32,
        "y": 20,
        "z": 0
      }
    },
    "texture": "cb7ef606-c84a-4143-b087-a0f504a1aaa2@6c48a",
    "packable": true,
    "pixelsToUnit": 100,
    "pivot": {
      "x": 0.5,
      "y": 0.5
    },
    "meshType": 0
  }
}