{
  "__type__": "cc.SpriteFrame",
  "content": {
    "name": "TX_Cdudan1003",
    "atlas": "",
    "rect": {
      "x": 38,
      "y": 22,
      "width": 200,
      "height": 208
    },
    "offset": {
      "x": 4.5,
      "y": 2
    },
    "originalSize": {
      "width": 267,
      "height": 256
    },
    "rotated": false,
    "capInsets": [
      0,
      0,
      0,
      0
    ],
    "vertices": {
      "rawPosition": [
        -100,
        -104,
        0,
        100,
        -104,
        0,
        -100,
        104,
        0,
        100,
        104,
        0
      ],
      "indexes": [
        0,
        1,
        2,
        2,
        1,
        3
      ],
      "uv": [
        38,
        234,
        238,
        234,
        38,
        26,
        238,
        26
      ],
      "nuv": [
        0.14232209737827714,
        0.1015625,
        0.8913857677902621,
        0.1015625,
        0.14232209737827714,
        0.9140625,
        0.8913857677902621,
        0.9140625
      ],
      "minPos": {
        "x": -100,
        "y": -104,
        "z": 0
      },
      "maxPos": {
        "x": 100,
        "y": 104,
        "z": 0
      }
    },
    "texture": "3b1d9110-a640-4612-a873-84208b381a33@6c48a",
    "packable": true,
    "pixelsToUnit": 100,
    "pivot": {
      "x": 0.5,
      "y": 0.5
    },
    "meshType": 0
  }
}