{
  "__type__": "cc.SpriteFrame",
  "content": {
    "name": "TX_huoyan1001",
    "atlas": "",
    "rect": {
      "x": 26,
      "y": 17,
      "width": 78,
      "height": 185
    },
    "offset": {
      "x": 5,
      "y": -4
    },
    "originalSize": {
      "width": 120,
      "height": 211
    },
    "rotated": false,
    "capInsets": [
      0,
      0,
      0,
      0
    ],
    "vertices": {
      "rawPosition": [
        -39,
        -92.5,
        0,
        39,
        -92.5,
        0,
        -39,
        92.5,
        0,
        39,
        92.5,
        0
      ],
      "indexes": [
        0,
        1,
        2,
        2,
        1,
        3
      ],
      "uv": [
        26,
        194,
        104,
        194,
        26,
        9,
        104,
        9
      ],
      "nuv": [
        0.21666666666666667,
        0.04265402843601896,
        0.8666666666666667,
        0.04265402843601896,
        0.21666666666666667,
        0.919431279620853,
        0.8666666666666667,
        0.919431279620853
      ],
      "minPos": {
        "x": -39,
        "y": -92.5,
        "z": 0
      },
      "maxPos": {
        "x": 39,
        "y": 92.5,
        "z": 0
      }
    },
    "texture": "f02b012f-9b71-4d59-8a08-8e3df375f323@6c48a",
    "packable": true,
    "pixelsToUnit": 100,
    "pivot": {
      "x": 0.5,
      "y": 0.5
    },
    "meshType": 0
  }
}