{
  "__type__": "cc.SpriteFrame",
  "content": {
    "name": "UI_hand",
    "atlas": "",
    "rect": {
      "x": 4,
      "y": 26,
      "width": 185,
      "height": 157
    },
    "offset": {
      "x": -0.5,
      "y": -7.5
    },
    "originalSize": {
      "width": 194,
      "height": 194
    },
    "rotated": false,
    "capInsets": [
      0,
      0,
      0,
      0
    ],
    "vertices": {
      "rawPosition": [
        -92.5,
        -78.5,
        0,
        92.5,
        -78.5,
        0,
        -92.5,
        78.5,
        0,
        92.5,
        78.5,
        0
      ],
      "indexes": [
        0,
        1,
        2,
        2,
        1,
        3
      ],
      "uv": [
        4,
        168,
        189,
        168,
        4,
        11,
        189,
        11
      ],
      "nuv": [
        0.020618556701030927,
        0.05670103092783505,
        0.9742268041237113,
        0.05670103092783505,
        0.020618556701030927,
        0.865979381443299,
        0.9742268041237113,
        0.865979381443299
      ],
      "minPos": {
        "x": -92.5,
        "y": -78.5,
        "z": 0
      },
      "maxPos": {
        "x": 92.5,
        "y": 78.5,
        "z": 0
      }
    },
    "texture": "793cb4a4-5bd5-4cbe-a51b-02e31113daf3@6c48a",
    "packable": true,
    "pixelsToUnit": 100,
    "pivot": {
      "x": 0.5,
      "y": 0.5
    },
    "meshType": 0
  }
}