{
  "__type__": "cc.SpriteFrame",
  "content": {
    "name": "DK_XU02",
    "atlas": "",
    "rect": {
      "x": 4,
      "y": 4,
      "width": 136,
      "height": 136
    },
    "offset": {
      "x": 0,
      "y": 0
    },
    "originalSize": {
      "width": 144,
      "height": 144
    },
    "rotated": false,
    "capInsets": [
      0,
      0,
      0,
      0
    ],
    "vertices": {
      "rawPosition": [
        -68,
        -68,
        0,
        68,
        -68,
        0,
        -68,
        68,
        0,
        68,
        68,
        0
      ],
      "indexes": [
        0,
        1,
        2,
        2,
        1,
        3
      ],
      "uv": [
        4,
        140,
        140,
        140,
        4,
        4,
        140,
        4
      ],
      "nuv": [
        0.027777777777777776,
        0.027777777777777776,
        0.9722222222222222,
        0.027777777777777776,
        0.027777777777777776,
        0.9722222222222222,
        0.9722222222222222,
        0.9722222222222222
      ],
      "minPos": {
        "x": -68,
        "y": -68,
        "z": 0
      },
      "maxPos": {
        "x": 68,
        "y": 68,
        "z": 0
      }
    },
    "texture": "794662c5-1107-4d3f-84fe-00302bd8c7a9@6c48a",
    "packable": true,
    "pixelsToUnit": 100,
    "pivot": {
      "x": 0.5,
      "y": 0.5
    },
    "meshType": 0
  }
}