{
  "__type__": "cc.SpriteFrame",
  "content": {
    "name": "UI_DC_xuanzhong001",
    "atlas": "",
    "rect": {
      "x": 5,
      "y": 6,
      "width": 92,
      "height": 91
    },
    "offset": {
      "x": 0,
      "y": -0.5
    },
    "originalSize": {
      "width": 102,
      "height": 102
    },
    "rotated": false,
    "capInsets": [
      0,
      0,
      0,
      0
    ],
    "vertices": {
      "rawPosition": [
        -46,
        -45.5,
        0,
        46,
        -45.5,
        0,
        -46,
        45.5,
        0,
        46,
        45.5,
        0
      ],
      "indexes": [
        0,
        1,
        2,
        2,
        1,
        3
      ],
      "uv": [
        5,
        96,
        97,
        96,
        5,
        5,
        97,
        5
      ],
      "nuv": [
        0.049019607843137254,
        0.049019607843137254,
        0.9509803921568627,
        0.049019607843137254,
        0.049019607843137254,
        0.9411764705882353,
        0.9509803921568627,
        0.9411764705882353
      ],
      "minPos": {
        "x": -46,
        "y": -45.5,
        "z": 0
      },
      "maxPos": {
        "x": 46,
        "y": 45.5,
        "z": 0
      }
    },
    "texture": "8b16a6b3-b5db-43b6-8a79-72933fd5e442@6c48a",
    "packable": true,
    "pixelsToUnit": 100,
    "pivot": {
      "x": 0.5,
      "y": 0.5
    },
    "meshType": 0
  }
}