{
  "__type__": "cc.SpriteFrame",
  "content": {
    "name": "DJCstagbeetle_R_1016",
    "atlas": "",
    "rect": {
      "x": 23,
      "y": 38,
      "width": 88,
      "height": 61
    },
    "offset": {
      "x": 3,
      "y": -4.5
    },
    "originalSize": {
      "width": 128,
      "height": 128
    },
    "rotated": false,
    "capInsets": [
      0,
      0,
      0,
      0
    ],
    "vertices": {
      "rawPosition": [
        -44,
        -30.5,
        0,
        44,
        -30.5,
        0,
        -44,
        30.5,
        0,
        44,
        30.5,
        0
      ],
      "indexes": [
        0,
        1,
        2,
        2,
        1,
        3
      ],
      "uv": [
        23,
        90,
        111,
        90,
        23,
        29,
        111,
        29
      ],
      "nuv": [
        0.1796875,
        0.2265625,
        0.8671875,
        0.2265625,
        0.1796875,
        0.703125,
        0.8671875,
        0.703125
      ],
      "minPos": {
        "x": -44,
        "y": -30.5,
        "z": 0
      },
      "maxPos": {
        "x": 44,
        "y": 30.5,
        "z": 0
      }
    },
    "texture": "e8629dc7-d1b9-4606-b197-adbb086df92d@6c48a",
    "packable": true,
    "pixelsToUnit": 100,
    "pivot": {
      "x": 0.5,
      "y": 0.5
    },
    "meshType": 0
  }
}