{
  "__type__": "cc.SpriteFrame",
  "content": {
    "name": "TX_dianliuKJ1001",
    "atlas": "",
    "rect": {
      "x": 17,
      "y": 7,
      "width": 90,
      "height": 106
    },
    "offset": {
      "x": -2,
      "y": 4
    },
    "originalSize": {
      "width": 128,
      "height": 128
    },
    "rotated": false,
    "capInsets": [
      0,
      0,
      0,
      0
    ],
    "vertices": {
      "rawPosition": [
        -45,
        -53,
        0,
        45,
        -53,
        0,
        -45,
        53,
        0,
        45,
        53,
        0
      ],
      "indexes": [
        0,
        1,
        2,
        2,
        1,
        3
      ],
      "uv": [
        17,
        121,
        107,
        121,
        17,
        15,
        107,
        15
      ],
      "nuv": [
        0.1328125,
        0.1171875,
        0.8359375,
        0.1171875,
        0.1328125,
        0.9453125,
        0.8359375,
        0.9453125
      ],
      "minPos": {
        "x": -45,
        "y": -53,
        "z": 0
      },
      "maxPos": {
        "x": 45,
        "y": 53,
        "z": 0
      }
    },
    "texture": "8c47aaad-2245-476e-95fa-ecfb397ddff9@6c48a",
    "packable": true,
    "pixelsToUnit": 100,
    "pivot": {
      "x": 0.5,
      "y": 0.5
    },
    "meshType": 0
  }
}