{
  "__type__": "cc.SpriteFrame",
  "content": {
    "name": "TX_shengji1004",
    "atlas": "",
    "rect": {
      "x": 8,
      "y": 13,
      "width": 114,
      "height": 103
    },
    "offset": {
      "x": 1,
      "y": -0.5
    },
    "originalSize": {
      "width": 128,
      "height": 128
    },
    "rotated": false,
    "capInsets": [
      0,
      0,
      0,
      0
    ],
    "vertices": {
      "rawPosition": [
        -57,
        -51.5,
        0,
        57,
        -51.5,
        0,
        -57,
        51.5,
        0,
        57,
        51.5,
        0
      ],
      "indexes": [
        0,
        1,
        2,
        2,
        1,
        3
      ],
      "uv": [
        8,
        115,
        122,
        115,
        8,
        12,
        122,
        12
      ],
      "nuv": [
        0.0625,
        0.09375,
        0.953125,
        0.09375,
        0.0625,
        0.8984375,
        0.953125,
        0.8984375
      ],
      "minPos": {
        "x": -57,
        "y": -51.5,
        "z": 0
      },
      "maxPos": {
        "x": 57,
        "y": 51.5,
        "z": 0
      }
    },
    "texture": "25e7f18f-fe13-4ba0-baac-d42c6d179a61@6c48a",
    "packable": true,
    "pixelsToUnit": 100,
    "pivot": {
      "x": 0.5,
      "y": 0.5
    },
    "meshType": 0
  }
}