{
  "__version__": "1.0.0",
  "builder": {},
  "gizmos-infos": {
    "is2D": false,
    "is3DIcon": false,
    "iconSize": 2,
    "gridVisible": true,
    "gridColor": [
      166,
      166,
      166,
      255
    ],
    "transformToolName": "position",
    "pivot": "pivot",
    "coordinate": "local",
    "toolsVisibility3d": true
  },
  "snap-configs": {
    "position": {
      "x": 1,
      "y": 1,
      "z": 1
    },
    "rotation": 1,
    "scale": 1,
    "isPositionSnapEnabled": false,
    "isRotationSnapEnabled": false,
    "isScaleSnapEnabled": false
  },
  "rect-snap-configs": {
    "enableSnapping": true,
    "snapThreshold": 4
  },
  "camera-infos": {
    "6aa84f43-4ba1-48a3-8c71-0dee812ebcd4": {
      "position": {
        "x": 99.36623455024078,
        "y": 99.36623455024117,
        "z": 99.36623455024105
      },
      "rotation": {
        "x": -0.27984814233312133,
        "y": 0.3647051996310009,
        "z": 0.11591689595929512,
        "w": 0.8804762392171493
      },
      "viewCenter": {
        "x": 0,
        "y": 0,
        "z": 0
      },
      "contentRect": {
        "x": 0,
        "y": 0,
        "width": 852,
        "height": 877
      },
      "scale": 1
    },
    "05a4889a-7497-4aa5-a84b-d205264ed4d6": {
      "position": {
        "x": 6.558252004451811,
        "y": 7.214252004451818,
        "z": 32.74725200445183
      },
      "rotation": {
        "x": -0.27984814233312133,
        "y": 0.3647051996310009,
        "z": 0.11591689595929512,
        "w": 0.8804762392171493
      },
      "viewCenter": {
        "x": -0.656,
        "y": 0,
        "z": 25.533
      },
      "contentRect": {
        "x": 0,
        "y": 0,
        "width": 852,
        "height": 877
      },
      "scale": 1
    }
  },
  "camera-uuids": [
    "6aa84f43-4ba1-48a3-8c71-0dee812ebcd4",
    "05a4889a-7497-4aa5-a84b-d205264ed4d6"
  ],
  "camera": {
    "color": [
      48,
      48,
      48,
      255
    ],
    "fov": 45,
    "far": 10000,
    "near": 0.01,
    "wheelSpeed": 0.01,
    "wanderSpeed": 10,
    "enableAcceleration": true,
    "size": "__default_design__",
    "far2D": 10000,
    "near2D": 1,
    "wheelSpeed2D": 6,
    "iso": 0,
    "aperture": 19,
    "shutter": 7
  }
}
