{
  "__type__": "cc.SpriteFrame",
  "content": {
    "name": "TX_skillD01",
    "atlas": "",
    "rect": {
      "x": 19,
      "y": 38,
      "width": 92,
      "height": 102
    },
    "offset": {
      "x": 1,
      "y": -17.5
    },
    "originalSize": {
      "width": 128,
      "height": 143
    },
    "rotated": false,
    "capInsets": [
      0,
      0,
      0,
      0
    ],
    "vertices": {
      "rawPosition": [
        -46,
        -51,
        0,
        46,
        -51,
        0,
        -46,
        51,
        0,
        46,
        51,
        0
      ],
      "indexes": [
        0,
        1,
        2,
        2,
        1,
        3
      ],
      "uv": [
        19,
        105,
        111,
        105,
        19,
        3,
        111,
        3
      ],
      "nuv": [
        0.1484375,
        0.02097902097902098,
        0.8671875,
        0.02097902097902098,
        0.1484375,
        0.7342657342657343,
        0.8671875,
        0.7342657342657343
      ],
      "minPos": {
        "x": -46,
        "y": -51,
        "z": 0
      },
      "maxPos": {
        "x": 46,
        "y": 51,
        "z": 0
      }
    },
    "texture": "747e0552-b834-47d7-93ae-4fdcdc5b4ccf@6c48a",
    "packable": true,
    "pixelsToUnit": 100,
    "pivot": {
      "x": 0.5,
      "y": 0.5
    },
    "meshType": 0
  }
}