{
  "__type__": "cc.SpriteFrame",
  "content": {
    "name": "UI_Qipao2",
    "atlas": "",
    "rect": {
      "x": 245,
      "y": 199,
      "width": 506,
      "height": 563
    },
    "offset": {
      "x": -14,
      "y": 31.5
    },
    "originalSize": {
      "width": 1024,
      "height": 1024
    },
    "rotated": false,
    "capInsets": [
      0,
      0,
      0,
      0
    ],
    "vertices": {
      "rawPosition": [
        -253,
        -281.5,
        0,
        253,
        -281.5,
        0,
        -253,
        281.5,
        0,
        253,
        281.5,
        0
      ],
      "indexes": [
        0,
        1,
        2,
        2,
        1,
        3
      ],
      "uv": [
        245,
        825,
        751,
        825,
        245,
        262,
        751,
        262
      ],
      "nuv": [
        0.2392578125,
        0.255859375,
        0.7333984375,
        0.255859375,
        0.2392578125,
        0.8056640625,
        0.7333984375,
        0.8056640625
      ],
      "minPos": {
        "x": -253,
        "y": -281.5,
        "z": 0
      },
      "maxPos": {
        "x": 253,
        "y": 281.5,
        "z": 0
      }
    },
    "texture": "7b0ad383-b400-4e18-9a97-83f95f41b5c3@6c48a",
    "packable": true,
    "pixelsToUnit": 100,
    "pivot": {
      "x": 0.5,
      "y": 0.5
    },
    "meshType": 0
  }
}