{
  "__type__": "cc.SpriteFrame",
  "content": {
    "name": "DK_XU",
    "atlas": "",
    "rect": {
      "x": 2,
      "y": 2,
      "width": 140,
      "height": 140
    },
    "offset": {
      "x": 0,
      "y": 0
    },
    "originalSize": {
      "width": 144,
      "height": 144
    },
    "rotated": false,
    "capInsets": [
      0,
      0,
      0,
      0
    ],
    "vertices": {
      "rawPosition": [
        -70,
        -70,
        0,
        70,
        -70,
        0,
        -70,
        70,
        0,
        70,
        70,
        0
      ],
      "indexes": [
        0,
        1,
        2,
        2,
        1,
        3
      ],
      "uv": [
        2,
        142,
        142,
        142,
        2,
        2,
        142,
        2
      ],
      "nuv": [
        0.013888888888888888,
        0.013888888888888888,
        0.9861111111111112,
        0.013888888888888888,
        0.013888888888888888,
        0.9861111111111112,
        0.9861111111111112,
        0.9861111111111112
      ],
      "minPos": {
        "x": -70,
        "y": -70,
        "z": 0
      },
      "maxPos": {
        "x": 70,
        "y": 70,
        "z": 0
      }
    },
    "texture": "d6465ded-5ba7-4567-8f28-2cf00157eea5@6c48a",
    "packable": true,
    "pixelsToUnit": 100,
    "pivot": {
      "x": 0.5,
      "y": 0.5
    },
    "meshType": 0
  }
}