{
  "__type__": "cc.SpriteFrame",
  "content": {
    "name": "TX_Attack_hit1002",
    "atlas": "",
    "rect": {
      "x": 12,
      "y": 15,
      "width": 39,
      "height": 39
    },
    "offset": {
      "x": -0.5,
      "y": -2.5
    },
    "originalSize": {
      "width": 64,
      "height": 64
    },
    "rotated": false,
    "capInsets": [
      0,
      0,
      0,
      0
    ],
    "vertices": {
      "rawPosition": [
        -19.5,
        -19.5,
        0,
        19.5,
        -19.5,
        0,
        -19.5,
        19.5,
        0,
        19.5,
        19.5,
        0
      ],
      "indexes": [
        0,
        1,
        2,
        2,
        1,
        3
      ],
      "uv": [
        12,
        49,
        51,
        49,
        12,
        10,
        51,
        10
      ],
      "nuv": [
        0.1875,
        0.15625,
        0.796875,
        0.15625,
        0.1875,
        0.765625,
        0.796875,
        0.765625
      ],
      "minPos": {
        "x": -19.5,
        "y": -19.5,
        "z": 0
      },
      "maxPos": {
        "x": 19.5,
        "y": 19.5,
        "z": 0
      }
    },
    "texture": "5d092077-de5e-4312-acea-5be01100c6e5@6c48a",
    "packable": true,
    "pixelsToUnit": 100,
    "pivot": {
      "x": 0.5,
      "y": 0.5
    },
    "meshType": 0
  }
}