{
  "__type__": "cc.SpriteFrame",
  "content": {
    "name": "TX_dianliuWQ1003",
    "atlas": "",
    "rect": {
      "x": 23,
      "y": 42,
      "width": 89,
      "height": 46
    },
    "offset": {
      "x": 3.5,
      "y": -1
    },
    "originalSize": {
      "width": 128,
      "height": 128
    },
    "rotated": false,
    "capInsets": [
      0,
      0,
      0,
      0
    ],
    "vertices": {
      "rawPosition": [
        -44.5,
        -23,
        0,
        44.5,
        -23,
        0,
        -44.5,
        23,
        0,
        44.5,
        23,
        0
      ],
      "indexes": [
        0,
        1,
        2,
        2,
        1,
        3
      ],
      "uv": [
        23,
        86,
        112,
        86,
        23,
        40,
        112,
        40
      ],
      "nuv": [
        0.1796875,
        0.3125,
        0.875,
        0.3125,
        0.1796875,
        0.671875,
        0.875,
        0.671875
      ],
      "minPos": {
        "x": -44.5,
        "y": -23,
        "z": 0
      },
      "maxPos": {
        "x": 44.5,
        "y": 23,
        "z": 0
      }
    },
    "texture": "7109a9d1-7d1e-457b-a171-28fb4fe20276@6c48a",
    "packable": true,
    "pixelsToUnit": 100,
    "pivot": {
      "x": 0.5,
      "y": 0.5
    },
    "meshType": 0
  }
}