{
  "__type__": "cc.SpriteFrame",
  "content": {
    "name": "TX_hitE03",
    "atlas": "",
    "rect": {
      "x": 6,
      "y": 5,
      "width": 90,
      "height": 102
    },
    "offset": {
      "x": -13,
      "y": 8
    },
    "originalSize": {
      "width": 128,
      "height": 128
    },
    "rotated": false,
    "capInsets": [
      0,
      0,
      0,
      0
    ],
    "vertices": {
      "rawPosition": [
        -45,
        -51,
        0,
        45,
        -51,
        0,
        -45,
        51,
        0,
        45,
        51,
        0
      ],
      "indexes": [
        0,
        1,
        2,
        2,
        1,
        3
      ],
      "uv": [
        6,
        123,
        96,
        123,
        6,
        21,
        96,
        21
      ],
      "nuv": [
        0.046875,
        0.1640625,
        0.75,
        0.1640625,
        0.046875,
        0.9609375,
        0.75,
        0.9609375
      ],
      "minPos": {
        "x": -45,
        "y": -51,
        "z": 0
      },
      "maxPos": {
        "x": 45,
        "y": 51,
        "z": 0
      }
    },
    "texture": "4ba4d986-c0a2-45cc-821e-c9443deb3553@6c48a",
    "packable": true,
    "pixelsToUnit": 100,
    "pivot": {
      "x": 0.5,
      "y": 0.5
    },
    "meshType": 0
  }
}