{
  "__version__": "1.0.0",
  "builder": {
    "taskOptionsMap": {},
    "__version__": "1.3.8"
  },
  "gizmos-infos": {
    "is2D": false,
    "is3DIcon": false,
    "iconSize": 2,
    "gridVisible": true,
    "gridColor": [
      166,
      166,
      166,
      255
    ],
    "transformToolName": "position",
    "pivot": "pivot",
    "coordinate": "local",
    "toolsVisibility3d": true
  },
  "snap-configs": {
    "position": {
      "x": 1,
      "y": 1,
      "z": 1
    },
    "rotation": 1,
    "scale": 1,
    "isPositionSnapEnabled": false,
    "isRotationSnapEnabled": false,
    "isScaleSnapEnabled": false
  },
  "rect-snap-configs": {
    "enableSnapping": true,
    "snapThreshold": 4
  },
  "camera-infos": {
    "2d40b0b7-db65-44ca-9996-7769e14f5e11": {
      "position": {
        "x": 19.13170493977936,
        "y": 19.131704939779357,
        "z": 19.13170493977935
      },
      "rotation": {
        "x": -0.27984814233312133,
        "y": 0.3647051996310009,
        "z": 0.11591689595929512,
        "w": 0.8804762392171493
      },
      "viewCenter": {
        "x": 0,
        "y": 0,
        "z": 0
      },
      "contentRect": {
        "x": 0,
        "y": 0,
        "width": 1220,
        "height": 750
      },
      "scale": 1
    },
    "27c16b19-15a4-41cf-a081-d03f5377f7f5": {
      "position": {
        "x": 19.13170493977936,
        "y": 19.131704939779357,
        "z": 19.13170493977935
      },
      "rotation": {
        "x": -0.27984814233312133,
        "y": 0.3647051996310009,
        "z": 0.11591689595929512,
        "w": 0.8804762392171493
      },
      "viewCenter": {
        "x": 0,
        "y": 0,
        "z": 0
      },
      "contentRect": {
        "x": 0,
        "y": 0,
        "width": 1220,
        "height": 750
      },
      "scale": 1
    },
    "174aafa4-f07a-4dad-b299-9a0dd1b43473": {
      "position": {
        "x": 35.4447049411239,
        "y": 19.1317049411239,
        "z": 27.558704941123892
      },
      "rotation": {
        "x": -0.27984814233312133,
        "y": 0.3647051996310009,
        "z": 0.11591689595929512,
        "w": 0.8804762392171493
      },
      "viewCenter": {
        "x": 16.313,
        "y": 0,
        "z": 8.427
      },
      "contentRect": {
        "x": 0,
        "y": 0,
        "width": 1220,
        "height": 750
      },
      "scale": 1
    },
    "c9fa1c09-e87a-45af-9ab1-1f66dbb1038f": {
      "position": {
        "x": 19.131704941153608,
        "y": 19.131704941153604,
        "z": 19.1317049411536
      },
      "rotation": {
        "x": -0.27984814233312133,
        "y": 0.3647051996310009,
        "z": 0.11591689595929512,
        "w": 0.8804762392171493
      },
      "viewCenter": {
        "x": 0,
        "y": 0,
        "z": 0
      },
      "contentRect": {
        "x": 0,
        "y": 0,
        "width": 1367,
        "height": 750
      },
      "scale": 1
    },
    "6c6aa352-9060-4b92-9280-2de8c34867a1": {
      "position": {
        "x": 208.36404357892627,
        "y": 159.57488985378168,
        "z": 163.40315742594873
      },
      "rotation": {
        "x": -0.2993685168437516,
        "y": 0.3370820781199203,
        "z": 0.11398551289643177,
        "w": 0.8853030364415168
      },
      "viewCenter": {
        "x": -108.55621434177104,
        "y": -204.3003994267568,
        "z": -192.43789099835863
      },
      "contentRect": {
        "x": 0,
        "y": 0,
        "width": 1367,
        "height": 750
      },
      "scale": 1
    }
  },
  "camera-uuids": [
    "2d40b0b7-db65-44ca-9996-7769e14f5e11",
    "27c16b19-15a4-41cf-a081-d03f5377f7f5",
    "174aafa4-f07a-4dad-b299-9a0dd1b43473",
    "c9fa1c09-e87a-45af-9ab1-1f66dbb1038f",
    "6c6aa352-9060-4b92-9280-2de8c34867a1"
  ],
  "camera": {
    "color": [
      48,
      48,
      48,
      255
    ],
    "fov": 45,
    "far": 10000,
    "near": 0.01,
    "wheelSpeed": 0.01,
    "wanderSpeed": 10,
    "enableAcceleration": true,
    "size": "__default_design__",
    "far2D": 10000,
    "near2D": 1,
    "wheelSpeed2D": 6,
    "iso": 0,
    "aperture": 19,
    "shutter": 7
  },
  "float-window": {
    "position": {
      "cc": {
        "Camera": {
          "dock": false,
          "top": null,
          "bottom": 10,
          "left": null,
          "right": 10
        },
        "ParticleSystem": {
          "dock": false,
          "top": null,
          "bottom": 10,
          "left": null,
          "right": 10
        }
      }
    }
  }
}
