{
  "__type__": "cc.SpriteFrame",
  "content": {
    "name": "TX_huoyan1003",
    "atlas": "",
    "rect": {
      "x": 24,
      "y": 11,
      "width": 84,
      "height": 190
    },
    "offset": {
      "x": 6,
      "y": -0.5
    },
    "originalSize": {
      "width": 120,
      "height": 211
    },
    "rotated": false,
    "capInsets": [
      0,
      0,
      0,
      0
    ],
    "vertices": {
      "rawPosition": [
        -42,
        -95,
        0,
        42,
        -95,
        0,
        -42,
        95,
        0,
        42,
        95,
        0
      ],
      "indexes": [
        0,
        1,
        2,
        2,
        1,
        3
      ],
      "uv": [
        24,
        200,
        108,
        200,
        24,
        10,
        108,
        10
      ],
      "nuv": [
        0.2,
        0.04739336492890995,
        0.9,
        0.04739336492890995,
        0.2,
        0.9478672985781991,
        0.9,
        0.9478672985781991
      ],
      "minPos": {
        "x": -42,
        "y": -95,
        "z": 0
      },
      "maxPos": {
        "x": 42,
        "y": 95,
        "z": 0
      }
    },
    "texture": "e8082822-4c3f-4351-89b0-c11079074c09@6c48a",
    "packable": true,
    "pixelsToUnit": 100,
    "pivot": {
      "x": 0.5,
      "y": 0.5
    },
    "meshType": 0
  }
}