{
  "__type__": "cc.SpriteFrame",
  "content": {
    "name": "TX_shengjiLZ1004",
    "atlas": "",
    "rect": {
      "x": 28,
      "y": 8,
      "width": 90,
      "height": 99
    },
    "offset": {
      "x": 9,
      "y": 6.5
    },
    "originalSize": {
      "width": 128,
      "height": 128
    },
    "rotated": false,
    "capInsets": [
      0,
      0,
      0,
      0
    ],
    "vertices": {
      "rawPosition": [
        -45,
        -49.5,
        0,
        45,
        -49.5,
        0,
        -45,
        49.5,
        0,
        45,
        49.5,
        0
      ],
      "indexes": [
        0,
        1,
        2,
        2,
        1,
        3
      ],
      "uv": [
        28,
        120,
        118,
        120,
        28,
        21,
        118,
        21
      ],
      "nuv": [
        0.21875,
        0.1640625,
        0.921875,
        0.1640625,
        0.21875,
        0.9375,
        0.921875,
        0.9375
      ],
      "minPos": {
        "x": -45,
        "y": -49.5,
        "z": 0
      },
      "maxPos": {
        "x": 45,
        "y": 49.5,
        "z": 0
      }
    },
    "texture": "aa9763a9-977f-49cc-9221-2a8aa14bc617@6c48a",
    "packable": true,
    "pixelsToUnit": 100,
    "pivot": {
      "x": 0.5,
      "y": 0.5
    },
    "meshType": 0
  }
}