{
  "__type__": "cc.SpriteFrame",
  "content": {
    "name": "JCZSbeetlewarrior_L_1070",
    "atlas": "",
    "rect": {
      "x": 17,
      "y": 25,
      "width": 93,
      "height": 81
    },
    "offset": {
      "x": -0.5,
      "y": -1.5
    },
    "originalSize": {
      "width": 128,
      "height": 128
    },
    "rotated": false,
    "capInsets": [
      0,
      0,
      0,
      0
    ],
    "vertices": {
      "rawPosition": [
        -46.5,
        -40.5,
        0,
        46.5,
        -40.5,
        0,
        -46.5,
        40.5,
        0,
        46.5,
        40.5,
        0
      ],
      "indexes": [
        0,
        1,
        2,
        2,
        1,
        3
      ],
      "uv": [
        17,
        103,
        110,
        103,
        17,
        22,
        110,
        22
      ],
      "nuv": [
        0.1328125,
        0.171875,
        0.859375,
        0.171875,
        0.1328125,
        0.8046875,
        0.859375,
        0.8046875
      ],
      "minPos": {
        "x": -46.5,
        "y": -40.5,
        "z": 0
      },
      "maxPos": {
        "x": 46.5,
        "y": 40.5,
        "z": 0
      }
    },
    "texture": "fa61e3f2-2c3a-4468-92a3-3cc4cc427ad2@6c48a",
    "packable": true,
    "pixelsToUnit": 100,
    "pivot": {
      "x": 0.5,
      "y": 0.5
    },
    "meshType": 0
  }
}