{
  "__type__": "cc.SpriteFrame",
  "content": {
    "name": "TLmantis_R_1016",
    "atlas": "",
    "rect": {
      "x": 25,
      "y": 33,
      "width": 68,
      "height": 55
    },
    "offset": {
      "x": -5,
      "y": 3.5
    },
    "originalSize": {
      "width": 128,
      "height": 128
    },
    "rotated": false,
    "capInsets": [
      0,
      0,
      0,
      0
    ],
    "vertices": {
      "rawPosition": [
        -34,
        -27.5,
        0,
        34,
        -27.5,
        0,
        -34,
        27.5,
        0,
        34,
        27.5,
        0
      ],
      "indexes": [
        0,
        1,
        2,
        2,
        1,
        3
      ],
      "uv": [
        25,
        95,
        93,
        95,
        25,
        40,
        93,
        40
      ],
      "nuv": [
        0.1953125,
        0.3125,
        0.7265625,
        0.3125,
        0.1953125,
        0.7421875,
        0.7265625,
        0.7421875
      ],
      "minPos": {
        "x": -34,
        "y": -27.5,
        "z": 0
      },
      "maxPos": {
        "x": 34,
        "y": 27.5,
        "z": 0
      }
    },
    "texture": "fa8c72d5-742b-450f-bfee-15eb0a076a2e@6c48a",
    "packable": true,
    "pixelsToUnit": 100,
    "pivot": {
      "x": 0.5,
      "y": 0.5
    },
    "meshType": 0
  }
}