{
  "__type__": "cc.SpriteFrame",
  "content": {
    "name": "TLmantis_L_1001",
    "atlas": "",
    "rect": {
      "x": 53,
      "y": 63,
      "width": 85,
      "height": 62
    },
    "offset": {
      "x": -0.5,
      "y": 2
    },
    "originalSize": {
      "width": 192,
      "height": 192
    },
    "rotated": false,
    "capInsets": [
      0,
      0,
      0,
      0
    ],
    "vertices": {
      "rawPosition": [
        -42.5,
        -31,
        0,
        42.5,
        -31,
        0,
        -42.5,
        31,
        0,
        42.5,
        31,
        0
      ],
      "indexes": [
        0,
        1,
        2,
        2,
        1,
        3
      ],
      "uv": [
        53,
        129,
        138,
        129,
        53,
        67,
        138,
        67
      ],
      "nuv": [
        0.2760416666666667,
        0.3489583333333333,
        0.71875,
        0.3489583333333333,
        0.2760416666666667,
        0.671875,
        0.71875,
        0.671875
      ],
      "minPos": {
        "x": -42.5,
        "y": -31,
        "z": 0
      },
      "maxPos": {
        "x": 42.5,
        "y": 31,
        "z": 0
      }
    },
    "texture": "f4065a3a-edef-47cb-9482-db082a561706@6c48a",
    "packable": true,
    "pixelsToUnit": 100,
    "pivot": {
      "x": 0.5,
      "y": 0.5
    },
    "meshType": 0
  }
}