{
  "__type__": "cc.SpriteFrame",
  "content": {
    "name": "bomb_00113",
    "atlas": "",
    "rect": {
      "x": 157,
      "y": 155,
      "width": 474,
      "height": 383
    },
    "offset": {
      "x": -6,
      "y": 53.5
    },
    "originalSize": {
      "width": 800,
      "height": 800
    },
    "rotated": false,
    "capInsets": [
      0,
      0,
      0,
      0
    ],
    "vertices": {
      "rawPosition": [
        -237,
        -191.5,
        0,
        237,
        -191.5,
        0,
        -237,
        191.5,
        0,
        237,
        191.5,
        0
      ],
      "indexes": [
        0,
        1,
        2,
        2,
        1,
        3
      ],
      "uv": [
        157,
        645,
        631,
        645,
        157,
        262,
        631,
        262
      ],
      "nuv": [
        0.19625,
        0.3275,
        0.78875,
        0.3275,
        0.19625,
        0.80625,
        0.78875,
        0.80625
      ],
      "minPos": {
        "x": -237,
        "y": -191.5,
        "z": 0
      },
      "maxPos": {
        "x": 237,
        "y": 191.5,
        "z": 0
      }
    },
    "texture": "64c3b808-c6b2-4098-ac15-60f1a2c470df@6c48a",
    "packable": true,
    "pixelsToUnit": 100,
    "pivot": {
      "x": 0.5,
      "y": 0.5
    },
    "meshType": 0
  }
}