{
  "__type__": "cc.SpriteFrame",
  "content": {
    "name": "UI_shuijing",
    "atlas": "",
    "rect": {
      "x": 22,
      "y": 24,
      "width": 56,
      "height": 87
    },
    "offset": {
      "x": -14,
      "y": -3.5
    },
    "originalSize": {
      "width": 128,
      "height": 128
    },
    "rotated": false,
    "capInsets": [
      0,
      0,
      0,
      0
    ],
    "vertices": {
      "rawPosition": [
        -28,
        -43.5,
        0,
        28,
        -43.5,
        0,
        -28,
        43.5,
        0,
        28,
        43.5,
        0
      ],
      "indexes": [
        0,
        1,
        2,
        2,
        1,
        3
      ],
      "uv": [
        22,
        104,
        78,
        104,
        22,
        17,
        78,
        17
      ],
      "nuv": [
        0.171875,
        0.1328125,
        0.609375,
        0.1328125,
        0.171875,
        0.8125,
        0.609375,
        0.8125
      ],
      "minPos": {
        "x": -28,
        "y": -43.5,
        "z": 0
      },
      "maxPos": {
        "x": 28,
        "y": 43.5,
        "z": 0
      }
    },
    "texture": "8e702d33-81c2-45e3-a05e-5159ac4df0db@6c48a",
    "packable": true,
    "pixelsToUnit": 100,
    "pivot": {
      "x": 0.5,
      "y": 0.5
    },
    "meshType": 0
  }
}