{
  "__type__": "cc.SpriteFrame",
  "content": {
    "name": "TX_huoyan1003",
    "atlas": "",
    "rect": {
      "x": 23,
      "y": 10,
      "width": 86,
      "height": 192
    },
    "offset": {
      "x": 6,
      "y": -0.5
    },
    "originalSize": {
      "width": 120,
      "height": 211
    },
    "rotated": false,
    "capInsets": [
      0,
      0,
      0,
      0
    ],
    "vertices": {
      "rawPosition": [
        -43,
        -96,
        0,
        43,
        -96,
        0,
        -43,
        96,
        0,
        43,
        96,
        0
      ],
      "indexes": [
        0,
        1,
        2,
        2,
        1,
        3
      ],
      "uv": [
        23,
        201,
        109,
        201,
        23,
        9,
        109,
        9
      ],
      "nuv": [
        0.19166666666666668,
        0.04265402843601896,
        0.9083333333333333,
        0.04265402843601896,
        0.19166666666666668,
        0.95260663507109,
        0.9083333333333333,
        0.95260663507109
      ],
      "minPos": {
        "x": -43,
        "y": -96,
        "z": 0
      },
      "maxPos": {
        "x": 43,
        "y": 96,
        "z": 0
      }
    },
    "texture": "e8082822-4c3f-4351-89b0-c11079074c09@6c48a",
    "packable": true,
    "pixelsToUnit": 100,
    "pivot": {
      "x": 0.5,
      "y": 0.5
    },
    "meshType": 0
  }
}