{
  "__type__": "cc.SpriteFrame",
  "content": {
    "name": "TX_shengjiLZ1008",
    "atlas": "",
    "rect": {
      "x": 36,
      "y": 13,
      "width": 64,
      "height": 87
    },
    "offset": {
      "x": 4,
      "y": 7.5
    },
    "originalSize": {
      "width": 128,
      "height": 128
    },
    "rotated": false,
    "capInsets": [
      0,
      0,
      0,
      0
    ],
    "vertices": {
      "rawPosition": [
        -32,
        -43.5,
        0,
        32,
        -43.5,
        0,
        -32,
        43.5,
        0,
        32,
        43.5,
        0
      ],
      "indexes": [
        0,
        1,
        2,
        2,
        1,
        3
      ],
      "uv": [
        36,
        115,
        100,
        115,
        36,
        28,
        100,
        28
      ],
      "nuv": [
        0.28125,
        0.21875,
        0.78125,
        0.21875,
        0.28125,
        0.8984375,
        0.78125,
        0.8984375
      ],
      "minPos": {
        "x": -32,
        "y": -43.5,
        "z": 0
      },
      "maxPos": {
        "x": 32,
        "y": 43.5,
        "z": 0
      }
    },
    "texture": "e86bc6cf-170a-4b2e-81f5-eb889e4c0971@6c48a",
    "packable": true,
    "pixelsToUnit": 100,
    "pivot": {
      "x": 0.5,
      "y": 0.5
    },
    "meshType": 0
  }
}