{
  "__type__": "cc.SpriteFrame",
  "content": {
    "name": "TX_hitD04",
    "atlas": "",
    "rect": {
      "x": 47,
      "y": 52,
      "width": 30,
      "height": 37
    },
    "offset": {
      "x": -2,
      "y": -6.5
    },
    "originalSize": {
      "width": 128,
      "height": 128
    },
    "rotated": false,
    "capInsets": [
      0,
      0,
      0,
      0
    ],
    "vertices": {
      "rawPosition": [
        -15,
        -18.5,
        0,
        15,
        -18.5,
        0,
        -15,
        18.5,
        0,
        15,
        18.5,
        0
      ],
      "indexes": [
        0,
        1,
        2,
        2,
        1,
        3
      ],
      "uv": [
        47,
        76,
        77,
        76,
        47,
        39,
        77,
        39
      ],
      "nuv": [
        0.3671875,
        0.3046875,
        0.6015625,
        0.3046875,
        0.3671875,
        0.59375,
        0.6015625,
        0.59375
      ],
      "minPos": {
        "x": -15,
        "y": -18.5,
        "z": 0
      },
      "maxPos": {
        "x": 15,
        "y": 18.5,
        "z": 0
      }
    },
    "texture": "aa04d1bf-61bd-4873-b01a-831b47e68d4a@6c48a",
    "packable": true,
    "pixelsToUnit": 100,
    "pivot": {
      "x": 0.5,
      "y": 0.5
    },
    "meshType": 0
  }
}