{
  "__type__": "cc.SpriteFrame",
  "content": {
    "name": "TX_Dbingjian1019",
    "atlas": "",
    "rect": {
      "x": 11,
      "y": 4,
      "width": 89,
      "height": 140
    },
    "offset": {
      "x": 5.5,
      "y": 1
    },
    "originalSize": {
      "width": 100,
      "height": 150
    },
    "rotated": false,
    "capInsets": [
      0,
      0,
      0,
      0
    ],
    "vertices": {
      "rawPosition": [
        -44.5,
        -70,
        0,
        44.5,
        -70,
        0,
        -44.5,
        70,
        0,
        44.5,
        70,
        0
      ],
      "indexes": [
        0,
        1,
        2,
        2,
        1,
        3
      ],
      "uv": [
        11,
        146,
        100,
        146,
        11,
        6,
        100,
        6
      ],
      "nuv": [
        0.11,
        0.04,
        1,
        0.04,
        0.11,
        0.9733333333333334,
        1,
        0.9733333333333334
      ],
      "minPos": {
        "x": -44.5,
        "y": -70,
        "z": 0
      },
      "maxPos": {
        "x": 44.5,
        "y": 70,
        "z": 0
      }
    },
    "texture": "aae74390-50f1-4727-acb3-904160d982cf@6c48a",
    "packable": true,
    "pixelsToUnit": 100,
    "pivot": {
      "x": 0.5,
      "y": 0.5
    },
    "meshType": 0
  }
}