{
  "__type__": "cc.SpriteFrame",
  "content": {
    "name": "Card1",
    "atlas": "",
    "rect": {
      "x": 50,
      "y": 26,
      "width": 412,
      "height": 463
    },
    "offset": {
      "x": 0,
      "y": -1.5
    },
    "originalSize": {
      "width": 512,
      "height": 512
    },
    "rotated": false,
    "capInsets": [
      0,
      0,
      0,
      0
    ],
    "vertices": {
      "rawPosition": [
        -206,
        -231.5,
        0,
        206,
        -231.5,
        0,
        -206,
        231.5,
        0,
        206,
        231.5,
        0
      ],
      "indexes": [
        0,
        1,
        2,
        2,
        1,
        3
      ],
      "uv": [
        50,
        486,
        462,
        486,
        50,
        23,
        462,
        23
      ],
      "nuv": [
        0.09765625,
        0.044921875,
        0.90234375,
        0.044921875,
        0.09765625,
        0.94921875,
        0.90234375,
        0.94921875
      ],
      "minPos": {
        "x": -206,
        "y": -231.5,
        "z": 0
      },
      "maxPos": {
        "x": 206,
        "y": 231.5,
        "z": 0
      }
    },
    "texture": "83374b94-d183-4b79-8b45-5508f187cdc6@6c48a",
    "packable": true,
    "pixelsToUnit": 100,
    "pivot": {
      "x": 0.5,
      "y": 0.5
    },
    "meshType": 0
  }
}