{
  "__type__": "cc.SpriteFrame",
  "content": {
    "name": "TX_hitD01",
    "atlas": "",
    "rect": {
      "x": 38,
      "y": 35,
      "width": 56,
      "height": 57
    },
    "offset": {
      "x": 2,
      "y": 0.5
    },
    "originalSize": {
      "width": 128,
      "height": 128
    },
    "rotated": false,
    "capInsets": [
      0,
      0,
      0,
      0
    ],
    "vertices": {
      "rawPosition": [
        -28,
        -28.5,
        0,
        28,
        -28.5,
        0,
        -28,
        28.5,
        0,
        28,
        28.5,
        0
      ],
      "indexes": [
        0,
        1,
        2,
        2,
        1,
        3
      ],
      "uv": [
        38,
        93,
        94,
        93,
        38,
        36,
        94,
        36
      ],
      "nuv": [
        0.296875,
        0.28125,
        0.734375,
        0.28125,
        0.296875,
        0.7265625,
        0.734375,
        0.7265625
      ],
      "minPos": {
        "x": -28,
        "y": -28.5,
        "z": 0
      },
      "maxPos": {
        "x": 28,
        "y": 28.5,
        "z": 0
      }
    },
    "texture": "65699ce5-7fea-4a41-8e88-63e70cdffbcf@6c48a",
    "packable": true,
    "pixelsToUnit": 100,
    "pivot": {
      "x": 0.5,
      "y": 0.5
    },
    "meshType": 0
  }
}