{
  "__type__": "cc.SpriteFrame",
  "content": {
    "name": "arrow",
    "atlas": "",
    "rect": {
      "x": 3,
      "y": 3,
      "width": 113,
      "height": 141
    },
    "offset": {
      "x": 0.5,
      "y": -0.5
    },
    "originalSize": {
      "width": 118,
      "height": 146
    },
    "rotated": false,
    "capInsets": [
      0,
      0,
      0,
      0
    ],
    "vertices": {
      "rawPosition": [
        -56.5,
        -70.5,
        0,
        56.5,
        -70.5,
        0,
        -56.5,
        70.5,
        0,
        56.5,
        70.5,
        0
      ],
      "indexes": [
        0,
        1,
        2,
        2,
        1,
        3
      ],
      "uv": [
        3,
        143,
        116,
        143,
        3,
        2,
        116,
        2
      ],
      "nuv": [
        0.025423728813559324,
        0.0136986301369863,
        0.9830508474576272,
        0.0136986301369863,
        0.025423728813559324,
        0.9794520547945206,
        0.9830508474576272,
        0.9794520547945206
      ],
      "minPos": {
        "x": -56.5,
        "y": -70.5,
        "z": 0
      },
      "maxPos": {
        "x": 56.5,
        "y": 70.5,
        "z": 0
      }
    },
    "texture": "36484b88-c702-4542-b3b9-2854f242c18b@6c48a",
    "packable": true,
    "pixelsToUnit": 100,
    "pivot": {
      "x": 0.5,
      "y": 0.5
    },
    "meshType": 0
  }
}