{
  "__type__": "cc.SpriteFrame",
  "content": {
    "name": "UI_weapon04",
    "atlas": "",
    "rect": {
      "x": 14,
      "y": 28,
      "width": 83,
      "height": 84
    },
    "offset": {
      "x": -8.5,
      "y": -6
    },
    "originalSize": {
      "width": 128,
      "height": 128
    },
    "rotated": false,
    "capInsets": [
      0,
      0,
      0,
      0
    ],
    "vertices": {
      "rawPosition": [
        -41.5,
        -42,
        0,
        41.5,
        -42,
        0,
        -41.5,
        42,
        0,
        41.5,
        42,
        0
      ],
      "indexes": [
        0,
        1,
        2,
        2,
        1,
        3
      ],
      "uv": [
        14,
        100,
        97,
        100,
        14,
        16,
        97,
        16
      ],
      "nuv": [
        0.109375,
        0.125,
        0.7578125,
        0.125,
        0.109375,
        0.78125,
        0.7578125,
        0.78125
      ],
      "minPos": {
        "x": -41.5,
        "y": -42,
        "z": 0
      },
      "maxPos": {
        "x": 41.5,
        "y": 42,
        "z": 0
      }
    },
    "texture": "67b3e504-ae23-4d50-964c-1c0a74e30545@6c48a",
    "packable": true,
    "pixelsToUnit": 100,
    "pivot": {
      "x": 0.5,
      "y": 0.5
    },
    "meshType": 0
  }
}