{
  "__type__": "cc.SpriteFrame",
  "content": {
    "name": "TX_skillD03",
    "atlas": "",
    "rect": {
      "x": 10,
      "y": 31,
      "width": 100,
      "height": 106
    },
    "offset": {
      "x": -4,
      "y": -12.5
    },
    "originalSize": {
      "width": 128,
      "height": 143
    },
    "rotated": false,
    "capInsets": [
      0,
      0,
      0,
      0
    ],
    "vertices": {
      "rawPosition": [
        -50,
        -53,
        0,
        50,
        -53,
        0,
        -50,
        53,
        0,
        50,
        53,
        0
      ],
      "indexes": [
        0,
        1,
        2,
        2,
        1,
        3
      ],
      "uv": [
        10,
        112,
        110,
        112,
        10,
        6,
        110,
        6
      ],
      "nuv": [
        0.078125,
        0.04195804195804196,
        0.859375,
        0.04195804195804196,
        0.078125,
        0.7832167832167832,
        0.859375,
        0.7832167832167832
      ],
      "minPos": {
        "x": -50,
        "y": -53,
        "z": 0
      },
      "maxPos": {
        "x": 50,
        "y": 53,
        "z": 0
      }
    },
    "texture": "165b308b-ec8a-4eb0-a837-d019e0e4682e@6c48a",
    "packable": true,
    "pixelsToUnit": 100,
    "pivot": {
      "x": 0.5,
      "y": 0.5
    },
    "meshType": 0
  }
}