{
  "__type__": "cc.SpriteFrame",
  "content": {
    "name": "posui04",
    "atlas": "",
    "rect": {
      "x": 6,
      "y": 6,
      "width": 117,
      "height": 117
    },
    "offset": {
      "x": 0.5,
      "y": -0.5
    },
    "originalSize": {
      "width": 128,
      "height": 128
    },
    "rotated": false,
    "capInsets": [
      0,
      0,
      0,
      0
    ],
    "vertices": {
      "rawPosition": [
        -58.5,
        -58.5,
        0,
        58.5,
        -58.5,
        0,
        -58.5,
        58.5,
        0,
        58.5,
        58.5,
        0
      ],
      "indexes": [
        0,
        1,
        2,
        2,
        1,
        3
      ],
      "uv": [
        6,
        122,
        123,
        122,
        6,
        5,
        123,
        5
      ],
      "nuv": [
        0.046875,
        0.0390625,
        0.9609375,
        0.0390625,
        0.046875,
        0.953125,
        0.9609375,
        0.953125
      ],
      "minPos": {
        "x": -58.5,
        "y": -58.5,
        "z": 0
      },
      "maxPos": {
        "x": 58.5,
        "y": 58.5,
        "z": 0
      }
    },
    "texture": "50fbb06d-5084-4a0a-98ae-dec1658765d6@6c48a",
    "packable": true,
    "pixelsToUnit": 100,
    "pivot": {
      "x": 0.5,
      "y": 0.5
    },
    "meshType": 0
  }
}