{
  "__type__": "cc.SpriteFrame",
  "content": {
    "name": "jianta",
    "atlas": "",
    "rect": {
      "x": 14,
      "y": 26,
      "width": 78,
      "height": 85
    },
    "offset": {
      "x": -11,
      "y": -4.5
    },
    "originalSize": {
      "width": 128,
      "height": 128
    },
    "rotated": false,
    "capInsets": [
      0,
      0,
      0,
      0
    ],
    "vertices": {
      "rawPosition": [
        -39,
        -42.5,
        0,
        39,
        -42.5,
        0,
        -39,
        42.5,
        0,
        39,
        42.5,
        0
      ],
      "indexes": [
        0,
        1,
        2,
        2,
        1,
        3
      ],
      "uv": [
        14,
        102,
        92,
        102,
        14,
        17,
        92,
        17
      ],
      "nuv": [
        0.109375,
        0.1328125,
        0.71875,
        0.1328125,
        0.109375,
        0.796875,
        0.71875,
        0.796875
      ],
      "minPos": {
        "x": -39,
        "y": -42.5,
        "z": 0
      },
      "maxPos": {
        "x": 39,
        "y": 42.5,
        "z": 0
      }
    },
    "texture": "bb039000-1148-4267-8d7f-571706d7b73a@6c48a",
    "packable": true,
    "pixelsToUnit": 100,
    "pivot": {
      "x": 0.5,
      "y": 0.5
    },
    "meshType": 0
  }
}