{
  "__type__": "cc.SpriteFrame",
  "content": {
    "name": "TX_dianliuKJ1003",
    "atlas": "",
    "rect": {
      "x": 19,
      "y": 8,
      "width": 91,
      "height": 110
    },
    "offset": {
      "x": 0.5,
      "y": 1
    },
    "originalSize": {
      "width": 128,
      "height": 128
    },
    "rotated": false,
    "capInsets": [
      0,
      0,
      0,
      0
    ],
    "vertices": {
      "rawPosition": [
        -45.5,
        -55,
        0,
        45.5,
        -55,
        0,
        -45.5,
        55,
        0,
        45.5,
        55,
        0
      ],
      "indexes": [
        0,
        1,
        2,
        2,
        1,
        3
      ],
      "uv": [
        19,
        120,
        110,
        120,
        19,
        10,
        110,
        10
      ],
      "nuv": [
        0.1484375,
        0.078125,
        0.859375,
        0.078125,
        0.1484375,
        0.9375,
        0.859375,
        0.9375
      ],
      "minPos": {
        "x": -45.5,
        "y": -55,
        "z": 0
      },
      "maxPos": {
        "x": 45.5,
        "y": 55,
        "z": 0
      }
    },
    "texture": "2728d399-ad81-413c-b376-0436ba0e33fd@6c48a",
    "packable": true,
    "pixelsToUnit": 100,
    "pivot": {
      "x": 0.5,
      "y": 0.5
    },
    "meshType": 0
  }
}