{
  "__type__": "cc.SpriteFrame",
  "content": {
    "name": "TX_sashui1006",
    "atlas": "",
    "rect": {
      "x": 26,
      "y": 49,
      "width": 72,
      "height": 67
    },
    "offset": {
      "x": -2,
      "y": -18.5
    },
    "originalSize": {
      "width": 128,
      "height": 128
    },
    "rotated": false,
    "capInsets": [
      0,
      0,
      0,
      0
    ],
    "vertices": {
      "rawPosition": [
        -36,
        -33.5,
        0,
        36,
        -33.5,
        0,
        -36,
        33.5,
        0,
        36,
        33.5,
        0
      ],
      "indexes": [
        0,
        1,
        2,
        2,
        1,
        3
      ],
      "uv": [
        26,
        79,
        98,
        79,
        26,
        12,
        98,
        12
      ],
      "nuv": [
        0.203125,
        0.09375,
        0.765625,
        0.09375,
        0.203125,
        0.6171875,
        0.765625,
        0.6171875
      ],
      "minPos": {
        "x": -36,
        "y": -33.5,
        "z": 0
      },
      "maxPos": {
        "x": 36,
        "y": 33.5,
        "z": 0
      }
    },
    "texture": "fc8a123e-be8e-40fd-98e0-42f72d6c5627@6c48a",
    "packable": true,
    "pixelsToUnit": 100,
    "pivot": {
      "x": 0.5,
      "y": 0.5
    },
    "meshType": 0
  }
}