{
  "__type__": "cc.SpriteFrame",
  "content": {
    "name": "UI_jiachong",
    "atlas": "",
    "rect": {
      "x": 8,
      "y": 10,
      "width": 112,
      "height": 109
    },
    "offset": {
      "x": 0,
      "y": -0.5
    },
    "originalSize": {
      "width": 128,
      "height": 128
    },
    "rotated": false,
    "capInsets": [
      0,
      0,
      0,
      0
    ],
    "vertices": {
      "rawPosition": [
        -56,
        -54.5,
        0,
        56,
        -54.5,
        0,
        -56,
        54.5,
        0,
        56,
        54.5,
        0
      ],
      "indexes": [
        0,
        1,
        2,
        2,
        1,
        3
      ],
      "uv": [
        8,
        118,
        120,
        118,
        8,
        9,
        120,
        9
      ],
      "nuv": [
        0.0625,
        0.0703125,
        0.9375,
        0.0703125,
        0.0625,
        0.921875,
        0.9375,
        0.921875
      ],
      "minPos": {
        "x": -56,
        "y": -54.5,
        "z": 0
      },
      "maxPos": {
        "x": 56,
        "y": 54.5,
        "z": 0
      }
    },
    "texture": "6045b016-b568-4c07-8731-528736bb5b8e@6c48a",
    "packable": true,
    "pixelsToUnit": 100,
    "pivot": {
      "x": 0.5,
      "y": 0.5
    },
    "meshType": 0
  }
}