{
  "__type__": "cc.SpriteFrame",
  "content": {
    "name": "TX_huoyan1002",
    "atlas": "",
    "rect": {
      "x": 28,
      "y": 10,
      "width": 81,
      "height": 194
    },
    "offset": {
      "x": 8.5,
      "y": -1.5
    },
    "originalSize": {
      "width": 120,
      "height": 211
    },
    "rotated": false,
    "capInsets": [
      0,
      0,
      0,
      0
    ],
    "vertices": {
      "rawPosition": [
        -40.5,
        -97,
        0,
        40.5,
        -97,
        0,
        -40.5,
        97,
        0,
        40.5,
        97,
        0
      ],
      "indexes": [
        0,
        1,
        2,
        2,
        1,
        3
      ],
      "uv": [
        28,
        201,
        109,
        201,
        28,
        7,
        109,
        7
      ],
      "nuv": [
        0.23333333333333334,
        0.03317535545023697,
        0.9083333333333333,
        0.03317535545023697,
        0.23333333333333334,
        0.95260663507109,
        0.9083333333333333,
        0.95260663507109
      ],
      "minPos": {
        "x": -40.5,
        "y": -97,
        "z": 0
      },
      "maxPos": {
        "x": 40.5,
        "y": 97,
        "z": 0
      }
    },
    "texture": "dd84d33d-73a3-4da4-9255-b2db1198e14c@6c48a",
    "packable": true,
    "pixelsToUnit": 100,
    "pivot": {
      "x": 0.5,
      "y": 0.5
    },
    "meshType": 0
  }
}