{
  "__type__": "cc.SpriteFrame",
  "content": {
    "name": "UI_bossZY_wai",
    "atlas": "",
    "rect": {
      "x": 12,
      "y": 12,
      "width": 72,
      "height": 80
    },
    "offset": {
      "x": 0,
      "y": -4
    },
    "originalSize": {
      "width": 96,
      "height": 96
    },
    "rotated": false,
    "capInsets": [
      0,
      0,
      0,
      0
    ],
    "vertices": {
      "rawPosition": [
        -36,
        -40,
        0,
        36,
        -40,
        0,
        -36,
        40,
        0,
        36,
        40,
        0
      ],
      "indexes": [
        0,
        1,
        2,
        2,
        1,
        3
      ],
      "uv": [
        12,
        84,
        84,
        84,
        12,
        4,
        84,
        4
      ],
      "nuv": [
        0.125,
        0.041666666666666664,
        0.875,
        0.041666666666666664,
        0.125,
        0.875,
        0.875,
        0.875
      ],
      "minPos": {
        "x": -36,
        "y": -40,
        "z": 0
      },
      "maxPos": {
        "x": 36,
        "y": 40,
        "z": 0
      }
    },
    "texture": "d32c4a8f-31b1-4a39-b511-0eeede5c9b3d@6c48a",
    "packable": true,
    "pixelsToUnit": 100,
    "pivot": {
      "x": 0.5,
      "y": 0.5
    },
    "meshType": 0
  }
}