{
  "__type__": "cc.SpriteFrame",
  "content": {
    "name": "JCbeetle_R_1019",
    "atlas": "",
    "rect": {
      "x": 32,
      "y": 31,
      "width": 95,
      "height": 72
    },
    "offset": {
      "x": 15.5,
      "y": -3
    },
    "originalSize": {
      "width": 128,
      "height": 128
    },
    "rotated": false,
    "capInsets": [
      0,
      0,
      0,
      0
    ],
    "vertices": {
      "rawPosition": [
        -47.5,
        -36,
        0,
        47.5,
        -36,
        0,
        -47.5,
        36,
        0,
        47.5,
        36,
        0
      ],
      "indexes": [
        0,
        1,
        2,
        2,
        1,
        3
      ],
      "uv": [
        32,
        97,
        127,
        97,
        32,
        25,
        127,
        25
      ],
      "nuv": [
        0.25,
        0.1953125,
        0.9921875,
        0.1953125,
        0.25,
        0.7578125,
        0.9921875,
        0.7578125
      ],
      "minPos": {
        "x": -47.5,
        "y": -36,
        "z": 0
      },
      "maxPos": {
        "x": 47.5,
        "y": 36,
        "z": 0
      }
    },
    "texture": "d3afbb2d-eb54-4867-9ad9-902eb0c6a5de@6c48a",
    "packable": true,
    "pixelsToUnit": 100,
    "pivot": {
      "x": 0.5,
      "y": 0.5
    },
    "meshType": 0
  }
}