{
  "__type__": "cc.SpriteFrame",
  "content": {
    "name": "JCZSbeetlewarrior_R_1070",
    "atlas": "",
    "rect": {
      "x": 28,
      "y": 26,
      "width": 98,
      "height": 79
    },
    "offset": {
      "x": 13,
      "y": -1.5
    },
    "originalSize": {
      "width": 128,
      "height": 128
    },
    "rotated": false,
    "capInsets": [
      0,
      0,
      0,
      0
    ],
    "vertices": {
      "rawPosition": [
        -49,
        -39.5,
        0,
        49,
        -39.5,
        0,
        -49,
        39.5,
        0,
        49,
        39.5,
        0
      ],
      "indexes": [
        0,
        1,
        2,
        2,
        1,
        3
      ],
      "uv": [
        28,
        102,
        126,
        102,
        28,
        23,
        126,
        23
      ],
      "nuv": [
        0.21875,
        0.1796875,
        0.984375,
        0.1796875,
        0.21875,
        0.796875,
        0.984375,
        0.796875
      ],
      "minPos": {
        "x": -49,
        "y": -39.5,
        "z": 0
      },
      "maxPos": {
        "x": 49,
        "y": 39.5,
        "z": 0
      }
    },
    "texture": "d3fe942e-3134-4032-8737-3527f096b4bc@6c48a",
    "packable": true,
    "pixelsToUnit": 100,
    "pivot": {
      "x": 0.5,
      "y": 0.5
    },
    "meshType": 0
  }
}