{
  "__type__": "cc.SpriteFrame",
  "content": {
    "name": "UI_qipao",
    "atlas": "",
    "rect": {
      "x": 1,
      "y": 1,
      "width": 62,
      "height": 68
    },
    "offset": {
      "x": 0,
      "y": 0
    },
    "originalSize": {
      "width": 64,
      "height": 70
    },
    "rotated": false,
    "capInsets": [
      0,
      0,
      0,
      0
    ],
    "vertices": {
      "rawPosition": [
        -31,
        -34,
        0,
        31,
        -34,
        0,
        -31,
        34,
        0,
        31,
        34,
        0
      ],
      "indexes": [
        0,
        1,
        2,
        2,
        1,
        3
      ],
      "uv": [
        1,
        69,
        63,
        69,
        1,
        1,
        63,
        1
      ],
      "nuv": [
        0.015625,
        0.014285714285714285,
        0.984375,
        0.014285714285714285,
        0.015625,
        0.9857142857142858,
        0.984375,
        0.9857142857142858
      ],
      "minPos": {
        "x": -31,
        "y": -34,
        "z": 0
      },
      "maxPos": {
        "x": 31,
        "y": 34,
        "z": 0
      }
    },
    "texture": "15061fd4-93ae-40ad-afaf-9113ee8e0e5d@6c48a",
    "packable": true,
    "pixelsToUnit": 100,
    "pivot": {
      "x": 0.5,
      "y": 0.5
    },
    "meshType": 0
  }
}