{
  "__type__": "cc.SpriteFrame",
  "content": {
    "name": "woods",
    "atlas": "",
    "rect": {
      "x": 3,
      "y": 3,
      "width": 169,
      "height": 145
    },
    "offset": {
      "x": 0.5,
      "y": -0.5
    },
    "originalSize": {
      "width": 174,
      "height": 150
    },
    "rotated": false,
    "capInsets": [
      0,
      0,
      0,
      0
    ],
    "vertices": {
      "rawPosition": [
        -84.5,
        -72.5,
        0,
        84.5,
        -72.5,
        0,
        -84.5,
        72.5,
        0,
        84.5,
        72.5,
        0
      ],
      "indexes": [
        0,
        1,
        2,
        2,
        1,
        3
      ],
      "uv": [
        3,
        147,
        172,
        147,
        3,
        2,
        172,
        2
      ],
      "nuv": [
        0.017241379310344827,
        0.013333333333333334,
        0.9885057471264368,
        0.013333333333333334,
        0.017241379310344827,
        0.98,
        0.9885057471264368,
        0.98
      ],
      "minPos": {
        "x": -84.5,
        "y": -72.5,
        "z": 0
      },
      "maxPos": {
        "x": 84.5,
        "y": 72.5,
        "z": 0
      }
    },
    "texture": "1578af77-9ede-4e2a-ba81-caf748d2db73@6c48a",
    "packable": true,
    "pixelsToUnit": 100,
    "pivot": {
      "x": 0.5,
      "y": 0.5
    },
    "meshType": 0
  }
}