{
  "__type__": "cc.Skeleton",
  "_name": "Skin-6",
  "_objFlags": 0,
  "__editorExtras__": {},
  "_native": "",
  "_joints": [
    "Bip001/Bip001 Pelvis/Bip001 Spine/Bip001 Spine1/Bip001 Neck/Bip001 R Clavicle/Bip001 R UpperArm/Bip001 R Forearm/Bip001 R Hand/weapen"
  ],
  "_bindposes": [
    {
      "__type__": "cc.Mat4",
      "m00": -0.225922092795372,
      "m01": 0.8927375674247742,
      "m02": 0.38984426856040955,
      "m03": 0,
      "m04": -0.1354093849658966,
      "m05": 0.3675265610218048,
      "m06": -0.920102059841156,
      "m07": 0,
      "m08": -0.9646881222724915,
      "m09": -0.2606600821018219,
      "m10": 0.03785267099738121,
      "m11": 0,
      "m12": 0.0089400140568614,
      "m13": -0.003796214936301112,
      "m14": 0.01025864016264677,
      "m15": 1
    }
  ],
  "_hash": 1790584890
}