{
  "__type__": "cc.SpriteFrame",
  "content": {
    "name": "TX_shengji1001",
    "atlas": "",
    "rect": {
      "x": 8,
      "y": 22,
      "width": 112,
      "height": 91
    },
    "offset": {
      "x": 0,
      "y": -3.5
    },
    "originalSize": {
      "width": 128,
      "height": 128
    },
    "rotated": false,
    "capInsets": [
      0,
      0,
      0,
      0
    ],
    "vertices": {
      "rawPosition": [
        -56,
        -45.5,
        0,
        56,
        -45.5,
        0,
        -56,
        45.5,
        0,
        56,
        45.5,
        0
      ],
      "indexes": [
        0,
        1,
        2,
        2,
        1,
        3
      ],
      "uv": [
        8,
        106,
        120,
        106,
        8,
        15,
        120,
        15
      ],
      "nuv": [
        0.0625,
        0.1171875,
        0.9375,
        0.1171875,
        0.0625,
        0.828125,
        0.9375,
        0.828125
      ],
      "minPos": {
        "x": -56,
        "y": -45.5,
        "z": 0
      },
      "maxPos": {
        "x": 56,
        "y": 45.5,
        "z": 0
      }
    },
    "texture": "0a760e53-f313-4002-aef8-4324131798f9@6c48a",
    "packable": true,
    "pixelsToUnit": 100,
    "pivot": {
      "x": 0.5,
      "y": 0.5
    },
    "meshType": 0
  }
}