{
  "__type__": "cc.SpriteFrame",
  "content": {
    "name": "XZmetalscorpion_R_1010",
    "atlas": "",
    "rect": {
      "x": 35,
      "y": 32,
      "width": 62,
      "height": 56
    },
    "offset": {
      "x": 2,
      "y": 4
    },
    "originalSize": {
      "width": 128,
      "height": 128
    },
    "rotated": false,
    "capInsets": [
      0,
      0,
      0,
      0
    ],
    "vertices": {
      "rawPosition": [
        -31,
        -28,
        0,
        31,
        -28,
        0,
        -31,
        28,
        0,
        31,
        28,
        0
      ],
      "indexes": [
        0,
        1,
        2,
        2,
        1,
        3
      ],
      "uv": [
        35,
        96,
        97,
        96,
        35,
        40,
        97,
        40
      ],
      "nuv": [
        0.2734375,
        0.3125,
        0.7578125,
        0.3125,
        0.2734375,
        0.75,
        0.7578125,
        0.75
      ],
      "minPos": {
        "x": -31,
        "y": -28,
        "z": 0
      },
      "maxPos": {
        "x": 31,
        "y": 28,
        "z": 0
      }
    },
    "texture": "1a618558-6a8d-4362-8ba4-67047a3f26d2@6c48a",
    "packable": true,
    "pixelsToUnit": 100,
    "pivot": {
      "x": 0.5,
      "y": 0.5
    },
    "meshType": 0
  }
}