{
  "__type__": "cc.SpriteFrame",
  "content": {
    "name": "TX_Dbingjian1007",
    "atlas": "",
    "rect": {
      "x": 27,
      "y": 41,
      "width": 73,
      "height": 108
    },
    "offset": {
      "x": 13.5,
      "y": -20
    },
    "originalSize": {
      "width": 100,
      "height": 150
    },
    "rotated": false,
    "capInsets": [
      0,
      0,
      0,
      0
    ],
    "vertices": {
      "rawPosition": [
        -36.5,
        -54,
        0,
        36.5,
        -54,
        0,
        -36.5,
        54,
        0,
        36.5,
        54,
        0
      ],
      "indexes": [
        0,
        1,
        2,
        2,
        1,
        3
      ],
      "uv": [
        27,
        109,
        100,
        109,
        27,
        1,
        100,
        1
      ],
      "nuv": [
        0.27,
        0.006666666666666667,
        1,
        0.006666666666666667,
        0.27,
        0.7266666666666667,
        1,
        0.7266666666666667
      ],
      "minPos": {
        "x": -36.5,
        "y": -54,
        "z": 0
      },
      "maxPos": {
        "x": 36.5,
        "y": 54,
        "z": 0
      }
    },
    "texture": "1aee86a4-7286-4be2-a734-33ecbbb39906@6c48a",
    "packable": true,
    "pixelsToUnit": 100,
    "pivot": {
      "x": 0.5,
      "y": 0.5
    },
    "meshType": 0
  }
}