{
  "__type__": "cc.SpriteFrame",
  "content": {
    "name": "TX_Cdudan1014",
    "atlas": "",
    "rect": {
      "x": 30,
      "y": 22,
      "width": 212,
      "height": 208
    },
    "offset": {
      "x": 2.5,
      "y": 2
    },
    "originalSize": {
      "width": 267,
      "height": 256
    },
    "rotated": false,
    "capInsets": [
      0,
      0,
      0,
      0
    ],
    "vertices": {
      "rawPosition": [
        -106,
        -104,
        0,
        106,
        -104,
        0,
        -106,
        104,
        0,
        106,
        104,
        0
      ],
      "indexes": [
        0,
        1,
        2,
        2,
        1,
        3
      ],
      "uv": [
        30,
        234,
        242,
        234,
        30,
        26,
        242,
        26
      ],
      "nuv": [
        0.11235955056179775,
        0.1015625,
        0.9063670411985019,
        0.1015625,
        0.11235955056179775,
        0.9140625,
        0.9063670411985019,
        0.9140625
      ],
      "minPos": {
        "x": -106,
        "y": -104,
        "z": 0
      },
      "maxPos": {
        "x": 106,
        "y": 104,
        "z": 0
      }
    },
    "texture": "1af98b8b-9e6d-438d-83af-4ab28ba06e92@6c48a",
    "packable": true,
    "pixelsToUnit": 100,
    "pivot": {
      "x": 0.5,
      "y": 0.5
    },
    "meshType": 0
  }
}