{
  "__type__": "cc.SpriteFrame",
  "content": {
    "name": "TX_hitE02",
    "atlas": "",
    "rect": {
      "x": 40,
      "y": 3,
      "width": 80,
      "height": 87
    },
    "offset": {
      "x": 16,
      "y": 17.5
    },
    "originalSize": {
      "width": 128,
      "height": 128
    },
    "rotated": false,
    "capInsets": [
      0,
      0,
      0,
      0
    ],
    "vertices": {
      "rawPosition": [
        -40,
        -43.5,
        0,
        40,
        -43.5,
        0,
        -40,
        43.5,
        0,
        40,
        43.5,
        0
      ],
      "indexes": [
        0,
        1,
        2,
        2,
        1,
        3
      ],
      "uv": [
        40,
        125,
        120,
        125,
        40,
        38,
        120,
        38
      ],
      "nuv": [
        0.3125,
        0.296875,
        0.9375,
        0.296875,
        0.3125,
        0.9765625,
        0.9375,
        0.9765625
      ],
      "minPos": {
        "x": -40,
        "y": -43.5,
        "z": 0
      },
      "maxPos": {
        "x": 40,
        "y": 43.5,
        "z": 0
      }
    },
    "texture": "8d3aa4e8-3a31-4e57-9bd9-2aebcd7393ad@6c48a",
    "packable": true,
    "pixelsToUnit": 100,
    "pivot": {
      "x": 0.5,
      "y": 0.5
    },
    "meshType": 0
  }
}