{
  "__type__": "cc.SpriteFrame",
  "content": {
    "name": "UI_xiaohua04",
    "atlas": "",
    "rect": {
      "x": 2,
      "y": 2,
      "width": 99,
      "height": 99
    },
    "offset": {
      "x": 0,
      "y": 0
    },
    "originalSize": {
      "width": 103,
      "height": 103
    },
    "rotated": false,
    "capInsets": [
      0,
      0,
      0,
      0
    ],
    "vertices": {
      "rawPosition": [
        -49.5,
        -49.5,
        0,
        49.5,
        -49.5,
        0,
        -49.5,
        49.5,
        0,
        49.5,
        49.5,
        0
      ],
      "indexes": [
        0,
        1,
        2,
        2,
        1,
        3
      ],
      "uv": [
        2,
        101,
        101,
        101,
        2,
        2,
        101,
        2
      ],
      "nuv": [
        0.019417475728155338,
        0.019417475728155338,
        0.9805825242718447,
        0.019417475728155338,
        0.019417475728155338,
        0.9805825242718447,
        0.9805825242718447,
        0.9805825242718447
      ],
      "minPos": {
        "x": -49.5,
        "y": -49.5,
        "z": 0
      },
      "maxPos": {
        "x": 49.5,
        "y": 49.5,
        "z": 0
      }
    },
    "texture": "5d985288-67f6-4ec2-a57e-e1e322bce28d@6c48a",
    "packable": true,
    "pixelsToUnit": 100,
    "pivot": {
      "x": 0.5,
      "y": 0.5
    },
    "meshType": 0
  }
}