{
  "__type__": "cc.Skeleton",
  "_name": "Skin-0",
  "_objFlags": 0,
  "__editorExtras__": {},
  "_native": "",
  "_joints": [
    "Bone001"
  ],
  "_bindposes": [
    {
      "__type__": "cc.Mat4",
      "m00": -0.003345169359818101,
      "m01": -0.9999943971633911,
      "m02": -0.000009135404070548248,
      "m03": 0,
      "m04": 0.9999943971633911,
      "m05": -0.003345169359818101,
      "m06": 4.345883652945304e-8,
      "m07": 0,
      "m08": -7.401806811913048e-8,
      "m09": -0.000009135207619692665,
      "m10": 1,
      "m11": 0,
      "m12": -0.9325618147850037,
      "m13": -0.022770486772060394,
      "m14": -2.770395326479047e-7,
      "m15": 1
    }
  ],
  "_hash": 2250497828
}