{
  "__type__": "cc.Skeleton",
  "_name": "Skin-1",
  "_objFlags": 0,
  "__editorExtras__": {},
  "_native": "",
  "_joints": [
    "Bone001/Bone002"
  ],
  "_bindposes": [
    {
      "__type__": "cc.Mat4",
      "m00": -0.012044495902955532,
      "m01": -0.9999274611473083,
      "m02": 3.895357814087674e-9,
      "m03": 0,
      "m04": 0.9999274611473083,
      "m05": -0.012044495902955532,
      "m06": -3.233266738789098e-7,
      "m07": 0,
      "m08": 3.233501502108993e-7,
      "m09": 7.682904876529784e-13,
      "m10": 1,
      "m11": 0,
      "m12": 0.42484521865844727,
      "m13": -0.009379382245242596,
      "m14": -0.003288411069661379,
      "m15": 1
    }
  ],
  "_hash": 2968446580
}