{
  "__type__": "cc.SpriteFrame",
  "content": {
    "name": "TLmantis_L_1013",
    "atlas": "",
    "rect": {
      "x": 36,
      "y": 30,
      "width": 54,
      "height": 64
    },
    "offset": {
      "x": -1,
      "y": 2
    },
    "originalSize": {
      "width": 128,
      "height": 128
    },
    "rotated": false,
    "capInsets": [
      0,
      0,
      0,
      0
    ],
    "vertices": {
      "rawPosition": [
        -27,
        -32,
        0,
        27,
        -32,
        0,
        -27,
        32,
        0,
        27,
        32,
        0
      ],
      "indexes": [
        0,
        1,
        2,
        2,
        1,
        3
      ],
      "uv": [
        36,
        98,
        90,
        98,
        36,
        34,
        90,
        34
      ],
      "nuv": [
        0.28125,
        0.265625,
        0.703125,
        0.265625,
        0.28125,
        0.765625,
        0.703125,
        0.765625
      ],
      "minPos": {
        "x": -27,
        "y": -32,
        "z": 0
      },
      "maxPos": {
        "x": 27,
        "y": 32,
        "z": 0
      }
    },
    "texture": "f2142004-28fb-40ac-ae0e-1981aa017f08@6c48a",
    "packable": true,
    "pixelsToUnit": 100,
    "pivot": {
      "x": 0.5,
      "y": 0.5
    },
    "meshType": 0
  }
}