{
  "__type__": "cc.SpriteFrame",
  "content": {
    "name": "TX_Eshandian1001",
    "atlas": "",
    "rect": {
      "x": 8,
      "y": 12,
      "width": 54,
      "height": 102
    },
    "offset": {
      "x": 1.5,
      "y": -3
    },
    "originalSize": {
      "width": 67,
      "height": 120
    },
    "rotated": false,
    "capInsets": [
      0,
      0,
      0,
      0
    ],
    "vertices": {
      "rawPosition": [
        -27,
        -51,
        0,
        27,
        -51,
        0,
        -27,
        51,
        0,
        27,
        51,
        0
      ],
      "indexes": [
        0,
        1,
        2,
        2,
        1,
        3
      ],
      "uv": [
        8,
        108,
        62,
        108,
        8,
        6,
        62,
        6
      ],
      "nuv": [
        0.11940298507462686,
        0.05,
        0.9253731343283582,
        0.05,
        0.11940298507462686,
        0.9,
        0.9253731343283582,
        0.9
      ],
      "minPos": {
        "x": -27,
        "y": -51,
        "z": 0
      },
      "maxPos": {
        "x": 27,
        "y": 51,
        "z": 0
      }
    },
    "texture": "426d9032-7258-4fa6-81ac-8723a543c9e0@6c48a",
    "packable": true,
    "pixelsToUnit": 100,
    "pivot": {
      "x": 0.5,
      "y": 0.5
    },
    "meshType": 0
  }
}