{
  "__type__": "cc.SpriteFrame",
  "content": {
    "name": "TX_Dbingjian1037",
    "atlas": "",
    "rect": {
      "x": 110,
      "y": 155,
      "width": 64,
      "height": 46
    },
    "offset": {
      "x": 14,
      "y": -50
    },
    "originalSize": {
      "width": 256,
      "height": 256
    },
    "rotated": false,
    "capInsets": [
      0,
      0,
      0,
      0
    ],
    "vertices": {
      "rawPosition": [
        -32,
        -23,
        0,
        32,
        -23,
        0,
        -32,
        23,
        0,
        32,
        23,
        0
      ],
      "indexes": [
        0,
        1,
        2,
        2,
        1,
        3
      ],
      "uv": [
        110,
        101,
        174,
        101,
        110,
        55,
        174,
        55
      ],
      "nuv": [
        0.4296875,
        0.21484375,
        0.6796875,
        0.21484375,
        0.4296875,
        0.39453125,
        0.6796875,
        0.39453125
      ],
      "minPos": {
        "x": -32,
        "y": -23,
        "z": 0
      },
      "maxPos": {
        "x": 32,
        "y": 23,
        "z": 0
      }
    },
    "texture": "42ab8a42-0fb4-4571-8301-184432aae2cd@6c48a",
    "packable": true,
    "pixelsToUnit": 100,
    "pivot": {
      "x": 0.5,
      "y": 0.5
    },
    "meshType": 0
  }
}