{
  "__type__": "cc.SpriteFrame",
  "content": {
    "name": "icons",
    "atlas": "",
    "rect": {
      "x": 11,
      "y": 12,
      "width": 983,
      "height": 930
    },
    "offset": {
      "x": -9.5,
      "y": -6
    },
    "originalSize": {
      "width": 1024,
      "height": 942
    },
    "rotated": false,
    "capInsets": [
      0,
      0,
      0,
      0
    ],
    "vertices": {
      "rawPosition": [
        -491.5,
        -465,
        0,
        491.5,
        -465,
        0,
        -491.5,
        465,
        0,
        491.5,
        465,
        0
      ],
      "indexes": [
        0,
        1,
        2,
        2,
        1,
        3
      ],
      "uv": [
        11,
        930,
        994,
        930,
        11,
        0,
        994,
        0
      ],
      "nuv": [
        0.0107421875,
        0,
        0.970703125,
        0,
        0.0107421875,
        0.9872611464968153,
        0.970703125,
        0.9872611464968153
      ],
      "minPos": {
        "x": -491.5,
        "y": -465,
        "z": 0
      },
      "maxPos": {
        "x": 491.5,
        "y": 465,
        "z": 0
      }
    },
    "texture": "c06e4fe0-6db1-4844-9b5a-6643a3ffdf0f@6c48a",
    "packable": true,
    "pixelsToUnit": 100,
    "pivot": {
      "x": 0.5,
      "y": 0.5
    },
    "meshType": 0
  }
}