{
  "__type__": "cc.SpriteFrame",
  "content": {
    "name": "bomb_00107",
    "atlas": "",
    "rect": {
      "x": 223,
      "y": 173,
      "width": 349,
      "height": 347
    },
    "offset": {
      "x": -2.5,
      "y": 53.5
    },
    "originalSize": {
      "width": 800,
      "height": 800
    },
    "rotated": false,
    "capInsets": [
      0,
      0,
      0,
      0
    ],
    "vertices": {
      "rawPosition": [
        -174.5,
        -173.5,
        0,
        174.5,
        -173.5,
        0,
        -174.5,
        173.5,
        0,
        174.5,
        173.5,
        0
      ],
      "indexes": [
        0,
        1,
        2,
        2,
        1,
        3
      ],
      "uv": [
        223,
        627,
        572,
        627,
        223,
        280,
        572,
        280
      ],
      "nuv": [
        0.27875,
        0.35,
        0.715,
        0.35,
        0.27875,
        0.78375,
        0.715,
        0.78375
      ],
      "minPos": {
        "x": -174.5,
        "y": -173.5,
        "z": 0
      },
      "maxPos": {
        "x": 174.5,
        "y": 173.5,
        "z": 0
      }
    },
    "texture": "c0fcc7cc-13f8-49a3-9e2a-efa05ebe28f1@6c48a",
    "packable": true,
    "pixelsToUnit": 100,
    "pivot": {
      "x": 0.5,
      "y": 0.5
    },
    "meshType": 0
  }
}