{
  "__type__": "cc.SpriteFrame",
  "content": {
    "name": "UI_xiaohua06",
    "atlas": "",
    "rect": {
      "x": 35,
      "y": 34,
      "width": 101,
      "height": 108
    },
    "offset": {
      "x": 0,
      "y": 0
    },
    "originalSize": {
      "width": 171,
      "height": 176
    },
    "rotated": false,
    "capInsets": [
      0,
      0,
      0,
      0
    ],
    "vertices": {
      "rawPosition": [
        -50.5,
        -54,
        0,
        50.5,
        -54,
        0,
        -50.5,
        54,
        0,
        50.5,
        54,
        0
      ],
      "indexes": [
        0,
        1,
        2,
        2,
        1,
        3
      ],
      "uv": [
        35,
        142,
        136,
        142,
        35,
        34,
        136,
        34
      ],
      "nuv": [
        0.2046783625730994,
        0.19318181818181818,
        0.7953216374269005,
        0.19318181818181818,
        0.2046783625730994,
        0.8068181818181818,
        0.7953216374269005,
        0.8068181818181818
      ],
      "minPos": {
        "x": -50.5,
        "y": -54,
        "z": 0
      },
      "maxPos": {
        "x": 50.5,
        "y": 54,
        "z": 0
      }
    },
    "texture": "d5c522ea-24f8-4371-8759-54bd46401067@6c48a",
    "packable": true,
    "pixelsToUnit": 100,
    "pivot": {
      "x": 0.5,
      "y": 0.5
    },
    "meshType": 0
  }
}