{
  "__type__": "cc.SpriteFrame",
  "content": {
    "name": "TX_Cdudan1007",
    "atlas": "",
    "rect": {
      "x": 22,
      "y": 22,
      "width": 224,
      "height": 215
    },
    "offset": {
      "x": 0.5,
      "y": -1.5
    },
    "originalSize": {
      "width": 267,
      "height": 256
    },
    "rotated": false,
    "capInsets": [
      0,
      0,
      0,
      0
    ],
    "vertices": {
      "rawPosition": [
        -112,
        -107.5,
        0,
        112,
        -107.5,
        0,
        -112,
        107.5,
        0,
        112,
        107.5,
        0
      ],
      "indexes": [
        0,
        1,
        2,
        2,
        1,
        3
      ],
      "uv": [
        22,
        234,
        246,
        234,
        22,
        19,
        246,
        19
      ],
      "nuv": [
        0.08239700374531835,
        0.07421875,
        0.9213483146067416,
        0.07421875,
        0.08239700374531835,
        0.9140625,
        0.9213483146067416,
        0.9140625
      ],
      "minPos": {
        "x": -112,
        "y": -107.5,
        "z": 0
      },
      "maxPos": {
        "x": 112,
        "y": 107.5,
        "z": 0
      }
    },
    "texture": "191e60e8-92b6-40e2-8ba5-9935519fd770@6c48a",
    "packable": true,
    "pixelsToUnit": 100,
    "pivot": {
      "x": 0.5,
      "y": 0.5
    },
    "meshType": 0
  }
}