{
  "__type__": "cc.SpriteFrame",
  "content": {
    "name": "TX_Axuanfeng1025",
    "atlas": "",
    "rect": {
      "x": 1,
      "y": 29,
      "width": 125,
      "height": 105
    },
    "offset": {
      "x": -2,
      "y": -13
    },
    "originalSize": {
      "width": 131,
      "height": 137
    },
    "rotated": false,
    "capInsets": [
      0,
      0,
      0,
      0
    ],
    "vertices": {
      "rawPosition": [
        -62.5,
        -52.5,
        0,
        62.5,
        -52.5,
        0,
        -62.5,
        52.5,
        0,
        62.5,
        52.5,
        0
      ],
      "indexes": [
        0,
        1,
        2,
        2,
        1,
        3
      ],
      "uv": [
        1,
        108,
        126,
        108,
        1,
        3,
        126,
        3
      ],
      "nuv": [
        0.007633587786259542,
        0.021897810218978103,
        0.9618320610687023,
        0.021897810218978103,
        0.007633587786259542,
        0.7883211678832117,
        0.9618320610687023,
        0.7883211678832117
      ],
      "minPos": {
        "x": -62.5,
        "y": -52.5,
        "z": 0
      },
      "maxPos": {
        "x": 62.5,
        "y": 52.5,
        "z": 0
      }
    },
    "texture": "d7eeb6eb-c07d-4e56-8b71-0e390e8c4faa@6c48a",
    "packable": true,
    "pixelsToUnit": 100,
    "pivot": {
      "x": 0.5,
      "y": 0.5
    },
    "meshType": 0
  }
}