{
  "__type__": "cc.SpriteFrame",
  "content": {
    "name": "Qipao1",
    "atlas": "",
    "rect": {
      "x": 14,
      "y": 11,
      "width": 500,
      "height": 558
    },
    "offset": {
      "x": -1.5,
      "y": 0
    },
    "originalSize": {
      "width": 531,
      "height": 580
    },
    "rotated": false,
    "capInsets": [
      0,
      0,
      0,
      0
    ],
    "vertices": {
      "rawPosition": [
        -250,
        -279,
        0,
        250,
        -279,
        0,
        -250,
        279,
        0,
        250,
        279,
        0
      ],
      "indexes": [
        0,
        1,
        2,
        2,
        1,
        3
      ],
      "uv": [
        14,
        569,
        514,
        569,
        14,
        11,
        514,
        11
      ],
      "nuv": [
        0.026365348399246705,
        0.01896551724137931,
        0.967984934086629,
        0.01896551724137931,
        0.026365348399246705,
        0.9810344827586207,
        0.967984934086629,
        0.9810344827586207
      ],
      "minPos": {
        "x": -250,
        "y": -279,
        "z": 0
      },
      "maxPos": {
        "x": 250,
        "y": 279,
        "z": 0
      }
    },
    "texture": "e8ed740e-afac-4f77-9a35-dbc42d8a6d68@6c48a",
    "packable": true,
    "pixelsToUnit": 100,
    "pivot": {
      "x": 0.5,
      "y": 0.5
    },
    "meshType": 0
  }
}