{
  "__type__": "cc.SpriteFrame",
  "content": {
    "name": "TX_Dbingjian1004",
    "atlas": "",
    "rect": {
      "x": 100,
      "y": 83,
      "width": 75,
      "height": 119
    },
    "offset": {
      "x": 9.5,
      "y": -14.5
    },
    "originalSize": {
      "width": 256,
      "height": 256
    },
    "rotated": false,
    "capInsets": [
      0,
      0,
      0,
      0
    ],
    "vertices": {
      "rawPosition": [
        -37.5,
        -59.5,
        0,
        37.5,
        -59.5,
        0,
        -37.5,
        59.5,
        0,
        37.5,
        59.5,
        0
      ],
      "indexes": [
        0,
        1,
        2,
        2,
        1,
        3
      ],
      "uv": [
        100,
        173,
        175,
        173,
        100,
        54,
        175,
        54
      ],
      "nuv": [
        0.390625,
        0.2109375,
        0.68359375,
        0.2109375,
        0.390625,
        0.67578125,
        0.68359375,
        0.67578125
      ],
      "minPos": {
        "x": -37.5,
        "y": -59.5,
        "z": 0
      },
      "maxPos": {
        "x": 37.5,
        "y": 59.5,
        "z": 0
      }
    },
    "texture": "77287d02-4dd5-47bf-afc2-b3f95f870fa4@6c48a",
    "packable": true,
    "pixelsToUnit": 100,
    "pivot": {
      "x": 0.5,
      "y": 0.5
    },
    "meshType": 0
  }
}