{
  "__type__": "cc.SpriteFrame",
  "content": {
    "name": "TX_Dbingjian1025",
    "atlas": "",
    "rect": {
      "x": 14,
      "y": 51,
      "width": 75,
      "height": 92
    },
    "offset": {
      "x": 1.5,
      "y": -22
    },
    "originalSize": {
      "width": 100,
      "height": 150
    },
    "rotated": false,
    "capInsets": [
      0,
      0,
      0,
      0
    ],
    "vertices": {
      "rawPosition": [
        -37.5,
        -46,
        0,
        37.5,
        -46,
        0,
        -37.5,
        46,
        0,
        37.5,
        46,
        0
      ],
      "indexes": [
        0,
        1,
        2,
        2,
        1,
        3
      ],
      "uv": [
        14,
        99,
        89,
        99,
        14,
        7,
        89,
        7
      ],
      "nuv": [
        0.14,
        0.04666666666666667,
        0.89,
        0.04666666666666667,
        0.14,
        0.66,
        0.89,
        0.66
      ],
      "minPos": {
        "x": -37.5,
        "y": -46,
        "z": 0
      },
      "maxPos": {
        "x": 37.5,
        "y": 46,
        "z": 0
      }
    },
    "texture": "986127b1-8247-4816-8ce6-67a9b1c70b7b@6c48a",
    "packable": true,
    "pixelsToUnit": 100,
    "pivot": {
      "x": 0.5,
      "y": 0.5
    },
    "meshType": 0
  }
}