{
  "__type__": "cc.SpriteFrame",
  "content": {
    "name": "TX_Eshandian1028",
    "atlas": "",
    "rect": {
      "x": 105,
      "y": 128,
      "width": 34,
      "height": 42
    },
    "offset": {
      "x": -6,
      "y": -21
    },
    "originalSize": {
      "width": 256,
      "height": 256
    },
    "rotated": false,
    "capInsets": [
      0,
      0,
      0,
      0
    ],
    "vertices": {
      "rawPosition": [
        -17,
        -21,
        0,
        17,
        -21,
        0,
        -17,
        21,
        0,
        17,
        21,
        0
      ],
      "indexes": [
        0,
        1,
        2,
        2,
        1,
        3
      ],
      "uv": [
        105,
        128,
        139,
        128,
        105,
        86,
        139,
        86
      ],
      "nuv": [
        0.41015625,
        0.3359375,
        0.54296875,
        0.3359375,
        0.41015625,
        0.5,
        0.54296875,
        0.5
      ],
      "minPos": {
        "x": -17,
        "y": -21,
        "z": 0
      },
      "maxPos": {
        "x": 17,
        "y": 21,
        "z": 0
      }
    },
    "texture": "9ddb7faf-a1ea-490a-bdaa-fab96bd41992@6c48a",
    "packable": true,
    "pixelsToUnit": 100,
    "pivot": {
      "x": 0.5,
      "y": 0.5
    },
    "meshType": 0
  }
}