{
  "__type__": "cc.SpriteFrame",
  "content": {
    "name": "TX_hitB03",
    "atlas": "",
    "rect": {
      "x": 19,
      "y": 6,
      "width": 35,
      "height": 49
    },
    "offset": {
      "x": 4.5,
      "y": 1.5
    },
    "originalSize": {
      "width": 64,
      "height": 64
    },
    "rotated": false,
    "capInsets": [
      0,
      0,
      0,
      0
    ],
    "vertices": {
      "rawPosition": [
        -17.5,
        -24.5,
        0,
        17.5,
        -24.5,
        0,
        -17.5,
        24.5,
        0,
        17.5,
        24.5,
        0
      ],
      "indexes": [
        0,
        1,
        2,
        2,
        1,
        3
      ],
      "uv": [
        19,
        58,
        54,
        58,
        19,
        9,
        54,
        9
      ],
      "nuv": [
        0.296875,
        0.140625,
        0.84375,
        0.140625,
        0.296875,
        0.90625,
        0.84375,
        0.90625
      ],
      "minPos": {
        "x": -17.5,
        "y": -24.5,
        "z": 0
      },
      "maxPos": {
        "x": 17.5,
        "y": 24.5,
        "z": 0
      }
    },
    "texture": "f7408643-5d35-49c5-a2cb-c88caf32c715@6c48a",
    "packable": true,
    "pixelsToUnit": 100,
    "pivot": {
      "x": 0.5,
      "y": 0.5
    },
    "meshType": 0
  }
}