{
  "__type__": "cc.SpriteFrame",
  "content": {
    "name": "TX_Bhuoyan1004",
    "atlas": "",
    "rect": {
      "x": 36,
      "y": 80,
      "width": 184,
      "height": 110
    },
    "offset": {
      "x": 0,
      "y": -7
    },
    "originalSize": {
      "width": 256,
      "height": 256
    },
    "rotated": false,
    "capInsets": [
      0,
      0,
      0,
      0
    ],
    "vertices": {
      "rawPosition": [
        -92,
        -55,
        0,
        92,
        -55,
        0,
        -92,
        55,
        0,
        92,
        55,
        0
      ],
      "indexes": [
        0,
        1,
        2,
        2,
        1,
        3
      ],
      "uv": [
        36,
        176,
        220,
        176,
        36,
        66,
        220,
        66
      ],
      "nuv": [
        0.140625,
        0.2578125,
        0.859375,
        0.2578125,
        0.140625,
        0.6875,
        0.859375,
        0.6875
      ],
      "minPos": {
        "x": -92,
        "y": -55,
        "z": 0
      },
      "maxPos": {
        "x": 92,
        "y": 55,
        "z": 0
      }
    },
    "texture": "7bdefb3a-4ba4-4c72-84cc-b377ca04403b@6c48a",
    "packable": true,
    "pixelsToUnit": 100,
    "pivot": {
      "x": 0.5,
      "y": 0.5
    },
    "meshType": 0
  }
}