{
  "__type__": "cc.SpriteFrame",
  "content": {
    "name": "TX_Eshandian1004",
    "atlas": "",
    "rect": {
      "x": 93,
      "y": 58,
      "width": 88,
      "height": 143
    },
    "offset": {
      "x": 9,
      "y": -1.5
    },
    "originalSize": {
      "width": 256,
      "height": 256
    },
    "rotated": false,
    "capInsets": [
      0,
      0,
      0,
      0
    ],
    "vertices": {
      "rawPosition": [
        -44,
        -71.5,
        0,
        44,
        -71.5,
        0,
        -44,
        71.5,
        0,
        44,
        71.5,
        0
      ],
      "indexes": [
        0,
        1,
        2,
        2,
        1,
        3
      ],
      "uv": [
        93,
        198,
        181,
        198,
        93,
        55,
        181,
        55
      ],
      "nuv": [
        0.36328125,
        0.21484375,
        0.70703125,
        0.21484375,
        0.36328125,
        0.7734375,
        0.70703125,
        0.7734375
      ],
      "minPos": {
        "x": -44,
        "y": -71.5,
        "z": 0
      },
      "maxPos": {
        "x": 44,
        "y": 71.5,
        "z": 0
      }
    },
    "texture": "471259e7-0319-455a-b72a-7065d302be81@6c48a",
    "packable": true,
    "pixelsToUnit": 100,
    "pivot": {
      "x": 0.5,
      "y": 0.5
    },
    "meshType": 0
  }
}