{
  "__type__": "cc.SpriteFrame",
  "content": {
    "name": "UI_jinbi",
    "atlas": "",
    "rect": {
      "x": 10,
      "y": 9,
      "width": 45,
      "height": 47
    },
    "offset": {
      "x": 0.5,
      "y": -0.5
    },
    "originalSize": {
      "width": 64,
      "height": 64
    },
    "rotated": false,
    "capInsets": [
      0,
      0,
      0,
      0
    ],
    "vertices": {
      "rawPosition": [
        -22.5,
        -23.5,
        0,
        22.5,
        -23.5,
        0,
        -22.5,
        23.5,
        0,
        22.5,
        23.5,
        0
      ],
      "indexes": [
        0,
        1,
        2,
        2,
        1,
        3
      ],
      "uv": [
        10,
        55,
        55,
        55,
        10,
        8,
        55,
        8
      ],
      "nuv": [
        0.15625,
        0.125,
        0.859375,
        0.125,
        0.15625,
        0.859375,
        0.859375,
        0.859375
      ],
      "minPos": {
        "x": -22.5,
        "y": -23.5,
        "z": 0
      },
      "maxPos": {
        "x": 22.5,
        "y": 23.5,
        "z": 0
      }
    },
    "texture": "595fe85e-b07e-4880-8238-1dc0850a2ba5@6c48a",
    "packable": true,
    "pixelsToUnit": 100,
    "pivot": {
      "x": 0.5,
      "y": 0.5
    },
    "meshType": 0
  }
}