{
  "__type__": "cc.SpriteFrame",
  "content": {
    "name": "TX_hitC01",
    "atlas": "",
    "rect": {
      "x": 50,
      "y": 19,
      "width": 51,
      "height": 67
    },
    "offset": {
      "x": 11.5,
      "y": 11.5
    },
    "originalSize": {
      "width": 128,
      "height": 128
    },
    "rotated": false,
    "capInsets": [
      0,
      0,
      0,
      0
    ],
    "vertices": {
      "rawPosition": [
        -25.5,
        -33.5,
        0,
        25.5,
        -33.5,
        0,
        -25.5,
        33.5,
        0,
        25.5,
        33.5,
        0
      ],
      "indexes": [
        0,
        1,
        2,
        2,
        1,
        3
      ],
      "uv": [
        50,
        109,
        101,
        109,
        50,
        42,
        101,
        42
      ],
      "nuv": [
        0.390625,
        0.328125,
        0.7890625,
        0.328125,
        0.390625,
        0.8515625,
        0.7890625,
        0.8515625
      ],
      "minPos": {
        "x": -25.5,
        "y": -33.5,
        "z": 0
      },
      "maxPos": {
        "x": 25.5,
        "y": 33.5,
        "z": 0
      }
    },
    "texture": "c0141522-f028-4551-be92-252edbae4d0f@6c48a",
    "packable": true,
    "pixelsToUnit": 100,
    "pivot": {
      "x": 0.5,
      "y": 0.5
    },
    "meshType": 0
  }
}