{
  "__type__": "cc.SpriteFrame",
  "content": {
    "name": "TX_hitC02",
    "atlas": "",
    "rect": {
      "x": 41,
      "y": 4,
      "width": 78,
      "height": 84
    },
    "offset": {
      "x": 16,
      "y": 18
    },
    "originalSize": {
      "width": 128,
      "height": 128
    },
    "rotated": false,
    "capInsets": [
      0,
      0,
      0,
      0
    ],
    "vertices": {
      "rawPosition": [
        -39,
        -42,
        0,
        39,
        -42,
        0,
        -39,
        42,
        0,
        39,
        42,
        0
      ],
      "indexes": [
        0,
        1,
        2,
        2,
        1,
        3
      ],
      "uv": [
        41,
        124,
        119,
        124,
        41,
        40,
        119,
        40
      ],
      "nuv": [
        0.3203125,
        0.3125,
        0.9296875,
        0.3125,
        0.3203125,
        0.96875,
        0.9296875,
        0.96875
      ],
      "minPos": {
        "x": -39,
        "y": -42,
        "z": 0
      },
      "maxPos": {
        "x": 39,
        "y": 42,
        "z": 0
      }
    },
    "texture": "c0ba0f55-13e5-4222-8c86-9b6510eec658@6c48a",
    "packable": true,
    "pixelsToUnit": 100,
    "pivot": {
      "x": 0.5,
      "y": 0.5
    },
    "meshType": 0
  }
}