{
  "__type__": "cc.SpriteFrame",
  "content": {
    "name": "bomb_00126",
    "atlas": "",
    "rect": {
      "x": 293,
      "y": 328,
      "width": 469,
      "height": 245
    },
    "offset": {
      "x": 127.5,
      "y": -50.5
    },
    "originalSize": {
      "width": 800,
      "height": 800
    },
    "rotated": false,
    "capInsets": [
      0,
      0,
      0,
      0
    ],
    "vertices": {
      "rawPosition": [
        -234.5,
        -122.5,
        0,
        234.5,
        -122.5,
        0,
        -234.5,
        122.5,
        0,
        234.5,
        122.5,
        0
      ],
      "indexes": [
        0,
        1,
        2,
        2,
        1,
        3
      ],
      "uv": [
        293,
        472,
        762,
        472,
        293,
        227,
        762,
        227
      ],
      "nuv": [
        0.36625,
        0.28375,
        0.9525,
        0.28375,
        0.36625,
        0.59,
        0.9525,
        0.59
      ],
      "minPos": {
        "x": -234.5,
        "y": -122.5,
        "z": 0
      },
      "maxPos": {
        "x": 234.5,
        "y": 122.5,
        "z": 0
      }
    },
    "texture": "f9211e95-1038-4e08-964c-0d09be654798@6c48a",
    "packable": true,
    "pixelsToUnit": 100,
    "pivot": {
      "x": 0.5,
      "y": 0.5
    },
    "meshType": 0
  }
}