{
  "__type__": "cc.SpriteFrame",
  "content": {
    "name": "posui02",
    "atlas": "",
    "rect": {
      "x": 5,
      "y": 6,
      "width": 67,
      "height": 117
    },
    "offset": {
      "x": -25.5,
      "y": -0.5
    },
    "originalSize": {
      "width": 128,
      "height": 128
    },
    "rotated": false,
    "capInsets": [
      0,
      0,
      0,
      0
    ],
    "vertices": {
      "rawPosition": [
        -33.5,
        -58.5,
        0,
        33.5,
        -58.5,
        0,
        -33.5,
        58.5,
        0,
        33.5,
        58.5,
        0
      ],
      "indexes": [
        0,
        1,
        2,
        2,
        1,
        3
      ],
      "uv": [
        5,
        122,
        72,
        122,
        5,
        5,
        72,
        5
      ],
      "nuv": [
        0.0390625,
        0.0390625,
        0.5625,
        0.0390625,
        0.0390625,
        0.953125,
        0.5625,
        0.953125
      ],
      "minPos": {
        "x": -33.5,
        "y": -58.5,
        "z": 0
      },
      "maxPos": {
        "x": 33.5,
        "y": 58.5,
        "z": 0
      }
    },
    "texture": "f9adc34a-ac00-4020-8376-b8024b055ff2@6c48a",
    "packable": true,
    "pixelsToUnit": 100,
    "pivot": {
      "x": 0.5,
      "y": 0.5
    },
    "meshType": 0
  }
}