{
  "__type__": "cc.SpriteFrame",
  "content": {
    "name": "bomb_00110",
    "atlas": "",
    "rect": {
      "x": 211,
      "y": 178,
      "width": 355,
      "height": 337
    },
    "offset": {
      "x": -11.5,
      "y": 53.5
    },
    "originalSize": {
      "width": 800,
      "height": 800
    },
    "rotated": false,
    "capInsets": [
      0,
      0,
      0,
      0
    ],
    "vertices": {
      "rawPosition": [
        -177.5,
        -168.5,
        0,
        177.5,
        -168.5,
        0,
        -177.5,
        168.5,
        0,
        177.5,
        168.5,
        0
      ],
      "indexes": [
        0,
        1,
        2,
        2,
        1,
        3
      ],
      "uv": [
        211,
        622,
        566,
        622,
        211,
        285,
        566,
        285
      ],
      "nuv": [
        0.26375,
        0.35625,
        0.7075,
        0.35625,
        0.26375,
        0.7775,
        0.7075,
        0.7775
      ],
      "minPos": {
        "x": -177.5,
        "y": -168.5,
        "z": 0
      },
      "maxPos": {
        "x": 177.5,
        "y": 168.5,
        "z": 0
      }
    },
    "texture": "f9ffc5a6-556a-425a-9bb7-13c1a10c398c@6c48a",
    "packable": true,
    "pixelsToUnit": 100,
    "pivot": {
      "x": 0.5,
      "y": 0.5
    },
    "meshType": 0
  }
}