{
  "__type__": "cc.SpriteFrame",
  "content": {
    "name": "DJCstagbeetle_L_1016",
    "atlas": "",
    "rect": {
      "x": 22,
      "y": 40,
      "width": 86,
      "height": 55
    },
    "offset": {
      "x": 1,
      "y": -3.5
    },
    "originalSize": {
      "width": 128,
      "height": 128
    },
    "rotated": false,
    "capInsets": [
      0,
      0,
      0,
      0
    ],
    "vertices": {
      "rawPosition": [
        -43,
        -27.5,
        0,
        43,
        -27.5,
        0,
        -43,
        27.5,
        0,
        43,
        27.5,
        0
      ],
      "indexes": [
        0,
        1,
        2,
        2,
        1,
        3
      ],
      "uv": [
        22,
        88,
        108,
        88,
        22,
        33,
        108,
        33
      ],
      "nuv": [
        0.171875,
        0.2578125,
        0.84375,
        0.2578125,
        0.171875,
        0.6875,
        0.84375,
        0.6875
      ],
      "minPos": {
        "x": -43,
        "y": -27.5,
        "z": 0
      },
      "maxPos": {
        "x": 43,
        "y": 27.5,
        "z": 0
      }
    },
    "texture": "b407cd71-85ff-41cd-8cf9-3917685d8c0a@6c48a",
    "packable": true,
    "pixelsToUnit": 100,
    "pivot": {
      "x": 0.5,
      "y": 0.5
    },
    "meshType": 0
  }
}