{
  "__type__": "cc.SpriteFrame",
  "content": {
    "name": "posui03",
    "atlas": "",
    "rect": {
      "x": 109,
      "y": 11,
      "width": 133,
      "height": 106
    },
    "offset": {
      "x": 47.5,
      "y": 64
    },
    "originalSize": {
      "width": 256,
      "height": 256
    },
    "rotated": false,
    "capInsets": [
      0,
      0,
      0,
      0
    ],
    "vertices": {
      "rawPosition": [
        -66.5,
        -53,
        0,
        66.5,
        -53,
        0,
        -66.5,
        53,
        0,
        66.5,
        53,
        0
      ],
      "indexes": [
        0,
        1,
        2,
        2,
        1,
        3
      ],
      "uv": [
        109,
        245,
        242,
        245,
        109,
        139,
        242,
        139
      ],
      "nuv": [
        0.42578125,
        0.54296875,
        0.9453125,
        0.54296875,
        0.42578125,
        0.95703125,
        0.9453125,
        0.95703125
      ],
      "minPos": {
        "x": -66.5,
        "y": -53,
        "z": 0
      },
      "maxPos": {
        "x": 66.5,
        "y": 53,
        "z": 0
      }
    },
    "texture": "bbfd4375-52a9-49a0-9a68-1b398a4ea5d9@6c48a",
    "packable": true,
    "pixelsToUnit": 100,
    "pivot": {
      "x": 0.5,
      "y": 0.5
    },
    "meshType": 0
  }
}