{
  "__type__": "cc.SpriteFrame",
  "content": {
    "name": "bomb_00121",
    "atlas": "",
    "rect": {
      "x": 92,
      "y": 130,
      "width": 637,
      "height": 455
    },
    "offset": {
      "x": 10.5,
      "y": 42.5
    },
    "originalSize": {
      "width": 800,
      "height": 800
    },
    "rotated": false,
    "capInsets": [
      0,
      0,
      0,
      0
    ],
    "vertices": {
      "rawPosition": [
        -318.5,
        -227.5,
        0,
        318.5,
        -227.5,
        0,
        -318.5,
        227.5,
        0,
        318.5,
        227.5,
        0
      ],
      "indexes": [
        0,
        1,
        2,
        2,
        1,
        3
      ],
      "uv": [
        92,
        670,
        729,
        670,
        92,
        215,
        729,
        215
      ],
      "nuv": [
        0.115,
        0.26875,
        0.91125,
        0.26875,
        0.115,
        0.8375,
        0.91125,
        0.8375
      ],
      "minPos": {
        "x": -318.5,
        "y": -227.5,
        "z": 0
      },
      "maxPos": {
        "x": 318.5,
        "y": 227.5,
        "z": 0
      }
    },
    "texture": "cc15674c-7be8-4993-adf4-f2dd4508d26b@6c48a",
    "packable": true,
    "pixelsToUnit": 100,
    "pivot": {
      "x": 0.5,
      "y": 0.5
    },
    "meshType": 0
  }
}