{
  "__type__": "cc.SpriteFrame",
  "content": {
    "name": "UI_xuetiao01_shang",
    "atlas": "",
    "rect": {
      "x": 0,
      "y": 3,
      "width": 61,
      "height": 8
    },
    "offset": {
      "x": 0,
      "y": -0.5
    },
    "originalSize": {
      "width": 61,
      "height": 13
    },
    "rotated": false,
    "capInsets": [
      61,
      8,
      0,
      0
    ],
    "vertices": {
      "rawPosition": [
        -30.5,
        -4,
        0,
        30.5,
        -4,
        0,
        -30.5,
        4,
        0,
        30.5,
        4,
        0
      ],
      "indexes": [
        0,
        1,
        2,
        2,
        1,
        3
      ],
      "uv": [
        0,
        10,
        61,
        10,
        0,
        2,
        61,
        2
      ],
      "nuv": [
        0,
        0.15384615384615385,
        1,
        0.15384615384615385,
        0,
        0.7692307692307693,
        1,
        0.7692307692307693
      ],
      "minPos": {
        "x": -30.5,
        "y": -4,
        "z": 0
      },
      "maxPos": {
        "x": 30.5,
        "y": 4,
        "z": 0
      }
    },
    "texture": "f5634cb8-7172-4ba7-bcce-3cee940ef3b0@6c48a",
    "packable": true,
    "pixelsToUnit": 100,
    "pivot": {
      "x": 0.5,
      "y": 0.5
    },
    "meshType": 0
  }
}