{
  "__type__": "cc.SpriteFrame",
  "content": {
    "name": "TX_Bhuoyan1013",
    "atlas": "",
    "rect": {
      "x": 0,
      "y": 12,
      "width": 149,
      "height": 84
    },
    "offset": {
      "x": -1.5,
      "y": -2.5
    },
    "originalSize": {
      "width": 152,
      "height": 103
    },
    "rotated": false,
    "capInsets": [
      0,
      0,
      0,
      0
    ],
    "vertices": {
      "rawPosition": [
        -74.5,
        -42,
        0,
        74.5,
        -42,
        0,
        -74.5,
        42,
        0,
        74.5,
        42,
        0
      ],
      "indexes": [
        0,
        1,
        2,
        2,
        1,
        3
      ],
      "uv": [
        0,
        91,
        149,
        91,
        0,
        7,
        149,
        7
      ],
      "nuv": [
        0,
        0.06796116504854369,
        0.9802631578947368,
        0.06796116504854369,
        0,
        0.883495145631068,
        0.9802631578947368,
        0.883495145631068
      ],
      "minPos": {
        "x": -74.5,
        "y": -42,
        "z": 0
      },
      "maxPos": {
        "x": 74.5,
        "y": 42,
        "z": 0
      }
    },
    "texture": "4803f38f-79d6-4faa-924b-36de050b6e9b@6c48a",
    "packable": true,
    "pixelsToUnit": 100,
    "pivot": {
      "x": 0.5,
      "y": 0.5
    },
    "meshType": 0
  }
}