{
  "__type__": "cc.SpriteFrame",
  "content": {
    "name": "UI_DC_jiantou001",
    "atlas": "",
    "rect": {
      "x": 34,
      "y": 18,
      "width": 61,
      "height": 62
    },
    "offset": {
      "x": 0.5,
      "y": 15
    },
    "originalSize": {
      "width": 128,
      "height": 128
    },
    "rotated": false,
    "capInsets": [
      0,
      0,
      0,
      0
    ],
    "vertices": {
      "rawPosition": [
        -30.5,
        -31,
        0,
        30.5,
        -31,
        0,
        -30.5,
        31,
        0,
        30.5,
        31,
        0
      ],
      "indexes": [
        0,
        1,
        2,
        2,
        1,
        3
      ],
      "uv": [
        34,
        110,
        95,
        110,
        34,
        48,
        95,
        48
      ],
      "nuv": [
        0.265625,
        0.375,
        0.7421875,
        0.375,
        0.265625,
        0.859375,
        0.7421875,
        0.859375
      ],
      "minPos": {
        "x": -30.5,
        "y": -31,
        "z": 0
      },
      "maxPos": {
        "x": 30.5,
        "y": 31,
        "z": 0
      }
    },
    "texture": "715fa222-ef84-46d9-a543-562e7c8b70f3@6c48a",
    "packable": true,
    "pixelsToUnit": 100,
    "pivot": {
      "x": 0.5,
      "y": 0.5
    },
    "meshType": 0
  }
}