{
  "__type__": "cc.SpriteFrame",
  "content": {
    "name": "UI_xiaohua03",
    "atlas": "",
    "rect": {
      "x": 1,
      "y": 0,
      "width": 101,
      "height": 388
    },
    "offset": {
      "x": 0,
      "y": 22.5
    },
    "originalSize": {
      "width": 103,
      "height": 433
    },
    "rotated": false,
    "capInsets": [
      0,
      0,
      0,
      0
    ],
    "vertices": {
      "rawPosition": [
        -50.5,
        -194,
        0,
        50.5,
        -194,
        0,
        -50.5,
        194,
        0,
        50.5,
        194,
        0
      ],
      "indexes": [
        0,
        1,
        2,
        2,
        1,
        3
      ],
      "uv": [
        1,
        433,
        102,
        433,
        1,
        45,
        102,
        45
      ],
      "nuv": [
        0.009708737864077669,
        0.10392609699769054,
        0.9902912621359223,
        0.10392609699769054,
        0.009708737864077669,
        1,
        0.9902912621359223,
        1
      ],
      "minPos": {
        "x": -50.5,
        "y": -194,
        "z": 0
      },
      "maxPos": {
        "x": 50.5,
        "y": 194,
        "z": 0
      }
    },
    "texture": "9aeb6f5d-4e22-4ccc-ac11-3452067510af@6c48a",
    "packable": true,
    "pixelsToUnit": 100,
    "pivot": {
      "x": 0.5,
      "y": 0.5
    },
    "meshType": 0
  }
}