{
  "__type__": "cc.SpriteFrame",
  "content": {
    "name": "TX_Dbingjian1028",
    "atlas": "",
    "rect": {
      "x": 96,
      "y": 104,
      "width": 92,
      "height": 116
    },
    "offset": {
      "x": 14,
      "y": -34
    },
    "originalSize": {
      "width": 256,
      "height": 256
    },
    "rotated": false,
    "capInsets": [
      0,
      0,
      0,
      0
    ],
    "vertices": {
      "rawPosition": [
        -46,
        -58,
        0,
        46,
        -58,
        0,
        -46,
        58,
        0,
        46,
        58,
        0
      ],
      "indexes": [
        0,
        1,
        2,
        2,
        1,
        3
      ],
      "uv": [
        96,
        152,
        188,
        152,
        96,
        36,
        188,
        36
      ],
      "nuv": [
        0.375,
        0.140625,
        0.734375,
        0.140625,
        0.375,
        0.59375,
        0.734375,
        0.59375
      ],
      "minPos": {
        "x": -46,
        "y": -58,
        "z": 0
      },
      "maxPos": {
        "x": 46,
        "y": 58,
        "z": 0
      }
    },
    "texture": "61d35606-39d9-4911-9bf5-4f6ce53a9779@6c48a",
    "packable": true,
    "pixelsToUnit": 100,
    "pivot": {
      "x": 0.5,
      "y": 0.5
    },
    "meshType": 0
  }
}