{
  "__type__": "cc.SpriteFrame",
  "content": {
    "name": "JCbeetle_L_1001",
    "atlas": "",
    "rect": {
      "x": 18,
      "y": 38,
      "width": 81,
      "height": 57
    },
    "offset": {
      "x": -5.5,
      "y": -2.5
    },
    "originalSize": {
      "width": 128,
      "height": 128
    },
    "rotated": false,
    "capInsets": [
      0,
      0,
      0,
      0
    ],
    "vertices": {
      "rawPosition": [
        -40.5,
        -28.5,
        0,
        40.5,
        -28.5,
        0,
        -40.5,
        28.5,
        0,
        40.5,
        28.5,
        0
      ],
      "indexes": [
        0,
        1,
        2,
        2,
        1,
        3
      ],
      "uv": [
        18,
        90,
        99,
        90,
        18,
        33,
        99,
        33
      ],
      "nuv": [
        0.140625,
        0.2578125,
        0.7734375,
        0.2578125,
        0.140625,
        0.703125,
        0.7734375,
        0.703125
      ],
      "minPos": {
        "x": -40.5,
        "y": -28.5,
        "z": 0
      },
      "maxPos": {
        "x": 40.5,
        "y": 28.5,
        "z": 0
      }
    },
    "texture": "61d893c4-c414-474d-a7f8-cc3499f9ff43@6c48a",
    "packable": true,
    "pixelsToUnit": 100,
    "pivot": {
      "x": 0.5,
      "y": 0.5
    },
    "meshType": 0
  }
}