{
  "__type__": "cc.SpriteFrame",
  "content": {
    "name": "XZmetalscorpion_R_1013",
    "atlas": "",
    "rect": {
      "x": 38,
      "y": 32,
      "width": 58,
      "height": 57
    },
    "offset": {
      "x": 3,
      "y": 3.5
    },
    "originalSize": {
      "width": 128,
      "height": 128
    },
    "rotated": false,
    "capInsets": [
      0,
      0,
      0,
      0
    ],
    "vertices": {
      "rawPosition": [
        -29,
        -28.5,
        0,
        29,
        -28.5,
        0,
        -29,
        28.5,
        0,
        29,
        28.5,
        0
      ],
      "indexes": [
        0,
        1,
        2,
        2,
        1,
        3
      ],
      "uv": [
        38,
        96,
        96,
        96,
        38,
        39,
        96,
        39
      ],
      "nuv": [
        0.296875,
        0.3046875,
        0.75,
        0.3046875,
        0.296875,
        0.75,
        0.75,
        0.75
      ],
      "minPos": {
        "x": -29,
        "y": -28.5,
        "z": 0
      },
      "maxPos": {
        "x": 29,
        "y": 28.5,
        "z": 0
      }
    },
    "texture": "1741064e-463e-4c2e-89a6-be02484d68b4@6c48a",
    "packable": true,
    "pixelsToUnit": 100,
    "pivot": {
      "x": 0.5,
      "y": 0.5
    },
    "meshType": 0
  }
}