{
  "__type__": "cc.SpriteFrame",
  "content": {
    "name": "UI_DC_gunzhou001",
    "atlas": "",
    "rect": {
      "x": 2,
      "y": 2,
      "width": 125,
      "height": 125
    },
    "offset": {
      "x": 0.5,
      "y": -0.5
    },
    "originalSize": {
      "width": 128,
      "height": 128
    },
    "rotated": false,
    "capInsets": [
      0,
      0,
      0,
      0
    ],
    "vertices": {
      "rawPosition": [
        -62.5,
        -62.5,
        0,
        62.5,
        -62.5,
        0,
        -62.5,
        62.5,
        0,
        62.5,
        62.5,
        0
      ],
      "indexes": [
        0,
        1,
        2,
        2,
        1,
        3
      ],
      "uv": [
        2,
        126,
        127,
        126,
        2,
        1,
        127,
        1
      ],
      "nuv": [
        0.015625,
        0.0078125,
        0.9921875,
        0.0078125,
        0.015625,
        0.984375,
        0.9921875,
        0.984375
      ],
      "minPos": {
        "x": -62.5,
        "y": -62.5,
        "z": 0
      },
      "maxPos": {
        "x": 62.5,
        "y": 62.5,
        "z": 0
      }
    },
    "texture": "dc53ac1b-35fc-4207-b0fb-b5991d1b648b@6c48a",
    "packable": true,
    "pixelsToUnit": 100,
    "pivot": {
      "x": 0.5,
      "y": 0.5
    },
    "meshType": 0
  }
}