{
  "__type__": "cc.SpriteFrame",
  "content": {
    "name": "UI_shirenhua",
    "atlas": "",
    "rect": {
      "x": 190,
      "y": 254,
      "width": 696,
      "height": 468
    },
    "offset": {
      "x": 26,
      "y": 24
    },
    "originalSize": {
      "width": 1024,
      "height": 1024
    },
    "rotated": false,
    "capInsets": [
      0,
      0,
      0,
      0
    ],
    "vertices": {
      "rawPosition": [
        -348,
        -234,
        0,
        348,
        -234,
        0,
        -348,
        234,
        0,
        348,
        234,
        0
      ],
      "indexes": [
        0,
        1,
        2,
        2,
        1,
        3
      ],
      "uv": [
        190,
        770,
        886,
        770,
        190,
        302,
        886,
        302
      ],
      "nuv": [
        0.185546875,
        0.294921875,
        0.865234375,
        0.294921875,
        0.185546875,
        0.751953125,
        0.865234375,
        0.751953125
      ],
      "minPos": {
        "x": -348,
        "y": -234,
        "z": 0
      },
      "maxPos": {
        "x": 348,
        "y": 234,
        "z": 0
      }
    },
    "texture": "dc76c533-e365-4f88-bde9-46f4bc3b24a5@6c48a",
    "packable": true,
    "pixelsToUnit": 100,
    "pivot": {
      "x": 0.5,
      "y": 0.5
    },
    "meshType": 0
  }
}