{
  "__type__": "cc.SpriteFrame",
  "content": {
    "name": "bomb_00104",
    "atlas": "",
    "rect": {
      "x": 306,
      "y": 255,
      "width": 183,
      "height": 183
    },
    "offset": {
      "x": -2.5,
      "y": 53.5
    },
    "originalSize": {
      "width": 800,
      "height": 800
    },
    "rotated": false,
    "capInsets": [
      0,
      0,
      0,
      0
    ],
    "vertices": {
      "rawPosition": [
        -91.5,
        -91.5,
        0,
        91.5,
        -91.5,
        0,
        -91.5,
        91.5,
        0,
        91.5,
        91.5,
        0
      ],
      "indexes": [
        0,
        1,
        2,
        2,
        1,
        3
      ],
      "uv": [
        306,
        545,
        489,
        545,
        306,
        362,
        489,
        362
      ],
      "nuv": [
        0.3825,
        0.4525,
        0.61125,
        0.4525,
        0.3825,
        0.68125,
        0.61125,
        0.68125
      ],
      "minPos": {
        "x": -91.5,
        "y": -91.5,
        "z": 0
      },
      "maxPos": {
        "x": 91.5,
        "y": 91.5,
        "z": 0
      }
    },
    "texture": "95496d81-3ba9-4977-92c1-61eaa8e12a0b@6c48a",
    "packable": true,
    "pixelsToUnit": 100,
    "pivot": {
      "x": 0.5,
      "y": 0.5
    },
    "meshType": 0
  }
}