{
  "__type__": "cc.SpriteFrame",
  "content": {
    "name": "TX_Eshandian1016",
    "atlas": "",
    "rect": {
      "x": 6,
      "y": 61,
      "width": 61,
      "height": 45
    },
    "offset": {
      "x": 3,
      "y": -23.5
    },
    "originalSize": {
      "width": 67,
      "height": 120
    },
    "rotated": false,
    "capInsets": [
      0,
      0,
      0,
      0
    ],
    "vertices": {
      "rawPosition": [
        -30.5,
        -22.5,
        0,
        30.5,
        -22.5,
        0,
        -30.5,
        22.5,
        0,
        30.5,
        22.5,
        0
      ],
      "indexes": [
        0,
        1,
        2,
        2,
        1,
        3
      ],
      "uv": [
        6,
        59,
        67,
        59,
        6,
        14,
        67,
        14
      ],
      "nuv": [
        0.08955223880597014,
        0.11666666666666667,
        1,
        0.11666666666666667,
        0.08955223880597014,
        0.49166666666666664,
        1,
        0.49166666666666664
      ],
      "minPos": {
        "x": -30.5,
        "y": -22.5,
        "z": 0
      },
      "maxPos": {
        "x": 30.5,
        "y": 22.5,
        "z": 0
      }
    },
    "texture": "699f839d-7400-4a32-b438-ac20b64e45ea@6c48a",
    "packable": true,
    "pixelsToUnit": 100,
    "pivot": {
      "x": 0.5,
      "y": 0.5
    },
    "meshType": 0
  }
}