{
  "__type__": "cc.SpriteFrame",
  "content": {
    "name": "bomb_00119",
    "atlas": "",
    "rect": {
      "x": 103,
      "y": 132,
      "width": 599,
      "height": 429
    },
    "offset": {
      "x": 2.5,
      "y": 53.5
    },
    "originalSize": {
      "width": 800,
      "height": 800
    },
    "rotated": false,
    "capInsets": [
      0,
      0,
      0,
      0
    ],
    "vertices": {
      "rawPosition": [
        -299.5,
        -214.5,
        0,
        299.5,
        -214.5,
        0,
        -299.5,
        214.5,
        0,
        299.5,
        214.5,
        0
      ],
      "indexes": [
        0,
        1,
        2,
        2,
        1,
        3
      ],
      "uv": [
        103,
        668,
        702,
        668,
        103,
        239,
        702,
        239
      ],
      "nuv": [
        0.12875,
        0.29875,
        0.8775,
        0.29875,
        0.12875,
        0.835,
        0.8775,
        0.835
      ],
      "minPos": {
        "x": -299.5,
        "y": -214.5,
        "z": 0
      },
      "maxPos": {
        "x": 299.5,
        "y": 214.5,
        "z": 0
      }
    },
    "texture": "5b8ceadb-70f8-412b-8c96-8e472ca9bb07@6c48a",
    "packable": true,
    "pixelsToUnit": 100,
    "pivot": {
      "x": 0.5,
      "y": 0.5
    },
    "meshType": 0
  }
}