{
  "__type__": "cc.SpriteFrame",
  "content": {
    "name": "TX_shengji1007",
    "atlas": "",
    "rect": {
      "x": 8,
      "y": 23,
      "width": 112,
      "height": 90
    },
    "offset": {
      "x": 0,
      "y": -4
    },
    "originalSize": {
      "width": 128,
      "height": 128
    },
    "rotated": false,
    "capInsets": [
      0,
      0,
      0,
      0
    ],
    "vertices": {
      "rawPosition": [
        -56,
        -45,
        0,
        56,
        -45,
        0,
        -56,
        45,
        0,
        56,
        45,
        0
      ],
      "indexes": [
        0,
        1,
        2,
        2,
        1,
        3
      ],
      "uv": [
        8,
        105,
        120,
        105,
        8,
        15,
        120,
        15
      ],
      "nuv": [
        0.0625,
        0.1171875,
        0.9375,
        0.1171875,
        0.0625,
        0.8203125,
        0.9375,
        0.8203125
      ],
      "minPos": {
        "x": -56,
        "y": -45,
        "z": 0
      },
      "maxPos": {
        "x": 56,
        "y": 45,
        "z": 0
      }
    },
    "texture": "09eb7424-02c7-4968-b44f-0daf8f58d9b5@6c48a",
    "packable": true,
    "pixelsToUnit": 100,
    "pivot": {
      "x": 0.5,
      "y": 0.5
    },
    "meshType": 0
  }
}