{
  "__type__": "cc.SpriteFrame",
  "content": {
    "name": "JCZSbeetlewarrior_L_1001",
    "atlas": "",
    "rect": {
      "x": 23,
      "y": 27,
      "width": 82,
      "height": 76
    },
    "offset": {
      "x": 0,
      "y": -1
    },
    "originalSize": {
      "width": 128,
      "height": 128
    },
    "rotated": false,
    "capInsets": [
      0,
      0,
      0,
      0
    ],
    "vertices": {
      "rawPosition": [
        -41,
        -38,
        0,
        41,
        -38,
        0,
        -41,
        38,
        0,
        41,
        38,
        0
      ],
      "indexes": [
        0,
        1,
        2,
        2,
        1,
        3
      ],
      "uv": [
        23,
        101,
        105,
        101,
        23,
        25,
        105,
        25
      ],
      "nuv": [
        0.1796875,
        0.1953125,
        0.8203125,
        0.1953125,
        0.1796875,
        0.7890625,
        0.8203125,
        0.7890625
      ],
      "minPos": {
        "x": -41,
        "y": -38,
        "z": 0
      },
      "maxPos": {
        "x": 41,
        "y": 38,
        "z": 0
      }
    },
    "texture": "865a08af-2068-4a44-ad9c-6bbdbe40f1eb@6c48a",
    "packable": true,
    "pixelsToUnit": 100,
    "pivot": {
      "x": 0.5,
      "y": 0.5
    },
    "meshType": 0
  }
}