{
  "__type__": "cc.SpriteFrame",
  "content": {
    "name": "TX_Axuanfeng1016",
    "atlas": "",
    "rect": {
      "x": 46,
      "y": 50,
      "width": 166,
      "height": 169
    },
    "offset": {
      "x": 1,
      "y": -6.5
    },
    "originalSize": {
      "width": 256,
      "height": 256
    },
    "rotated": false,
    "capInsets": [
      0,
      0,
      0,
      0
    ],
    "vertices": {
      "rawPosition": [
        -83,
        -84.5,
        0,
        83,
        -84.5,
        0,
        -83,
        84.5,
        0,
        83,
        84.5,
        0
      ],
      "indexes": [
        0,
        1,
        2,
        2,
        1,
        3
      ],
      "uv": [
        46,
        206,
        212,
        206,
        46,
        37,
        212,
        37
      ],
      "nuv": [
        0.1796875,
        0.14453125,
        0.828125,
        0.14453125,
        0.1796875,
        0.8046875,
        0.828125,
        0.8046875
      ],
      "minPos": {
        "x": -83,
        "y": -84.5,
        "z": 0
      },
      "maxPos": {
        "x": 83,
        "y": 84.5,
        "z": 0
      }
    },
    "texture": "86f57337-d69f-4571-868d-c01338d544d5@6c48a",
    "packable": true,
    "pixelsToUnit": 100,
    "pivot": {
      "x": 0.5,
      "y": 0.5
    },
    "meshType": 0
  }
}