{
  "__type__": "cc.SpriteFrame",
  "content": {
    "name": "TX_Axuanfeng1019",
    "atlas": "",
    "rect": {
      "x": 1,
      "y": 10,
      "width": 124,
      "height": 126
    },
    "offset": {
      "x": -2.5,
      "y": -4.5
    },
    "originalSize": {
      "width": 131,
      "height": 137
    },
    "rotated": false,
    "capInsets": [
      0,
      0,
      0,
      0
    ],
    "vertices": {
      "rawPosition": [
        -62,
        -63,
        0,
        62,
        -63,
        0,
        -62,
        63,
        0,
        62,
        63,
        0
      ],
      "indexes": [
        0,
        1,
        2,
        2,
        1,
        3
      ],
      "uv": [
        1,
        127,
        125,
        127,
        1,
        1,
        125,
        1
      ],
      "nuv": [
        0.007633587786259542,
        0.0072992700729927005,
        0.9541984732824428,
        0.0072992700729927005,
        0.007633587786259542,
        0.927007299270073,
        0.9541984732824428,
        0.927007299270073
      ],
      "minPos": {
        "x": -62,
        "y": -63,
        "z": 0
      },
      "maxPos": {
        "x": 62,
        "y": 63,
        "z": 0
      }
    },
    "texture": "158bcc8b-d114-47c8-aca3-110c24b32458@6c48a",
    "packable": true,
    "pixelsToUnit": 100,
    "pivot": {
      "x": 0.5,
      "y": 0.5
    },
    "meshType": 0
  }
}