{
  "__type__": "cc.SpriteFrame",
  "content": {
    "name": "TX_dianliuKJ1002",
    "atlas": "",
    "rect": {
      "x": 15,
      "y": 5,
      "width": 92,
      "height": 112
    },
    "offset": {
      "x": -3,
      "y": 3
    },
    "originalSize": {
      "width": 128,
      "height": 128
    },
    "rotated": false,
    "capInsets": [
      0,
      0,
      0,
      0
    ],
    "vertices": {
      "rawPosition": [
        -46,
        -56,
        0,
        46,
        -56,
        0,
        -46,
        56,
        0,
        46,
        56,
        0
      ],
      "indexes": [
        0,
        1,
        2,
        2,
        1,
        3
      ],
      "uv": [
        15,
        123,
        107,
        123,
        15,
        11,
        107,
        11
      ],
      "nuv": [
        0.1171875,
        0.0859375,
        0.8359375,
        0.0859375,
        0.1171875,
        0.9609375,
        0.8359375,
        0.9609375
      ],
      "minPos": {
        "x": -46,
        "y": -56,
        "z": 0
      },
      "maxPos": {
        "x": 46,
        "y": 56,
        "z": 0
      }
    },
    "texture": "7a00e04a-0792-4521-8738-afca7d84efbb@6c48a",
    "packable": true,
    "pixelsToUnit": 100,
    "pivot": {
      "x": 0.5,
      "y": 0.5
    },
    "meshType": 0
  }
}