{
  "__type__": "cc.SpriteFrame",
  "content": {
    "name": "TX_hitA01",
    "atlas": "",
    "rect": {
      "x": 29,
      "y": 36,
      "width": 50,
      "height": 71
    },
    "offset": {
      "x": -10,
      "y": -7.5
    },
    "originalSize": {
      "width": 128,
      "height": 128
    },
    "rotated": false,
    "capInsets": [
      0,
      0,
      0,
      0
    ],
    "vertices": {
      "rawPosition": [
        -25,
        -35.5,
        0,
        25,
        -35.5,
        0,
        -25,
        35.5,
        0,
        25,
        35.5,
        0
      ],
      "indexes": [
        0,
        1,
        2,
        2,
        1,
        3
      ],
      "uv": [
        29,
        92,
        79,
        92,
        29,
        21,
        79,
        21
      ],
      "nuv": [
        0.2265625,
        0.1640625,
        0.6171875,
        0.1640625,
        0.2265625,
        0.71875,
        0.6171875,
        0.71875
      ],
      "minPos": {
        "x": -25,
        "y": -35.5,
        "z": 0
      },
      "maxPos": {
        "x": 25,
        "y": 35.5,
        "z": 0
      }
    },
    "texture": "10e9417c-b3d3-4d3b-9356-3f9499c394e0@6c48a",
    "packable": true,
    "pixelsToUnit": 100,
    "pivot": {
      "x": 0.5,
      "y": 0.5
    },
    "meshType": 0
  }
}