{
  "__type__": "cc.SpriteFrame",
  "content": {
    "name": "TX_hitC03",
    "atlas": "",
    "rect": {
      "x": 7,
      "y": 7,
      "width": 87,
      "height": 98
    },
    "offset": {
      "x": -13.5,
      "y": 8
    },
    "originalSize": {
      "width": 128,
      "height": 128
    },
    "rotated": false,
    "capInsets": [
      0,
      0,
      0,
      0
    ],
    "vertices": {
      "rawPosition": [
        -43.5,
        -49,
        0,
        43.5,
        -49,
        0,
        -43.5,
        49,
        0,
        43.5,
        49,
        0
      ],
      "indexes": [
        0,
        1,
        2,
        2,
        1,
        3
      ],
      "uv": [
        7,
        121,
        94,
        121,
        7,
        23,
        94,
        23
      ],
      "nuv": [
        0.0546875,
        0.1796875,
        0.734375,
        0.1796875,
        0.0546875,
        0.9453125,
        0.734375,
        0.9453125
      ],
      "minPos": {
        "x": -43.5,
        "y": -49,
        "z": 0
      },
      "maxPos": {
        "x": 43.5,
        "y": 49,
        "z": 0
      }
    },
    "texture": "10eed1ac-609e-4e23-9faf-aba0f09e894f@6c48a",
    "packable": true,
    "pixelsToUnit": 100,
    "pivot": {
      "x": 0.5,
      "y": 0.5
    },
    "meshType": 0
  }
}