{
  "__type__": "cc.SpriteFrame",
  "content": {
    "name": "JCZSbeetlewarrior_R_1073",
    "atlas": "",
    "rect": {
      "x": 35,
      "y": 33,
      "width": 84,
      "height": 66
    },
    "offset": {
      "x": 13,
      "y": -2
    },
    "originalSize": {
      "width": 128,
      "height": 128
    },
    "rotated": false,
    "capInsets": [
      0,
      0,
      0,
      0
    ],
    "vertices": {
      "rawPosition": [
        -42,
        -33,
        0,
        42,
        -33,
        0,
        -42,
        33,
        0,
        42,
        33,
        0
      ],
      "indexes": [
        0,
        1,
        2,
        2,
        1,
        3
      ],
      "uv": [
        35,
        95,
        119,
        95,
        35,
        29,
        119,
        29
      ],
      "nuv": [
        0.2734375,
        0.2265625,
        0.9296875,
        0.2265625,
        0.2734375,
        0.7421875,
        0.9296875,
        0.7421875
      ],
      "minPos": {
        "x": -42,
        "y": -33,
        "z": 0
      },
      "maxPos": {
        "x": 42,
        "y": 33,
        "z": 0
      }
    },
    "texture": "10fa505b-4317-4dfc-aa02-6e5612aa9a3b@6c48a",
    "packable": true,
    "pixelsToUnit": 100,
    "pivot": {
      "x": 0.5,
      "y": 0.5
    },
    "meshType": 0
  }
}