{
  "__type__": "cc.SpriteFrame",
  "content": {
    "name": "TX_Bhuoyan1030",
    "atlas": "",
    "rect": {
      "x": 37,
      "y": 106,
      "width": 174,
      "height": 76
    },
    "offset": {
      "x": -4,
      "y": -16
    },
    "originalSize": {
      "width": 256,
      "height": 256
    },
    "rotated": false,
    "capInsets": [
      0,
      0,
      0,
      0
    ],
    "vertices": {
      "rawPosition": [
        -87,
        -38,
        0,
        87,
        -38,
        0,
        -87,
        38,
        0,
        87,
        38,
        0
      ],
      "indexes": [
        0,
        1,
        2,
        2,
        1,
        3
      ],
      "uv": [
        37,
        150,
        211,
        150,
        37,
        74,
        211,
        74
      ],
      "nuv": [
        0.14453125,
        0.2890625,
        0.82421875,
        0.2890625,
        0.14453125,
        0.5859375,
        0.82421875,
        0.5859375
      ],
      "minPos": {
        "x": -87,
        "y": -38,
        "z": 0
      },
      "maxPos": {
        "x": 87,
        "y": 38,
        "z": 0
      }
    },
    "texture": "e94156a9-5be8-4378-9d3a-3890b1f1f5fc@6c48a",
    "packable": true,
    "pixelsToUnit": 100,
    "pivot": {
      "x": 0.5,
      "y": 0.5
    },
    "meshType": 0
  }
}