{
  "__type__": "cc.SpriteFrame",
  "content": {
    "name": "TX_sashui1008",
    "atlas": "",
    "rect": {
      "x": 33,
      "y": 48,
      "width": 69,
      "height": 69
    },
    "offset": {
      "x": 3.5,
      "y": -18.5
    },
    "originalSize": {
      "width": 128,
      "height": 128
    },
    "rotated": false,
    "capInsets": [
      0,
      0,
      0,
      0
    ],
    "vertices": {
      "rawPosition": [
        -34.5,
        -34.5,
        0,
        34.5,
        -34.5,
        0,
        -34.5,
        34.5,
        0,
        34.5,
        34.5,
        0
      ],
      "indexes": [
        0,
        1,
        2,
        2,
        1,
        3
      ],
      "uv": [
        33,
        80,
        102,
        80,
        33,
        11,
        102,
        11
      ],
      "nuv": [
        0.2578125,
        0.0859375,
        0.796875,
        0.0859375,
        0.2578125,
        0.625,
        0.796875,
        0.625
      ],
      "minPos": {
        "x": -34.5,
        "y": -34.5,
        "z": 0
      },
      "maxPos": {
        "x": 34.5,
        "y": 34.5,
        "z": 0
      }
    },
    "texture": "8d16617b-561c-4c4f-bf39-1d5ec60bbf55@6c48a",
    "packable": true,
    "pixelsToUnit": 100,
    "pivot": {
      "x": 0.5,
      "y": 0.5
    },
    "meshType": 0
  }
}