{
  "__type__": "cc.SpriteFrame",
  "content": {
    "name": "bomb_00116",
    "atlas": "",
    "rect": {
      "x": 126,
      "y": 141,
      "width": 544,
      "height": 411
    },
    "offset": {
      "x": -2,
      "y": 53.5
    },
    "originalSize": {
      "width": 800,
      "height": 800
    },
    "rotated": false,
    "capInsets": [
      0,
      0,
      0,
      0
    ],
    "vertices": {
      "rawPosition": [
        -272,
        -205.5,
        0,
        272,
        -205.5,
        0,
        -272,
        205.5,
        0,
        272,
        205.5,
        0
      ],
      "indexes": [
        0,
        1,
        2,
        2,
        1,
        3
      ],
      "uv": [
        126,
        659,
        670,
        659,
        126,
        248,
        670,
        248
      ],
      "nuv": [
        0.1575,
        0.31,
        0.8375,
        0.31,
        0.1575,
        0.82375,
        0.8375,
        0.82375
      ],
      "minPos": {
        "x": -272,
        "y": -205.5,
        "z": 0
      },
      "maxPos": {
        "x": 272,
        "y": 205.5,
        "z": 0
      }
    },
    "texture": "47b2f827-5e06-4c74-b677-9e476d702172@6c48a",
    "packable": true,
    "pixelsToUnit": 100,
    "pivot": {
      "x": 0.5,
      "y": 0.5
    },
    "meshType": 0
  }
}