{
  "__type__": "cc.Skeleton",
  "_name": "Skin-1",
  "_objFlags": 0,
  "__editorExtras__": {},
  "_native": "",
  "_joints": [
    "DeformationSystem/Root_M"
  ],
  "_bindposes": [
    {
      "__type__": "cc.Mat4",
      "m00": 3.7949868669784337e-7,
      "m01": 5.744832235789199e-14,
      "m02": 1,
      "m03": 0,
      "m04": 1,
      "m05": 5.205485535952903e-7,
      "m06": -3.7949868669784337e-7,
      "m07": 0,
      "m08": -5.205485535952903e-7,
      "m09": 1,
      "m10": 1.4009916816069834e-13,
      "m11": 0,
      "m12": 1.8135424852371216,
      "m13": 0.003888776758685708,
      "m14": 0.005262312479317188,
      "m15": 1
    }
  ],
  "_hash": 2798338247
}