{
  "__type__": "cc.Skeleton",
  "_name": "Skin-4",
  "_objFlags": 0,
  "__editorExtras__": {},
  "_native": "",
  "_joints": [
    "DeformationSystem/Root_M/Jnt001_M",
    "DeformationSystem/Root_M/Jnt001_M/Jnt002_R",
    "DeformationSystem/Root_M/Jnt001_M/Jnt002_L"
  ],
  "_bindposes": [
    {
      "__type__": "cc.Mat4",
      "m00": 3.84500481231953e-7,
      "m01": 7.295309782705608e-14,
      "m02": 1,
      "m03": 0,
      "m04": 5.205485535952903e-7,
      "m05": -1,
      "m06": -1.271980703274403e-13,
      "m07": 0,
      "m08": 1,
      "m09": 5.205485535952903e-7,
      "m10": -3.84500481231953e-7,
      "m11": 0,
      "m12": 0.06621436774730682,
      "m13": 0.019724274054169655,
      "m14": -0.009675700217485428,
      "m15": 1
    },
    {
      "__type__": "cc.Mat4",
      "m00": 3.7949868669784337e-7,
      "m01": -5.878058998744218e-14,
      "m02": -1,
      "m03": 0,
      "m04": 5.205485535952903e-7,
      "m05": 1,
      "m06": 1.3876690053114815e-13,
      "m07": 0,
      "m08": 1,
      "m09": -5.205485535952903e-7,
      "m10": 3.7949868669784337e-7,
      "m11": 0,
      "m12": -0.10437830537557602,
      "m13": -0.019724274054169655,
      "m14": -0.5378364324569702,
      "m15": 1
    },
    {
      "__type__": "cc.Mat4",
      "m00": 3.7949868669784337e-7,
      "m01": -5.740997548230389e-14,
      "m02": -1,
      "m03": 0,
      "m04": -5.205485535952903e-7,
      "m05": -1,
      "m06": -1.4013750826002286e-13,
      "m07": 0,
      "m08": -1,
      "m09": 5.205485535952903e-7,
      "m10": -3.7949868669784337e-7,
      "m11": 0,
      "m12": 0.10437829792499542,
      "m13": 0.019724274054169655,
      "m14": 0.5571877956390381,
      "m15": 1
    }
  ],
  "_hash": 791319512
}