{
  "__type__": "cc.Skeleton",
  "_name": "Skin-2",
  "_objFlags": 0,
  "__editorExtras__": {},
  "_native": "",
  "_joints": [
    "DeformationSystem/Root_M",
    "DeformationSystem/Root_M/Jnt003_L",
    "DeformationSystem/Root_M/Jnt001_M/Jnt002_L"
  ],
  "_bindposes": [
    {
      "__type__": "cc.Mat4",
      "m00": 3.7949868669784337e-7,
      "m01": 5.744832235789199e-14,
      "m02": 1,
      "m03": 0,
      "m04": 1,
      "m05": 5.205485535952903e-7,
      "m06": -3.7949868669784337e-7,
      "m07": 0,
      "m08": -5.205485535952903e-7,
      "m09": 1,
      "m10": 1.4009916816069834e-13,
      "m11": 0,
      "m12": 3.3537704944610596,
      "m13": -1.9912611246109009,
      "m14": 0.671670138835907,
      "m15": 1
    },
    {
      "__type__": "cc.Mat4",
      "m00": -0.08599790930747986,
      "m01": -1.0041045135316513e-15,
      "m02": -0.9962952733039856,
      "m03": 0,
      "m04": 2.8021647722602802e-15,
      "m05": -1,
      "m06": 7.659614651089007e-16,
      "m07": 0,
      "m08": -0.9962952733039856,
      "m09": -2.725912537007843e-15,
      "m10": 0.08599790930747986,
      "m11": 0,
      "m12": 0.05788777396082878,
      "m13": 0.015187102369964123,
      "m14": 0.004602889996021986,
      "m15": 1
    },
    {
      "__type__": "cc.Mat4",
      "m00": 3.7949868669784337e-7,
      "m01": -5.740997548230389e-14,
      "m02": -1,
      "m03": 0,
      "m04": -5.205485535952903e-7,
      "m05": -1,
      "m06": -1.4013750826002286e-13,
      "m07": 0,
      "m08": -1,
      "m09": 5.205485535952903e-7,
      "m10": -3.7949868669784337e-7,
      "m11": 0,
      "m12": -1.8379803895950317,
      "m13": 0.011896896176040173,
      "m14": -0.1241600289940834,
      "m15": 1
    }
  ],
  "_hash": 1137651592
}