{
  "__type__": "cc.Skeleton",
  "_name": "Skin-3",
  "_objFlags": 0,
  "__editorExtras__": {},
  "_native": "",
  "_joints": [
    "DeformationSystem/Root_M",
    "DeformationSystem/Root_M/Jnt003_R",
    "DeformationSystem/Root_M/Jnt001_M/Jnt002_R"
  ],
  "_bindposes": [
    {
      "__type__": "cc.Mat4",
      "m00": 3.7949868669784337e-7,
      "m01": 5.744832235789199e-14,
      "m02": 1,
      "m03": 0,
      "m04": 1,
      "m05": 5.205485535952903e-7,
      "m06": -3.7949868669784337e-7,
      "m07": 0,
      "m08": -5.205485535952903e-7,
      "m09": 1,
      "m10": 1.4009916816069834e-13,
      "m11": 0,
      "m12": 3.3537700176239014,
      "m13": -1.9818567037582397,
      "m14": -0.6741219758987427,
      "m15": 1
    },
    {
      "__type__": "cc.Mat4",
      "m00": -0.08599790930747986,
      "m01": 3.702453857282011e-15,
      "m02": -0.9962952733039856,
      "m03": 0,
      "m04": -2.8021647722602802e-15,
      "m05": 1,
      "m06": 3.958097718125778e-15,
      "m07": 0,
      "m08": 0.9962952733039856,
      "m09": 3.1321715613676342e-15,
      "m10": -0.08599790930747986,
      "m11": 0,
      "m12": -0.048307616263628006,
      "m13": -0.01518709771335125,
      "m14": -0.0029715413693338633,
      "m15": 1
    },
    {
      "__type__": "cc.Mat4",
      "m00": 3.7949868669784337e-7,
      "m01": -5.878058998744218e-14,
      "m02": -1,
      "m03": 0,
      "m04": 5.205485535952903e-7,
      "m05": 1,
      "m06": 1.3876690053114815e-13,
      "m07": 0,
      "m08": 1,
      "m09": -5.205485535952903e-7,
      "m10": 3.7949868669784337e-7,
      "m11": 0,
      "m12": 1.8473849296569824,
      "m13": -0.011896896176040173,
      "m14": 0.12660931050777435,
      "m15": 1
    }
  ],
  "_hash": 652111454
}