{
  "__type__": "cc.SpriteFrame",
  "content": {
    "name": "UI_ren",
    "atlas": "",
    "rect": {
      "x": 38,
      "y": 11,
      "width": 52,
      "height": 100
    },
    "offset": {
      "x": 0,
      "y": 3
    },
    "originalSize": {
      "width": 128,
      "height": 128
    },
    "rotated": false,
    "capInsets": [
      0,
      0,
      0,
      0
    ],
    "vertices": {
      "rawPosition": [
        -26,
        -50,
        0,
        26,
        -50,
        0,
        -26,
        50,
        0,
        26,
        50,
        0
      ],
      "indexes": [
        0,
        1,
        2,
        2,
        1,
        3
      ],
      "uv": [
        38,
        117,
        90,
        117,
        38,
        17,
        90,
        17
      ],
      "nuv": [
        0.296875,
        0.1328125,
        0.703125,
        0.1328125,
        0.296875,
        0.9140625,
        0.703125,
        0.9140625
      ],
      "minPos": {
        "x": -26,
        "y": -50,
        "z": 0
      },
      "maxPos": {
        "x": 26,
        "y": 50,
        "z": 0
      }
    },
    "texture": "a3f39309-0cc6-4d1e-9fb9-49d2f08f0605@6c48a",
    "packable": true,
    "pixelsToUnit": 100,
    "pivot": {
      "x": 0.5,
      "y": 0.5
    },
    "meshType": 0
  }
}