{
  "__type__": "cc.SpriteFrame",
  "content": {
    "name": "UI_qipaojiachang",
    "atlas": "",
    "rect": {
      "x": 2,
      "y": 85,
      "width": 252,
      "height": 86
    },
    "offset": {
      "x": 0,
      "y": -0.5
    },
    "originalSize": {
      "width": 256,
      "height": 255
    },
    "rotated": false,
    "capInsets": [
      0,
      0,
      0,
      0
    ],
    "vertices": {
      "rawPosition": [
        -126,
        -43,
        0,
        126,
        -43,
        0,
        -126,
        43,
        0,
        126,
        43,
        0
      ],
      "indexes": [
        0,
        1,
        2,
        2,
        1,
        3
      ],
      "uv": [
        2,
        170,
        254,
        170,
        2,
        84,
        254,
        84
      ],
      "nuv": [
        0.0078125,
        0.32941176470588235,
        0.9921875,
        0.32941176470588235,
        0.0078125,
        0.6666666666666666,
        0.9921875,
        0.6666666666666666
      ],
      "minPos": {
        "x": -126,
        "y": -43,
        "z": 0
      },
      "maxPos": {
        "x": 126,
        "y": 43,
        "z": 0
      }
    },
    "texture": "b5226b97-ea6b-4cf2-9e1e-e3bc1e39f9df@6c48a",
    "packable": true,
    "pixelsToUnit": 100,
    "pivot": {
      "x": 0.5,
      "y": 0.5
    },
    "meshType": 0
  }
}