{
  "__type__": "cc.SpriteFrame",
  "content": {
    "name": "TX_shengji1009",
    "atlas": "",
    "rect": {
      "x": 8,
      "y": 46,
      "width": 112,
      "height": 67
    },
    "offset": {
      "x": 0,
      "y": -15.5
    },
    "originalSize": {
      "width": 128,
      "height": 128
    },
    "rotated": false,
    "capInsets": [
      0,
      0,
      0,
      0
    ],
    "vertices": {
      "rawPosition": [
        -56,
        -33.5,
        0,
        56,
        -33.5,
        0,
        -56,
        33.5,
        0,
        56,
        33.5,
        0
      ],
      "indexes": [
        0,
        1,
        2,
        2,
        1,
        3
      ],
      "uv": [
        8,
        82,
        120,
        82,
        8,
        15,
        120,
        15
      ],
      "nuv": [
        0.0625,
        0.1171875,
        0.9375,
        0.1171875,
        0.0625,
        0.640625,
        0.9375,
        0.640625
      ],
      "minPos": {
        "x": -56,
        "y": -33.5,
        "z": 0
      },
      "maxPos": {
        "x": 56,
        "y": 33.5,
        "z": 0
      }
    },
    "texture": "bda52a76-aeda-480f-8955-15d03b19da27@6c48a",
    "packable": true,
    "pixelsToUnit": 100,
    "pivot": {
      "x": 0.5,
      "y": 0.5
    },
    "meshType": 0
  }
}