{
  "__type__": "cc.SpriteFrame",
  "content": {
    "name": "DJCstagbeetle_L_1013",
    "atlas": "",
    "rect": {
      "x": 25,
      "y": 37,
      "width": 80,
      "height": 59
    },
    "offset": {
      "x": 1,
      "y": -2.5
    },
    "originalSize": {
      "width": 128,
      "height": 128
    },
    "rotated": false,
    "capInsets": [
      0,
      0,
      0,
      0
    ],
    "vertices": {
      "rawPosition": [
        -40,
        -29.5,
        0,
        40,
        -29.5,
        0,
        -40,
        29.5,
        0,
        40,
        29.5,
        0
      ],
      "indexes": [
        0,
        1,
        2,
        2,
        1,
        3
      ],
      "uv": [
        25,
        91,
        105,
        91,
        25,
        32,
        105,
        32
      ],
      "nuv": [
        0.1953125,
        0.25,
        0.8203125,
        0.25,
        0.1953125,
        0.7109375,
        0.8203125,
        0.7109375
      ],
      "minPos": {
        "x": -40,
        "y": -29.5,
        "z": 0
      },
      "maxPos": {
        "x": 40,
        "y": 29.5,
        "z": 0
      }
    },
    "texture": "218fd3cd-588b-40e3-b1b7-2e83b133cbcf@6c48a",
    "packable": true,
    "pixelsToUnit": 100,
    "pivot": {
      "x": 0.5,
      "y": 0.5
    },
    "meshType": 0
  }
}