{
  "__type__": "cc.SpriteFrame",
  "content": {
    "name": "TX_skillD06",
    "atlas": "",
    "rect": {
      "x": 9,
      "y": 10,
      "width": 111,
      "height": 116
    },
    "offset": {
      "x": 0.5,
      "y": 3.5
    },
    "originalSize": {
      "width": 128,
      "height": 143
    },
    "rotated": false,
    "capInsets": [
      0,
      0,
      0,
      0
    ],
    "vertices": {
      "rawPosition": [
        -55.5,
        -58,
        0,
        55.5,
        -58,
        0,
        -55.5,
        58,
        0,
        55.5,
        58,
        0
      ],
      "indexes": [
        0,
        1,
        2,
        2,
        1,
        3
      ],
      "uv": [
        9,
        133,
        120,
        133,
        9,
        17,
        120,
        17
      ],
      "nuv": [
        0.0703125,
        0.11888111888111888,
        0.9375,
        0.11888111888111888,
        0.0703125,
        0.9300699300699301,
        0.9375,
        0.9300699300699301
      ],
      "minPos": {
        "x": -55.5,
        "y": -58,
        "z": 0
      },
      "maxPos": {
        "x": 55.5,
        "y": 58,
        "z": 0
      }
    },
    "texture": "21fb5079-b47d-4540-b584-57401d2a0916@6c48a",
    "packable": true,
    "pixelsToUnit": 100,
    "pivot": {
      "x": 0.5,
      "y": 0.5
    },
    "meshType": 0
  }
}