{
  "__type__": "cc.SpriteFrame",
  "content": {
    "name": "bomb_00123",
    "atlas": "",
    "rect": {
      "x": 265,
      "y": 263,
      "width": 486,
      "height": 287
    },
    "offset": {
      "x": 108,
      "y": -6.5
    },
    "originalSize": {
      "width": 800,
      "height": 800
    },
    "rotated": false,
    "capInsets": [
      0,
      0,
      0,
      0
    ],
    "vertices": {
      "rawPosition": [
        -243,
        -143.5,
        0,
        243,
        -143.5,
        0,
        -243,
        143.5,
        0,
        243,
        143.5,
        0
      ],
      "indexes": [
        0,
        1,
        2,
        2,
        1,
        3
      ],
      "uv": [
        265,
        537,
        751,
        537,
        265,
        250,
        751,
        250
      ],
      "nuv": [
        0.33125,
        0.3125,
        0.93875,
        0.3125,
        0.33125,
        0.67125,
        0.93875,
        0.67125
      ],
      "minPos": {
        "x": -243,
        "y": -143.5,
        "z": 0
      },
      "maxPos": {
        "x": 243,
        "y": 143.5,
        "z": 0
      }
    },
    "texture": "bd60f4d8-a9c8-4538-b70b-6f1d8781ce0e@6c48a",
    "packable": true,
    "pixelsToUnit": 100,
    "pivot": {
      "x": 0.5,
      "y": 0.5
    },
    "meshType": 0
  }
}