{
  "__type__": "cc.SpriteFrame",
  "content": {
    "name": "bomb_00127",
    "atlas": "",
    "rect": {
      "x": 367,
      "y": 367,
      "width": 395,
      "height": 132
    },
    "offset": {
      "x": 164.5,
      "y": -33
    },
    "originalSize": {
      "width": 800,
      "height": 800
    },
    "rotated": false,
    "capInsets": [
      0,
      0,
      0,
      0
    ],
    "vertices": {
      "rawPosition": [
        -197.5,
        -66,
        0,
        197.5,
        -66,
        0,
        -197.5,
        66,
        0,
        197.5,
        66,
        0
      ],
      "indexes": [
        0,
        1,
        2,
        2,
        1,
        3
      ],
      "uv": [
        367,
        433,
        762,
        433,
        367,
        301,
        762,
        301
      ],
      "nuv": [
        0.45875,
        0.37625,
        0.9525,
        0.37625,
        0.45875,
        0.54125,
        0.9525,
        0.54125
      ],
      "minPos": {
        "x": -197.5,
        "y": -66,
        "z": 0
      },
      "maxPos": {
        "x": 197.5,
        "y": 66,
        "z": 0
      }
    },
    "texture": "77759876-9ba1-4b71-99a5-9e9ba0bf35e7@6c48a",
    "packable": true,
    "pixelsToUnit": 100,
    "pivot": {
      "x": 0.5,
      "y": 0.5
    },
    "meshType": 0
  }
}