{
  "__type__": "cc.SpriteFrame",
  "content": {
    "name": "TX_dianliuKJ1004",
    "atlas": "",
    "rect": {
      "x": 12,
      "y": 10,
      "width": 97,
      "height": 106
    },
    "offset": {
      "x": -3.5,
      "y": 1
    },
    "originalSize": {
      "width": 128,
      "height": 128
    },
    "rotated": false,
    "capInsets": [
      0,
      0,
      0,
      0
    ],
    "vertices": {
      "rawPosition": [
        -48.5,
        -53,
        0,
        48.5,
        -53,
        0,
        -48.5,
        53,
        0,
        48.5,
        53,
        0
      ],
      "indexes": [
        0,
        1,
        2,
        2,
        1,
        3
      ],
      "uv": [
        12,
        118,
        109,
        118,
        12,
        12,
        109,
        12
      ],
      "nuv": [
        0.09375,
        0.09375,
        0.8515625,
        0.09375,
        0.09375,
        0.921875,
        0.8515625,
        0.921875
      ],
      "minPos": {
        "x": -48.5,
        "y": -53,
        "z": 0
      },
      "maxPos": {
        "x": 48.5,
        "y": 53,
        "z": 0
      }
    },
    "texture": "14933bef-c67c-4a71-88db-298b839fd74b@6c48a",
    "packable": true,
    "pixelsToUnit": 100,
    "pivot": {
      "x": 0.5,
      "y": 0.5
    },
    "meshType": 0
  }
}