{
  "__type__": "cc.SpriteFrame",
  "content": {
    "name": "TX_huoyan1002",
    "atlas": "",
    "rect": {
      "x": 28,
      "y": 14,
      "width": 79,
      "height": 190
    },
    "offset": {
      "x": 7.5,
      "y": -3.5
    },
    "originalSize": {
      "width": 120,
      "height": 211
    },
    "rotated": false,
    "capInsets": [
      0,
      0,
      0,
      0
    ],
    "vertices": {
      "rawPosition": [
        -39.5,
        -95,
        0,
        39.5,
        -95,
        0,
        -39.5,
        95,
        0,
        39.5,
        95,
        0
      ],
      "indexes": [
        0,
        1,
        2,
        2,
        1,
        3
      ],
      "uv": [
        28,
        197,
        107,
        197,
        28,
        7,
        107,
        7
      ],
      "nuv": [
        0.23333333333333334,
        0.03317535545023697,
        0.8916666666666667,
        0.03317535545023697,
        0.23333333333333334,
        0.933649289099526,
        0.8916666666666667,
        0.933649289099526
      ],
      "minPos": {
        "x": -39.5,
        "y": -95,
        "z": 0
      },
      "maxPos": {
        "x": 39.5,
        "y": 95,
        "z": 0
      }
    },
    "texture": "dd84d33d-73a3-4da4-9255-b2db1198e14c@6c48a",
    "packable": true,
    "pixelsToUnit": 100,
    "pivot": {
      "x": 0.5,
      "y": 0.5
    },
    "meshType": 0
  }
}