{
  "__type__": "cc.SpriteFrame",
  "content": {
    "name": "TX_hitD03",
    "atlas": "",
    "rect": {
      "x": 39,
      "y": 12,
      "width": 70,
      "height": 98
    },
    "offset": {
      "x": 10,
      "y": 3
    },
    "originalSize": {
      "width": 128,
      "height": 128
    },
    "rotated": false,
    "capInsets": [
      0,
      0,
      0,
      0
    ],
    "vertices": {
      "rawPosition": [
        -35,
        -49,
        0,
        35,
        -49,
        0,
        -35,
        49,
        0,
        35,
        49,
        0
      ],
      "indexes": [
        0,
        1,
        2,
        2,
        1,
        3
      ],
      "uv": [
        39,
        116,
        109,
        116,
        39,
        18,
        109,
        18
      ],
      "nuv": [
        0.3046875,
        0.140625,
        0.8515625,
        0.140625,
        0.3046875,
        0.90625,
        0.8515625,
        0.90625
      ],
      "minPos": {
        "x": -35,
        "y": -49,
        "z": 0
      },
      "maxPos": {
        "x": 35,
        "y": 49,
        "z": 0
      }
    },
    "texture": "7d1b7aa2-66cd-46d6-8aec-2593bde6df91@6c48a",
    "packable": true,
    "pixelsToUnit": 100,
    "pivot": {
      "x": 0.5,
      "y": 0.5
    },
    "meshType": 0
  }
}