{
  "__type__": "cc.SpriteFrame",
  "content": {
    "name": "TX_hitB01",
    "atlas": "",
    "rect": {
      "x": 19,
      "y": 18,
      "width": 28,
      "height": 28
    },
    "offset": {
      "x": 1,
      "y": 0
    },
    "originalSize": {
      "width": 64,
      "height": 64
    },
    "rotated": false,
    "capInsets": [
      0,
      0,
      0,
      0
    ],
    "vertices": {
      "rawPosition": [
        -14,
        -14,
        0,
        14,
        -14,
        0,
        -14,
        14,
        0,
        14,
        14,
        0
      ],
      "indexes": [
        0,
        1,
        2,
        2,
        1,
        3
      ],
      "uv": [
        19,
        46,
        47,
        46,
        19,
        18,
        47,
        18
      ],
      "nuv": [
        0.296875,
        0.28125,
        0.734375,
        0.28125,
        0.296875,
        0.71875,
        0.734375,
        0.71875
      ],
      "minPos": {
        "x": -14,
        "y": -14,
        "z": 0
      },
      "maxPos": {
        "x": 14,
        "y": 14,
        "z": 0
      }
    },
    "texture": "7d650b5f-30a4-45a7-bc2f-40f8648e9260@6c48a",
    "packable": true,
    "pixelsToUnit": 100,
    "pivot": {
      "x": 0.5,
      "y": 0.5
    },
    "meshType": 0
  }
}