{
  "__type__": "cc.SpriteFrame",
  "content": {
    "name": "TX_shengjiLZ1002",
    "atlas": "",
    "rect": {
      "x": 35,
      "y": 18,
      "width": 70,
      "height": 97
    },
    "offset": {
      "x": 6,
      "y": -2.5
    },
    "originalSize": {
      "width": 128,
      "height": 128
    },
    "rotated": false,
    "capInsets": [
      0,
      0,
      0,
      0
    ],
    "vertices": {
      "rawPosition": [
        -35,
        -48.5,
        0,
        35,
        -48.5,
        0,
        -35,
        48.5,
        0,
        35,
        48.5,
        0
      ],
      "indexes": [
        0,
        1,
        2,
        2,
        1,
        3
      ],
      "uv": [
        35,
        110,
        105,
        110,
        35,
        13,
        105,
        13
      ],
      "nuv": [
        0.2734375,
        0.1015625,
        0.8203125,
        0.1015625,
        0.2734375,
        0.859375,
        0.8203125,
        0.859375
      ],
      "minPos": {
        "x": -35,
        "y": -48.5,
        "z": 0
      },
      "maxPos": {
        "x": 35,
        "y": 48.5,
        "z": 0
      }
    },
    "texture": "7d80a0db-b1f2-4880-bda5-41172b7e1fd3@6c48a",
    "packable": true,
    "pixelsToUnit": 100,
    "pivot": {
      "x": 0.5,
      "y": 0.5
    },
    "meshType": 0
  }
}