{
  "__type__": "cc.SpriteFrame",
  "content": {
    "name": "TX_skillD04",
    "atlas": "",
    "rect": {
      "x": 8,
      "y": 31,
      "width": 101,
      "height": 105
    },
    "offset": {
      "x": -5.5,
      "y": -12
    },
    "originalSize": {
      "width": 128,
      "height": 143
    },
    "rotated": false,
    "capInsets": [
      0,
      0,
      0,
      0
    ],
    "vertices": {
      "rawPosition": [
        -50.5,
        -52.5,
        0,
        50.5,
        -52.5,
        0,
        -50.5,
        52.5,
        0,
        50.5,
        52.5,
        0
      ],
      "indexes": [
        0,
        1,
        2,
        2,
        1,
        3
      ],
      "uv": [
        8,
        112,
        109,
        112,
        8,
        7,
        109,
        7
      ],
      "nuv": [
        0.0625,
        0.04895104895104895,
        0.8515625,
        0.04895104895104895,
        0.0625,
        0.7832167832167832,
        0.8515625,
        0.7832167832167832
      ],
      "minPos": {
        "x": -50.5,
        "y": -52.5,
        "z": 0
      },
      "maxPos": {
        "x": 50.5,
        "y": 52.5,
        "z": 0
      }
    },
    "texture": "8a497689-0538-47ce-8bfb-0abc7e00608e@6c48a",
    "packable": true,
    "pixelsToUnit": 100,
    "pivot": {
      "x": 0.5,
      "y": 0.5
    },
    "meshType": 0
  }
}