{
  "__type__": "cc.SpriteFrame",
  "content": {
    "name": "bomb_00105",
    "atlas": "",
    "rect": {
      "x": 269,
      "y": 218,
      "width": 258,
      "height": 257
    },
    "offset": {
      "x": -2,
      "y": 53.5
    },
    "originalSize": {
      "width": 800,
      "height": 800
    },
    "rotated": false,
    "capInsets": [
      0,
      0,
      0,
      0
    ],
    "vertices": {
      "rawPosition": [
        -129,
        -128.5,
        0,
        129,
        -128.5,
        0,
        -129,
        128.5,
        0,
        129,
        128.5,
        0
      ],
      "indexes": [
        0,
        1,
        2,
        2,
        1,
        3
      ],
      "uv": [
        269,
        582,
        527,
        582,
        269,
        325,
        527,
        325
      ],
      "nuv": [
        0.33625,
        0.40625,
        0.65875,
        0.40625,
        0.33625,
        0.7275,
        0.65875,
        0.7275
      ],
      "minPos": {
        "x": -129,
        "y": -128.5,
        "z": 0
      },
      "maxPos": {
        "x": 129,
        "y": 128.5,
        "z": 0
      }
    },
    "texture": "4d4aed12-7bc3-4447-a181-fe30b7defe2d@6c48a",
    "packable": true,
    "pixelsToUnit": 100,
    "pivot": {
      "x": 0.5,
      "y": 0.5
    },
    "meshType": 0
  }
}