{
  "__type__": "cc.SpriteFrame",
  "content": {
    "name": "UI_kuangshi",
    "atlas": "",
    "rect": {
      "x": 12,
      "y": 20,
      "width": 104,
      "height": 97
    },
    "offset": {
      "x": 0,
      "y": -4.5
    },
    "originalSize": {
      "width": 128,
      "height": 128
    },
    "rotated": false,
    "capInsets": [
      0,
      0,
      0,
      0
    ],
    "vertices": {
      "rawPosition": [
        -52,
        -48.5,
        0,
        52,
        -48.5,
        0,
        -52,
        48.5,
        0,
        52,
        48.5,
        0
      ],
      "indexes": [
        0,
        1,
        2,
        2,
        1,
        3
      ],
      "uv": [
        12,
        108,
        116,
        108,
        12,
        11,
        116,
        11
      ],
      "nuv": [
        0.09375,
        0.0859375,
        0.90625,
        0.0859375,
        0.09375,
        0.84375,
        0.90625,
        0.84375
      ],
      "minPos": {
        "x": -52,
        "y": -48.5,
        "z": 0
      },
      "maxPos": {
        "x": 52,
        "y": 48.5,
        "z": 0
      }
    },
    "texture": "f7712051-acce-49da-9167-635b85ac71f5@6c48a",
    "packable": true,
    "pixelsToUnit": 100,
    "pivot": {
      "x": 0.5,
      "y": 0.5
    },
    "meshType": 0
  }
}