{
  "__type__": "cc.SpriteFrame",
  "content": {
    "name": "TX_sashui1010",
    "atlas": "",
    "rect": {
      "x": 34,
      "y": 47,
      "width": 70,
      "height": 73
    },
    "offset": {
      "x": 5,
      "y": -19.5
    },
    "originalSize": {
      "width": 128,
      "height": 128
    },
    "rotated": false,
    "capInsets": [
      0,
      0,
      0,
      0
    ],
    "vertices": {
      "rawPosition": [
        -35,
        -36.5,
        0,
        35,
        -36.5,
        0,
        -35,
        36.5,
        0,
        35,
        36.5,
        0
      ],
      "indexes": [
        0,
        1,
        2,
        2,
        1,
        3
      ],
      "uv": [
        34,
        81,
        104,
        81,
        34,
        8,
        104,
        8
      ],
      "nuv": [
        0.265625,
        0.0625,
        0.8125,
        0.0625,
        0.265625,
        0.6328125,
        0.8125,
        0.6328125
      ],
      "minPos": {
        "x": -35,
        "y": -36.5,
        "z": 0
      },
      "maxPos": {
        "x": 35,
        "y": 36.5,
        "z": 0
      }
    },
    "texture": "1ff91661-6017-486d-bafb-9c8bbc52d58d@6c48a",
    "packable": true,
    "pixelsToUnit": 100,
    "pivot": {
      "x": 0.5,
      "y": 0.5
    },
    "meshType": 0
  }
}