{
  "__type__": "cc.SpriteFrame",
  "content": {
    "name": "TX_Dbingjian1022",
    "atlas": "",
    "rect": {
      "x": 84,
      "y": 86,
      "width": 110,
      "height": 143
    },
    "offset": {
      "x": 11,
      "y": -29.5
    },
    "originalSize": {
      "width": 256,
      "height": 256
    },
    "rotated": false,
    "capInsets": [
      0,
      0,
      0,
      0
    ],
    "vertices": {
      "rawPosition": [
        -55,
        -71.5,
        0,
        55,
        -71.5,
        0,
        -55,
        71.5,
        0,
        55,
        71.5,
        0
      ],
      "indexes": [
        0,
        1,
        2,
        2,
        1,
        3
      ],
      "uv": [
        84,
        170,
        194,
        170,
        84,
        27,
        194,
        27
      ],
      "nuv": [
        0.328125,
        0.10546875,
        0.7578125,
        0.10546875,
        0.328125,
        0.6640625,
        0.7578125,
        0.6640625
      ],
      "minPos": {
        "x": -55,
        "y": -71.5,
        "z": 0
      },
      "maxPos": {
        "x": 55,
        "y": 71.5,
        "z": 0
      }
    },
    "texture": "08aa31ec-7d5a-44ac-a446-63cd055cde16@6c48a",
    "packable": true,
    "pixelsToUnit": 100,
    "pivot": {
      "x": 0.5,
      "y": 0.5
    },
    "meshType": 0
  }
}