{
  "__type__": "cc.SpriteFrame",
  "content": {
    "name": "TX_shengji1006",
    "atlas": "",
    "rect": {
      "x": 8,
      "y": 11,
      "width": 112,
      "height": 103
    },
    "offset": {
      "x": 0,
      "y": 1.5
    },
    "originalSize": {
      "width": 128,
      "height": 128
    },
    "rotated": false,
    "capInsets": [
      0,
      0,
      0,
      0
    ],
    "vertices": {
      "rawPosition": [
        -56,
        -51.5,
        0,
        56,
        -51.5,
        0,
        -56,
        51.5,
        0,
        56,
        51.5,
        0
      ],
      "indexes": [
        0,
        1,
        2,
        2,
        1,
        3
      ],
      "uv": [
        8,
        117,
        120,
        117,
        8,
        14,
        120,
        14
      ],
      "nuv": [
        0.0625,
        0.109375,
        0.9375,
        0.109375,
        0.0625,
        0.9140625,
        0.9375,
        0.9140625
      ],
      "minPos": {
        "x": -56,
        "y": -51.5,
        "z": 0
      },
      "maxPos": {
        "x": 56,
        "y": 51.5,
        "z": 0
      }
    },
    "texture": "2cb92d17-ab61-4047-acc4-7dbeed90305c@6c48a",
    "packable": true,
    "pixelsToUnit": 100,
    "pivot": {
      "x": 0.5,
      "y": 0.5
    },
    "meshType": 0
  }
}