{
  "__type__": "cc.SpriteFrame",
  "content": {
    "name": "Move02",
    "atlas": "",
    "rect": {
      "x": 179,
      "y": 179,
      "width": 156,
      "height": 156
    },
    "offset": {
      "x": 1,
      "y": -1
    },
    "originalSize": {
      "width": 512,
      "height": 512
    },
    "rotated": false,
    "capInsets": [
      0,
      0,
      0,
      0
    ],
    "vertices": {
      "rawPosition": [
        -78,
        -78,
        0,
        78,
        -78,
        0,
        -78,
        78,
        0,
        78,
        78,
        0
      ],
      "indexes": [
        0,
        1,
        2,
        2,
        1,
        3
      ],
      "uv": [
        179,
        333,
        335,
        333,
        179,
        177,
        335,
        177
      ],
      "nuv": [
        0.349609375,
        0.345703125,
        0.654296875,
        0.345703125,
        0.349609375,
        0.650390625,
        0.654296875,
        0.650390625
      ],
      "minPos": {
        "x": -78,
        "y": -78,
        "z": 0
      },
      "maxPos": {
        "x": 78,
        "y": 78,
        "z": 0
      }
    },
    "texture": "8781730a-e773-4651-b1a1-f4a130826faf@6c48a",
    "packable": true,
    "pixelsToUnit": 100,
    "pivot": {
      "x": 0.5,
      "y": 0.5
    },
    "meshType": 0
  }
}