{
  "__type__": "cc.SpriteFrame",
  "content": {
    "name": "TX_Axuanfeng1004",
    "atlas": "",
    "rect": {
      "x": 76,
      "y": 94,
      "width": 101,
      "height": 106
    },
    "offset": {
      "x": -1.5,
      "y": -19
    },
    "originalSize": {
      "width": 256,
      "height": 256
    },
    "rotated": false,
    "capInsets": [
      0,
      0,
      0,
      0
    ],
    "vertices": {
      "rawPosition": [
        -50.5,
        -53,
        0,
        50.5,
        -53,
        0,
        -50.5,
        53,
        0,
        50.5,
        53,
        0
      ],
      "indexes": [
        0,
        1,
        2,
        2,
        1,
        3
      ],
      "uv": [
        76,
        162,
        177,
        162,
        76,
        56,
        177,
        56
      ],
      "nuv": [
        0.296875,
        0.21875,
        0.69140625,
        0.21875,
        0.296875,
        0.6328125,
        0.69140625,
        0.6328125
      ],
      "minPos": {
        "x": -50.5,
        "y": -53,
        "z": 0
      },
      "maxPos": {
        "x": 50.5,
        "y": 53,
        "z": 0
      }
    },
    "texture": "878f0b63-b5d1-442f-9850-f1a2a46c565a@6c48a",
    "packable": true,
    "pixelsToUnit": 100,
    "pivot": {
      "x": 0.5,
      "y": 0.5
    },
    "meshType": 0
  }
}