{
  "__type__": "cc.Skeleton",
  "_name": "Skin-0",
  "_objFlags": 0,
  "__editorExtras__": {},
  "_native": "",
  "_joints": [
    "Bone001/Bone003",
    "Bone001"
  ],
  "_bindposes": [
    {
      "__type__": "cc.Mat4",
      "m00": -1.8442538163299105e-8,
      "m01": -2.162562111607258e-7,
      "m02": -1,
      "m03": 0,
      "m04": 0.7743075489997864,
      "m05": -0.6328095197677612,
      "m06": 1.2256879244887386e-7,
      "m07": 0,
      "m08": -0.6328095197677612,
      "m09": -0.7743075489997864,
      "m10": 1.7911942506998457e-7,
      "m11": 0,
      "m12": 4.343784332275391,
      "m13": 12.60945987701416,
      "m14": 8.265494346618652,
      "m15": 1
    },
    {
      "__type__": "cc.Mat4",
      "m00": -4.371129946889596e-8,
      "m01": -1.2012130845562297e-8,
      "m02": -1,
      "m03": 0,
      "m04": 0.0019959951750934124,
      "m05": -0.9999979734420776,
      "m06": 1.1924859322220982e-8,
      "m07": 0,
      "m08": -0.9999979734420776,
      "m09": -0.0019959951750934124,
      "m10": 4.373519146838589e-8,
      "m11": 0,
      "m12": 12.290769577026367,
      "m13": 1.9337875843048096,
      "m14": 8.265495300292969,
      "m15": 1
    }
  ],
  "_hash": 1439845617
}