{
  "__type__": "cc.SpriteFrame",
  "content": {
    "name": "TX_skillD02",
    "atlas": "",
    "rect": {
      "x": 19,
      "y": 37,
      "width": 91,
      "height": 104
    },
    "offset": {
      "x": 0.5,
      "y": -17.5
    },
    "originalSize": {
      "width": 128,
      "height": 143
    },
    "rotated": false,
    "capInsets": [
      0,
      0,
      0,
      0
    ],
    "vertices": {
      "rawPosition": [
        -45.5,
        -52,
        0,
        45.5,
        -52,
        0,
        -45.5,
        52,
        0,
        45.5,
        52,
        0
      ],
      "indexes": [
        0,
        1,
        2,
        2,
        1,
        3
      ],
      "uv": [
        19,
        106,
        110,
        106,
        19,
        2,
        110,
        2
      ],
      "nuv": [
        0.1484375,
        0.013986013986013986,
        0.859375,
        0.013986013986013986,
        0.1484375,
        0.7412587412587412,
        0.859375,
        0.7412587412587412
      ],
      "minPos": {
        "x": -45.5,
        "y": -52,
        "z": 0
      },
      "maxPos": {
        "x": 45.5,
        "y": 52,
        "z": 0
      }
    },
    "texture": "5cb1245d-0f00-4df1-80a3-771d873a978d@6c48a",
    "packable": true,
    "pixelsToUnit": 100,
    "pivot": {
      "x": 0.5,
      "y": 0.5
    },
    "meshType": 0
  }
}