{
  "__type__": "cc.SpriteFrame",
  "content": {
    "name": "TX_Dbingjian1016",
    "atlas": "",
    "rect": {
      "x": 84,
      "y": 90,
      "width": 112,
      "height": 149
    },
    "offset": {
      "x": 12,
      "y": -36.5
    },
    "originalSize": {
      "width": 256,
      "height": 256
    },
    "rotated": false,
    "capInsets": [
      0,
      0,
      0,
      0
    ],
    "vertices": {
      "rawPosition": [
        -56,
        -74.5,
        0,
        56,
        -74.5,
        0,
        -56,
        74.5,
        0,
        56,
        74.5,
        0
      ],
      "indexes": [
        0,
        1,
        2,
        2,
        1,
        3
      ],
      "uv": [
        84,
        166,
        196,
        166,
        84,
        17,
        196,
        17
      ],
      "nuv": [
        0.328125,
        0.06640625,
        0.765625,
        0.06640625,
        0.328125,
        0.6484375,
        0.765625,
        0.6484375
      ],
      "minPos": {
        "x": -56,
        "y": -74.5,
        "z": 0
      },
      "maxPos": {
        "x": 56,
        "y": 74.5,
        "z": 0
      }
    },
    "texture": "9c085e3c-cd56-4c38-8d5c-d76bf715e438@6c48a",
    "packable": true,
    "pixelsToUnit": 100,
    "pivot": {
      "x": 0.5,
      "y": 0.5
    },
    "meshType": 0
  }
}