{
  "__type__": "cc.SpriteFrame",
  "content": {
    "name": "TX_shengji1005",
    "atlas": "",
    "rect": {
      "x": 8,
      "y": 13,
      "width": 113,
      "height": 103
    },
    "offset": {
      "x": 0.5,
      "y": -0.5
    },
    "originalSize": {
      "width": 128,
      "height": 128
    },
    "rotated": false,
    "capInsets": [
      0,
      0,
      0,
      0
    ],
    "vertices": {
      "rawPosition": [
        -56.5,
        -51.5,
        0,
        56.5,
        -51.5,
        0,
        -56.5,
        51.5,
        0,
        56.5,
        51.5,
        0
      ],
      "indexes": [
        0,
        1,
        2,
        2,
        1,
        3
      ],
      "uv": [
        8,
        115,
        121,
        115,
        8,
        12,
        121,
        12
      ],
      "nuv": [
        0.0625,
        0.09375,
        0.9453125,
        0.09375,
        0.0625,
        0.8984375,
        0.9453125,
        0.8984375
      ],
      "minPos": {
        "x": -56.5,
        "y": -51.5,
        "z": 0
      },
      "maxPos": {
        "x": 56.5,
        "y": 51.5,
        "z": 0
      }
    },
    "texture": "274bdcb9-ad33-4d80-830b-66718447f607@6c48a",
    "packable": true,
    "pixelsToUnit": 100,
    "pivot": {
      "x": 0.5,
      "y": 0.5
    },
    "meshType": 0
  }
}