{
  "__type__": "cc.SpriteFrame",
  "content": {
    "name": "TX_skillD08",
    "atlas": "",
    "rect": {
      "x": 13,
      "y": 13,
      "width": 106,
      "height": 106
    },
    "offset": {
      "x": 2,
      "y": 5.5
    },
    "originalSize": {
      "width": 128,
      "height": 143
    },
    "rotated": false,
    "capInsets": [
      0,
      0,
      0,
      0
    ],
    "vertices": {
      "rawPosition": [
        -53,
        -53,
        0,
        53,
        -53,
        0,
        -53,
        53,
        0,
        53,
        53,
        0
      ],
      "indexes": [
        0,
        1,
        2,
        2,
        1,
        3
      ],
      "uv": [
        13,
        130,
        119,
        130,
        13,
        24,
        119,
        24
      ],
      "nuv": [
        0.1015625,
        0.16783216783216784,
        0.9296875,
        0.16783216783216784,
        0.1015625,
        0.9090909090909091,
        0.9296875,
        0.9090909090909091
      ],
      "minPos": {
        "x": -53,
        "y": -53,
        "z": 0
      },
      "maxPos": {
        "x": 53,
        "y": 53,
        "z": 0
      }
    },
    "texture": "bf54e5ad-5255-4cbe-a389-65cb4454cfd6@6c48a",
    "packable": true,
    "pixelsToUnit": 100,
    "pivot": {
      "x": 0.5,
      "y": 0.5
    },
    "meshType": 0
  }
}