{
  "__type__": "cc.SpriteFrame",
  "content": {
    "name": "TX_huoyan1005",
    "atlas": "",
    "rect": {
      "x": 18,
      "y": 4,
      "width": 85,
      "height": 198
    },
    "offset": {
      "x": 0.5,
      "y": 2.5
    },
    "originalSize": {
      "width": 120,
      "height": 211
    },
    "rotated": false,
    "capInsets": [
      0,
      0,
      0,
      0
    ],
    "vertices": {
      "rawPosition": [
        -42.5,
        -99,
        0,
        42.5,
        -99,
        0,
        -42.5,
        99,
        0,
        42.5,
        99,
        0
      ],
      "indexes": [
        0,
        1,
        2,
        2,
        1,
        3
      ],
      "uv": [
        18,
        207,
        103,
        207,
        18,
        9,
        103,
        9
      ],
      "nuv": [
        0.15,
        0.04265402843601896,
        0.8583333333333333,
        0.04265402843601896,
        0.15,
        0.981042654028436,
        0.8583333333333333,
        0.981042654028436
      ],
      "minPos": {
        "x": -42.5,
        "y": -99,
        "z": 0
      },
      "maxPos": {
        "x": 42.5,
        "y": 99,
        "z": 0
      }
    },
    "texture": "33f5f0c7-f512-4e19-9aae-66e4aa536777@6c48a",
    "packable": true,
    "pixelsToUnit": 100,
    "pivot": {
      "x": 0.5,
      "y": 0.5
    },
    "meshType": 0
  }
}