{
  "__type__": "cc.SpriteFrame",
  "content": {
    "name": "TX_Bhuoyan1001",
    "atlas": "",
    "rect": {
      "x": 36,
      "y": 40,
      "width": 91,
      "height": 46
    },
    "offset": {
      "x": 5.5,
      "y": -11.5
    },
    "originalSize": {
      "width": 152,
      "height": 103
    },
    "rotated": false,
    "capInsets": [
      0,
      0,
      0,
      0
    ],
    "vertices": {
      "rawPosition": [
        -45.5,
        -23,
        0,
        45.5,
        -23,
        0,
        -45.5,
        23,
        0,
        45.5,
        23,
        0
      ],
      "indexes": [
        0,
        1,
        2,
        2,
        1,
        3
      ],
      "uv": [
        36,
        63,
        127,
        63,
        36,
        17,
        127,
        17
      ],
      "nuv": [
        0.23684210526315788,
        0.1650485436893204,
        0.8355263157894737,
        0.1650485436893204,
        0.23684210526315788,
        0.6116504854368932,
        0.8355263157894737,
        0.6116504854368932
      ],
      "minPos": {
        "x": -45.5,
        "y": -23,
        "z": 0
      },
      "maxPos": {
        "x": 45.5,
        "y": 23,
        "z": 0
      }
    },
    "texture": "51f2891f-1fac-4d68-baa1-0585692fdaed@6c48a",
    "packable": true,
    "pixelsToUnit": 100,
    "pivot": {
      "x": 0.5,
      "y": 0.5
    },
    "meshType": 0
  }
}