{
  "__type__": "cc.SpriteFrame",
  "content": {
    "name": "UI_muban",
    "atlas": "",
    "rect": {
      "x": 3,
      "y": 3,
      "width": 121,
      "height": 120
    },
    "offset": {
      "x": -0.5,
      "y": 1
    },
    "originalSize": {
      "width": 128,
      "height": 128
    },
    "rotated": false,
    "capInsets": [
      0,
      0,
      0,
      0
    ],
    "vertices": {
      "rawPosition": [
        -60.5,
        -60,
        0,
        60.5,
        -60,
        0,
        -60.5,
        60,
        0,
        60.5,
        60,
        0
      ],
      "indexes": [
        0,
        1,
        2,
        2,
        1,
        3
      ],
      "uv": [
        3,
        125,
        124,
        125,
        3,
        5,
        124,
        5
      ],
      "nuv": [
        0.0234375,
        0.0390625,
        0.96875,
        0.0390625,
        0.0234375,
        0.9765625,
        0.96875,
        0.9765625
      ],
      "minPos": {
        "x": -60.5,
        "y": -60,
        "z": 0
      },
      "maxPos": {
        "x": 60.5,
        "y": 60,
        "z": 0
      }
    },
    "texture": "784be414-92b5-4882-8379-7e72103027e5@6c48a",
    "packable": true,
    "pixelsToUnit": 100,
    "pivot": {
      "x": 0.5,
      "y": 0.5
    },
    "meshType": 0
  }
}