{
  "__type__": "cc.SpriteFrame",
  "content": {
    "name": "TX_skillD07",
    "atlas": "",
    "rect": {
      "x": 10,
      "y": 11,
      "width": 110,
      "height": 111
    },
    "offset": {
      "x": 1,
      "y": 5
    },
    "originalSize": {
      "width": 128,
      "height": 143
    },
    "rotated": false,
    "capInsets": [
      0,
      0,
      0,
      0
    ],
    "vertices": {
      "rawPosition": [
        -55,
        -55.5,
        0,
        55,
        -55.5,
        0,
        -55,
        55.5,
        0,
        55,
        55.5,
        0
      ],
      "indexes": [
        0,
        1,
        2,
        2,
        1,
        3
      ],
      "uv": [
        10,
        132,
        120,
        132,
        10,
        21,
        120,
        21
      ],
      "nuv": [
        0.078125,
        0.14685314685314685,
        0.9375,
        0.14685314685314685,
        0.078125,
        0.9230769230769231,
        0.9375,
        0.9230769230769231
      ],
      "minPos": {
        "x": -55,
        "y": -55.5,
        "z": 0
      },
      "maxPos": {
        "x": 55,
        "y": 55.5,
        "z": 0
      }
    },
    "texture": "117d501c-00d4-4871-af63-b6d4817d7dd4@6c48a",
    "packable": true,
    "pixelsToUnit": 100,
    "pivot": {
      "x": 0.5,
      "y": 0.5
    },
    "meshType": 0
  }
}