{
  "__type__": "cc.SpriteFrame",
  "content": {
    "name": "UI_jinbi",
    "atlas": "",
    "rect": {
      "x": 8,
      "y": 7,
      "width": 45,
      "height": 47
    },
    "offset": {
      "x": -1.5,
      "y": 1.5
    },
    "originalSize": {
      "width": 64,
      "height": 64
    },
    "rotated": false,
    "capInsets": [
      0,
      0,
      0,
      0
    ],
    "vertices": {
      "rawPosition": [
        -22.5,
        -23.5,
        0,
        22.5,
        -23.5,
        0,
        -22.5,
        23.5,
        0,
        22.5,
        23.5,
        0
      ],
      "indexes": [
        0,
        1,
        2,
        2,
        1,
        3
      ],
      "uv": [
        8,
        57,
        53,
        57,
        8,
        10,
        53,
        10
      ],
      "nuv": [
        0.125,
        0.15625,
        0.828125,
        0.15625,
        0.125,
        0.890625,
        0.828125,
        0.890625
      ],
      "minPos": {
        "x": -22.5,
        "y": -23.5,
        "z": 0
      },
      "maxPos": {
        "x": 22.5,
        "y": 23.5,
        "z": 0
      }
    },
    "texture": "ad08286a-347c-4064-b1fe-ec5f7c43e5ba@6c48a",
    "packable": true,
    "pixelsToUnit": 100,
    "pivot": {
      "x": 0.5,
      "y": 0.5
    },
    "meshType": 0
  }
}