{
  "__type__": "cc.SpriteFrame",
  "content": {
    "name": "TX_Dbingjian1001",
    "atlas": "",
    "rect": {
      "x": 62,
      "y": 0,
      "width": 35,
      "height": 68
    },
    "offset": {
      "x": -48.5,
      "y": 94
    },
    "originalSize": {
      "width": 256,
      "height": 256
    },
    "rotated": false,
    "capInsets": [
      0,
      0,
      0,
      0
    ],
    "vertices": {
      "rawPosition": [
        -17.5,
        -34,
        0,
        17.5,
        -34,
        0,
        -17.5,
        34,
        0,
        17.5,
        34,
        0
      ],
      "indexes": [
        0,
        1,
        2,
        2,
        1,
        3
      ],
      "uv": [
        62,
        256,
        97,
        256,
        62,
        188,
        97,
        188
      ],
      "nuv": [
        0.2421875,
        0.734375,
        0.37890625,
        0.734375,
        0.2421875,
        1,
        0.37890625,
        1
      ],
      "minPos": {
        "x": -17.5,
        "y": -34,
        "z": 0
      },
      "maxPos": {
        "x": 17.5,
        "y": 34,
        "z": 0
      }
    },
    "texture": "fce717b8-43cc-442c-be09-dc72182412f9@6c48a",
    "packable": true,
    "pixelsToUnit": 100,
    "pivot": {
      "x": 0.5,
      "y": 0.5
    },
    "meshType": 0
  }
}