{
  "__type__": "cc.SpriteFrame",
  "content": {
    "name": "TX_Attack_hit1005",
    "atlas": "",
    "rect": {
      "x": 808,
      "y": 477,
      "width": 233,
      "height": 233
    },
    "offset": {
      "x": -35.5,
      "y": -53.5
    },
    "originalSize": {
      "width": 1920,
      "height": 1080
    },
    "rotated": false,
    "capInsets": [
      0,
      0,
      0,
      0
    ],
    "vertices": {
      "rawPosition": [
        -116.5,
        -116.5,
        0,
        116.5,
        -116.5,
        0,
        -116.5,
        116.5,
        0,
        116.5,
        116.5,
        0
      ],
      "indexes": [
        0,
        1,
        2,
        2,
        1,
        3
      ],
      "uv": [
        808,
        603,
        1041,
        603,
        808,
        370,
        1041,
        370
      ],
      "nuv": [
        0.42083333333333334,
        0.3425925925925926,
        0.5421875,
        0.3425925925925926,
        0.42083333333333334,
        0.5583333333333333,
        0.5421875,
        0.5583333333333333
      ],
      "minPos": {
        "x": -116.5,
        "y": -116.5,
        "z": 0
      },
      "maxPos": {
        "x": 116.5,
        "y": 116.5,
        "z": 0
      }
    },
    "texture": "67a9ccdd-48fb-48dc-8d33-180232ee5dfa@6c48a",
    "packable": true,
    "pixelsToUnit": 100,
    "pivot": {
      "x": 0.5,
      "y": 0.5
    },
    "meshType": 0
  }
}