{
  "__type__": "cc.SpriteFrame",
  "content": {
    "name": "TX_Bhuoyan1010",
    "atlas": "",
    "rect": {
      "x": 32,
      "y": 75,
      "width": 203,
      "height": 117
    },
    "offset": {
      "x": 5.5,
      "y": -5.5
    },
    "originalSize": {
      "width": 256,
      "height": 256
    },
    "rotated": false,
    "capInsets": [
      0,
      0,
      0,
      0
    ],
    "vertices": {
      "rawPosition": [
        -101.5,
        -58.5,
        0,
        101.5,
        -58.5,
        0,
        -101.5,
        58.5,
        0,
        101.5,
        58.5,
        0
      ],
      "indexes": [
        0,
        1,
        2,
        2,
        1,
        3
      ],
      "uv": [
        32,
        181,
        235,
        181,
        32,
        64,
        235,
        64
      ],
      "nuv": [
        0.125,
        0.25,
        0.91796875,
        0.25,
        0.125,
        0.70703125,
        0.91796875,
        0.70703125
      ],
      "minPos": {
        "x": -101.5,
        "y": -58.5,
        "z": 0
      },
      "maxPos": {
        "x": 101.5,
        "y": 58.5,
        "z": 0
      }
    },
    "texture": "e308dbb7-72ff-4816-9e1d-84ffd9e58611@6c48a",
    "packable": true,
    "pixelsToUnit": 100,
    "pivot": {
      "x": 0.5,
      "y": 0.5
    },
    "meshType": 0
  }
}