{
  "__type__": "cc.SpriteFrame",
  "content": {
    "name": "JCZSbeetlewarrior_L_1073",
    "atlas": "",
    "rect": {
      "x": 24,
      "y": 28,
      "width": 79,
      "height": 76
    },
    "offset": {
      "x": -0.5,
      "y": -2
    },
    "originalSize": {
      "width": 128,
      "height": 128
    },
    "rotated": false,
    "capInsets": [
      0,
      0,
      0,
      0
    ],
    "vertices": {
      "rawPosition": [
        -39.5,
        -38,
        0,
        39.5,
        -38,
        0,
        -39.5,
        38,
        0,
        39.5,
        38,
        0
      ],
      "indexes": [
        0,
        1,
        2,
        2,
        1,
        3
      ],
      "uv": [
        24,
        100,
        103,
        100,
        24,
        24,
        103,
        24
      ],
      "nuv": [
        0.1875,
        0.1875,
        0.8046875,
        0.1875,
        0.1875,
        0.78125,
        0.8046875,
        0.78125
      ],
      "minPos": {
        "x": -39.5,
        "y": -38,
        "z": 0
      },
      "maxPos": {
        "x": 39.5,
        "y": 38,
        "z": 0
      }
    },
    "texture": "e38f2fa2-dec9-435a-b8ef-2b930118958a@6c48a",
    "packable": true,
    "pixelsToUnit": 100,
    "pivot": {
      "x": 0.5,
      "y": 0.5
    },
    "meshType": 0
  }
}