{
  "__type__": "cc.Skeleton",
  "_name": "Skin-0",
  "_objFlags": 0,
  "__editorExtras__": {},
  "_native": "",
  "_joints": [
    "spider_1/jnts/bindJnts/spider/b_spider1/Bip00113/Bip001 Pelvis14/Bip001 Spine15/Bip001 Tail16/Bip001 Tail117",
    "spider_1/jnts/bindJnts/spider/b_spider1/Bip00113/Bip001 Pelvis14/Bip001 Spine15/Bip001 Tail16/Bip001 Tail117/Bip001 Tail218",
    "spider_1/jnts/bindJnts/spider/b_spider1/Bip00113/Bip001 Pelvis14/Bip001 Spine15/Bip001 Tail16",
    "spider_1/jnts/bindJnts/spider/b_spider1/Bip00113/Bip001 Pelvis14/Bip001 Spine15",
    "spider_1/jnts/bindJnts/spider/b_spider1/Bip00113/Bip001 Pelvis14/Bip001 Spine15/Bip001 Neck20/Bip001 Head21",
    "spider_1/jnts/bindJnts/spider/b_spider1/Bip00113/Bip001 Pelvis14/Bip001 Spine15/Bip001 Neck20/Bip001 Head21/feeler_0527",
    "spider_1/jnts/bindJnts/spider/b_spider1/Bip00113/Bip001 Pelvis14/Bip001 Spine15/Bip001 Neck20/Bip001 Head21/feeler_0123",
    "spider_1/jnts/bindJnts/spider/b_spider1/Bip00113/Bip001 Pelvis14/Bip001 Spine15/Bip001 Neck20/Bip001 Head21/feeler_0224",
    "spider_1/jnts/bindJnts/spider/b_spider1/Bip00113/Bip001 Pelvis14/Bip001 Spine15/Bip001 Neck20/Bip001 Head21/feeler_0628",
    "spider_1/jnts/bindJnts/spider/b_spider1/Bip00113/Bip001 Pelvis14/Bip001 Spine15/Bip001 Neck20/Bip001 Head21/feeler_0426",
    "spider_1/jnts/bindJnts/spider/b_spider1/Bip00113/Bip001 Pelvis14/Bip001 Spine15/Bip001 Neck20/Bip001 Head21/feeler_0325"
  ],
  "_bindposes": [
    {
      "__type__": "cc.Mat4",
      "m00": -6.691352609777823e-7,
      "m01": -0.000001216619239130523,
      "m02": 0.4765043258666992,
      "m03": 0,
      "m04": -0.05580180883407593,
      "m05": 0.4732256531715393,
      "m06": 0.0000011298878916932154,
      "m07": 0,
      "m08": -0.4732256531715393,
      "m09": -0.05580180883407593,
      "m10": -8.070053354458651e-7,
      "m11": 0,
      "m12": -0.3399881422519684,
      "m13": -0.5674715042114258,
      "m14": -0.0062842294573783875,
      "m15": 1
    },
    {
      "__type__": "cc.Mat4",
      "m00": -5.783710435025569e-7,
      "m01": -0.0000014653252264906769,
      "m02": 0.4765043258666992,
      "m03": 0,
      "m04": -0.11482623964548111,
      "m05": 0.4624622166156769,
      "m06": 0.0000012827698583350866,
      "m07": 0,
      "m08": -0.4624622166156769,
      "m09": -0.11482623964548111,
      "m10": -9.144356454271474e-7,
      "m11": 0,
      "m12": -0.4818572700023651,
      "m13": -0.6329187154769897,
      "m14": -0.006284527480602264,
      "m15": 1
    },
    {
      "__type__": "cc.Mat4",
      "m00": -4.2209973116769106e-7,
      "m01": -0.0000012117651522203232,
      "m02": 0.4765043258666992,
      "m03": 0,
      "m04": 0.08236405998468399,
      "m05": 0.4693320095539093,
      "m06": 0.000001266485924134031,
      "m07": 0,
      "m08": -0.4693320095539093,
      "m09": 0.08236405998468399,
      "m10": -2.0629195773835818e-7,
      "m11": 0,
      "m12": -0.19518089294433594,
      "m13": -0.44618502259254456,
      "m14": -0.006283869501203299,
      "m15": 1
    },
    {
      "__type__": "cc.Mat4",
      "m00": 2.677948316431866e-7,
      "m01": -0.0000014223852531358716,
      "m02": 0.4765043258666992,
      "m03": 0,
      "m04": -0.011349980719387531,
      "m05": -0.47636911273002625,
      "m06": -0.0000014156030374579132,
      "m07": 0,
      "m08": 0.47636911273002625,
      "m09": -0.011349980719387531,
      "m10": -3.015990159838111e-7,
      "m11": 0,
      "m12": 0.1237671971321106,
      "m13": 0.44776082038879395,
      "m14": -0.006281786132603884,
      "m15": 1
    },
    {
      "__type__": "cc.Mat4",
      "m00": -2.895106945288717e-7,
      "m01": -0.001612519146874547,
      "m02": 0.47650158405303955,
      "m03": 0,
      "m04": 0.15592871606349945,
      "m05": -0.45026686787605286,
      "m06": -0.0015236441977322102,
      "m07": 0,
      "m08": 0.4502694606781006,
      "m09": 0.15592780709266663,
      "m10": 0.0005279456963762641,
      "m11": 0,
      "m12": -0.293714314699173,
      "m13": 0.39792901277542114,
      "m14": -0.004936852026730776,
      "m15": 1
    },
    {
      "__type__": "cc.Mat4",
      "m00": 0.2814064621925354,
      "m01": -0.3762883245944977,
      "m02": 0.07920756936073303,
      "m03": 0,
      "m04": 0.37222787737846375,
      "m05": 0.29119160771369934,
      "m06": 0.06091119349002838,
      "m07": 0,
      "m08": 0.09650437533855438,
      "m09": -0.02590210549533367,
      "m10": -0.4659101068973541,
      "m11": 0,
      "m12": -0.5339691638946533,
      "m13": -0.2614051103591919,
      "m14": 0.14959944784641266,
      "m15": 1
    },
    {
      "__type__": "cc.Mat4",
      "m00": -0.08308971673250198,
      "m01": -0.46907877922058105,
      "m02": -0.010838010348379612,
      "m03": 0,
      "m04": -0.465992271900177,
      "m05": 0.08378461748361588,
      "m06": -0.05373375490307808,
      "m07": 0,
      "m08": -0.0548020638525486,
      "m09": -0.0012291754828765988,
      "m10": 0.47334063053131104,
      "m11": 0,
      "m12": 0.46361637115478516,
      "m13": -0.024703770875930786,
      "m14": -0.21832717955112457,
      "m15": 1
    },
    {
      "__type__": "cc.Mat4",
      "m00": 0.09129084646701813,
      "m01": 0.4663056433200836,
      "m02": 0.035796988755464554,
      "m03": 0,
      "m04": -0.4650879502296448,
      "m05": 0.09435183554887772,
      "m06": -0.042977459728717804,
      "m07": 0,
      "m08": -0.04914572089910507,
      "m09": -0.02670556679368019,
      "m10": 0.47320979833602905,
      "m11": 0,
      "m12": 0.46087491512298584,
      "m13": -0.019869988784193993,
      "m14": -0.22520191967487335,
      "m15": 1
    },
    {
      "__type__": "cc.Mat4",
      "m00": 0.2238321602344513,
      "m01": 0.1562076210975647,
      "m02": -0.3905823230743408,
      "m03": 0,
      "m04": 0.32242679595947266,
      "m05": -0.3478696942329407,
      "m06": 0.045648809522390366,
      "m07": 0,
      "m08": 0.2701781988143921,
      "m09": 0.2857307493686676,
      "m10": 0.2691057026386261,
      "m11": 0,
      "m12": -0.5342898368835449,
      "m13": 0.19108574092388153,
      "m14": -0.17354647815227509,
      "m15": 1
    },
    {
      "__type__": "cc.Mat4",
      "m00": -0.29583829641342163,
      "m01": 0.3635226786136627,
      "m02": -0.08594951033592224,
      "m03": 0,
      "m04": 0.35692402720451355,
      "m05": 0.30743154883384705,
      "m06": 0.07174551486968994,
      "m07": 0,
      "m08": 0.11018728464841843,
      "m09": -0.019836926832795143,
      "m10": -0.46316462755203247,
      "m11": 0,
      "m12": -0.5264984965324402,
      "m13": -0.2853458821773529,
      "m14": 0.1339758336544037,
      "m15": 1
    },
    {
      "__type__": "cc.Mat4",
      "m00": -0.19567251205444336,
      "m01": 0.1611991673707962,
      "m02": -0.40346410870552063,
      "m03": 0,
      "m04": 0.3049083352088928,
      "m05": 0.36617568135261536,
      "m06": -0.0015736949862912297,
      "m07": 0,
      "m08": 0.3095148801803589,
      "m09": -0.258817195892334,
      "m10": -0.2535161077976227,
      "m11": 0,
      "m12": -0.5360417366027832,
      "m13": -0.22716780006885529,
      "m14": 0.11501892656087875,
      "m15": 1
    }
  ],
  "_hash": 2816179649
}