{
  "__type__": "cc.Skeleton",
  "_name": "Skin-3",
  "_objFlags": 0,
  "__editorExtras__": {},
  "_native": "",
  "_joints": [
    "spider_1/jnts/bindJnts/spider/b_spider1/Bip00113/Bip001 Pelvis14/Bip001 Spine15/r_feeler_0141/r_feeler_0542/r_feeler_0643/r_feeler_0744/r_feeler_0845",
    "spider_1/jnts/bindJnts/spider/b_spider1/Bip00113/Bip001 Pelvis14/Bip001 Spine15/r_feeler_0141",
    "spider_1/jnts/bindJnts/spider/b_spider1/Bip00113/Bip001 Pelvis14/Bip001 Spine15",
    "spider_1/jnts/bindJnts/spider/b_spider1/Bip00113/Bip001 Pelvis14/Bip001 Spine15/Bip001 Neck20/Bip001 Head21",
    "spider_1/jnts/bindJnts/spider/b_spider1/Bip00113/Bip001 Pelvis14/Bip001 Spine15/r_feeler_0141/r_feeler_0542/r_feeler_0643/r_feeler_0744",
    "spider_1/jnts/bindJnts/spider/b_spider1/Bip00113/Bip001 Pelvis14/Bip001 Spine15/r_feeler_0141/r_feeler_0542/r_feeler_0643",
    "spider_1/jnts/bindJnts/spider/b_spider1/Bip00113/Bip001 Pelvis14/Bip001 Spine15/r_feeler_0141/r_feeler_0542",
    "spider_1/jnts/bindJnts/spider/b_spider1/Bip00113/Bip001 Pelvis14/Bip001 Spine15/l_feeler_0235/l_feeler_1036/l_feeler_1137/l_feeler_1238/l_feeler_1339",
    "spider_1/jnts/bindJnts/spider/b_spider1/Bip00113/Bip001 Pelvis14/Bip001 Spine15/l_feeler_0235",
    "spider_1/jnts/bindJnts/spider/b_spider1/Bip00113/Bip001 Pelvis14/Bip001 Spine15/l_feeler_0129",
    "spider_1/jnts/bindJnts/spider/b_spider1/Bip00113/Bip001 Pelvis14/Bip001 Spine15/l_feeler_0235/l_feeler_1036/l_feeler_1137/l_feeler_1238",
    "spider_1/jnts/bindJnts/spider/b_spider1/Bip00113/Bip001 Pelvis14/Bip001 Spine15/l_feeler_0235/l_feeler_1036/l_feeler_1137",
    "spider_1/jnts/bindJnts/spider/b_spider1/Bip00113/Bip001 Pelvis14/Bip001 Spine15/l_feeler_0235/l_feeler_1036"
  ],
  "_bindposes": [
    {
      "__type__": "cc.Mat4",
      "m00": -0.17800335586071014,
      "m01": 0.4144103229045868,
      "m02": 0.15373721718788147,
      "m03": 0,
      "m04": -0.43385082483291626,
      "m05": -0.19550319015979767,
      "m06": 0.024663446471095085,
      "m07": 0,
      "m08": 0.08452579379081726,
      "m09": -0.13076230883598328,
      "m10": 0.4503477215766907,
      "m11": 0,
      "m12": -0.281466007232666,
      "m13": 1.0406848192214966,
      "m14": 0.010418477468192577,
      "m15": 1
    },
    {
      "__type__": "cc.Mat4",
      "m00": -0.4562531113624573,
      "m01": 0.08631916344165802,
      "m02": 0.10695107281208038,
      "m03": 0,
      "m04": -0.07212674617767334,
      "m05": -0.46601730585098267,
      "m06": 0.06842543184757233,
      "m07": 0,
      "m08": 0.11699256300926208,
      "m09": 0.049328576773405075,
      "m10": 0.45927757024765015,
      "m11": 0,
      "m12": 0.014751840382814407,
      "m13": 0.3572850823402405,
      "m14": -0.042131852358579636,
      "m15": 1
    },
    {
      "__type__": "cc.Mat4",
      "m00": 2.677948316431866e-7,
      "m01": -0.0000014223852531358716,
      "m02": 0.4765043258666992,
      "m03": 0,
      "m04": -0.011349980719387531,
      "m05": -0.47636911273002625,
      "m06": -0.0000014156030374579132,
      "m07": 0,
      "m08": 0.47636911273002625,
      "m09": -0.011349980719387531,
      "m10": -3.015990159838111e-7,
      "m11": 0,
      "m12": 0.1237671971321106,
      "m13": 0.44776082038879395,
      "m14": -0.006281786132603884,
      "m15": 1
    },
    {
      "__type__": "cc.Mat4",
      "m00": -2.895106945288717e-7,
      "m01": -0.001612519146874547,
      "m02": 0.47650158405303955,
      "m03": 0,
      "m04": 0.15592871606349945,
      "m05": -0.45026686787605286,
      "m06": -0.0015236441977322102,
      "m07": 0,
      "m08": 0.4502694606781006,
      "m09": 0.15592780709266663,
      "m10": 0.0005279456963762641,
      "m11": 0,
      "m12": -0.293714314699173,
      "m13": 0.39792901277542114,
      "m14": -0.004936852026730776,
      "m15": 1
    },
    {
      "__type__": "cc.Mat4",
      "m00": -0.2728872299194336,
      "m01": 0.35877832770347595,
      "m02": 0.15449003875255585,
      "m03": 0,
      "m04": -0.3656878173351288,
      "m05": -0.30089402198791504,
      "m06": 0.05283655971288681,
      "m07": 0,
      "m08": 0.1373371183872223,
      "m09": -0.0883028581738472,
      "m10": 0.44765788316726685,
      "m11": 0,
      "m12": -0.23161184787750244,
      "m13": 0.9309737086296082,
      "m14": 0.0037970684934407473,
      "m15": 1
    },
    {
      "__type__": "cc.Mat4",
      "m00": -0.43060803413391113,
      "m01": 0.14626730978488922,
      "m02": 0.14226336777210236,
      "m03": 0,
      "m04": -0.14438562095165253,
      "m05": -0.4531817138195038,
      "m06": 0.028904378414154053,
      "m07": 0,
      "m08": 0.14417266845703125,
      "m09": -0.016986891627311707,
      "m10": 0.4538525342941284,
      "m11": 0,
      "m12": -0.38825076818466187,
      "m13": 0.6543147563934326,
      "m14": -0.00011115655797766522,
      "m15": 1
    },
    {
      "__type__": "cc.Mat4",
      "m00": -0.40861549973487854,
      "m01": -0.19224345684051514,
      "m02": 0.1520930975675583,
      "m03": 0,
      "m04": 0.21537308394908905,
      "m05": -0.4227406084537506,
      "m06": 0.044286441057920456,
      "m07": 0,
      "m08": 0.11706533282995224,
      "m09": 0.1067207008600235,
      "m10": 0.449402779340744,
      "m11": 0,
      "m12": -0.34831690788269043,
      "m13": 0.19358833134174347,
      "m14": -0.003705790964886546,
      "m15": 1
    },
    {
      "__type__": "cc.Mat4",
      "m00": 0.18078675866127014,
      "m01": -0.40935686230659485,
      "m02": -0.1637045294046402,
      "m03": 0,
      "m04": -0.43409445881843567,
      "m05": -0.19619520008563995,
      "m06": 0.011211896315217018,
      "m07": 0,
      "m08": 0.07703551650047302,
      "m09": -0.14488065242767334,
      "m10": 0.4473603069782257,
      "m11": 0,
      "m12": -0.2821628153324127,
      "m13": 1.0398277044296265,
      "m14": 0.03496161475777626,
      "m15": 1
    },
    {
      "__type__": "cc.Mat4",
      "m00": 0.45651066303253174,
      "m01": -0.08596876263618469,
      "m02": -0.10613004863262177,
      "m03": 0,
      "m04": -0.07216288149356842,
      "m05": -0.4661867320537567,
      "m06": 0.06722252070903778,
      "m07": 0,
      "m08": 0.11596003919839859,
      "m09": 0.04832940548658371,
      "m10": 0.45964515209198,
      "m11": 0,
      "m12": 0.014756817370653152,
      "m13": 0.35738199949264526,
      "m14": -0.041299719363451004,
      "m15": 1
    },
    {
      "__type__": "cc.Mat4",
      "m00": 0.4506261348724365,
      "m01": 0.03221955522894859,
      "m02": 0.1515076607465744,
      "m03": 0,
      "m04": 0.027057109400629997,
      "m05": -0.47528937458992004,
      "m06": 0.020599493756890297,
      "m07": 0,
      "m08": -0.15251424908638,
      "m09": 0.010877776890993118,
      "m10": 0.4513064920902252,
      "m11": 0,
      "m12": -0.09971795231103897,
      "m13": 0.3413029611110687,
      "m14": 0.015445826575160027,
      "m15": 1
    },
    {
      "__type__": "cc.Mat4",
      "m00": 0.27376696467399597,
      "m01": -0.35352689027786255,
      "m02": -0.16470198333263397,
      "m03": 0,
      "m04": -0.36638548970222473,
      "m05": -0.302097350358963,
      "m06": 0.03943697735667229,
      "m07": 0,
      "m08": 0.13367794454097748,
      "m09": -0.10398202389478683,
      "m10": 0.44539210200309753,
      "m11": 0,
      "m12": -0.23088288307189941,
      "m13": 0.9308270215988159,
      "m14": 0.02835419587790966,
      "m15": 1
    },
    {
      "__type__": "cc.Mat4",
      "m00": 0.42891207337379456,
      "m01": -0.14097903668880463,
      "m02": -0.15236595273017883,
      "m03": 0,
      "m04": -0.14374105632305145,
      "m05": -0.4540432393550873,
      "m06": 0.015477304346859455,
      "m07": 0,
      "m08": 0.14976294338703156,
      "m09": -0.03203089162707329,
      "m10": 0.45122191309928894,
      "m11": 0,
      "m12": -0.38860568404197693,
      "m13": 0.6536125540733337,
      "m14": 0.024462999776005745,
      "m15": 1
    },
    {
      "__type__": "cc.Mat4",