{
  "__type__": "cc.Skeleton",
  "_name": "Skin-2",
  "_objFlags": 0,
  "__editorExtras__": {},
  "_native": "",
  "_joints": [
    "spider_1/jnts/bindJnts/spider/b_spider1/Bip00113/Bip001 Pelvis14/Bip001 Spine15/l_feeler_0129/l_feeler_0530/l_feeler_0631/l_feeler_0732/l_feeler_0833",
    "spider_1/jnts/bindJnts/spider/b_spider1/Bip00113/Bip001 Pelvis14/Bip001 Spine15/l_feeler_0129",
    "spider_1/jnts/bindJnts/spider/b_spider1/Bip00113/Bip001 Pelvis14/Bip001 Spine15/l_feeler_0235",
    "spider_1/jnts/bindJnts/spider/b_spider1/Bip00113/Bip001 Pelvis14/Bip001 Spine15/l_feeler_0353",
    "spider_1/jnts/bindJnts/spider/b_spider1/Bip00113/Bip001 Pelvis14/Bip001 Spine15",
    "spider_1/jnts/bindJnts/spider/b_spider1/Bip00113/Bip001 Pelvis14/Bip001 Spine15/l_feeler_0129/l_feeler_0530/l_feeler_0631/l_feeler_0732",
    "spider_1/jnts/bindJnts/spider/b_spider1/Bip00113/Bip001 Pelvis14/Bip001 Spine15/l_feeler_0129/l_feeler_0530/l_feeler_0631",
    "spider_1/jnts/bindJnts/spider/b_spider1/Bip00113/Bip001 Pelvis14/Bip001 Spine15/l_feeler_0129/l_feeler_0530",
    "spider_1/jnts/bindJnts/spider/b_spider1/Bip00113/Bip001 Pelvis14/Bip001 Spine15/r_feeler_0471/r_feeler_2072/r_feeler_2173/r_feeler_2274/r_feeler_2375",
    "spider_1/jnts/bindJnts/spider/b_spider1/Bip00113/Bip001 Pelvis14/Bip001 Spine15/r_feeler_0471",
    "spider_1/jnts/bindJnts/spider/b_spider1/Bip00113/Bip001 Pelvis14/Bip001 Spine15/r_feeler_0141",
    "spider_1/jnts/bindJnts/spider/b_spider1/Bip00113/Bip001 Pelvis14/Bip001 Spine15/r_feeler_0247",
    "spider_1/jnts/bindJnts/spider/b_spider1/Bip00113/Bip001 Pelvis14/Bip001 Spine15/r_feeler_0471/r_feeler_2072/r_feeler_2173/r_feeler_2274",
    "spider_1/jnts/bindJnts/spider/b_spider1/Bip00113/Bip001 Pelvis14/Bip001 Spine15/r_feeler_0471/r_feeler_2072/r_feeler_2173",
    "spider_1/jnts/bindJnts/spider/b_spider1/Bip00113/Bip001 Pelvis14/Bip001 Spine15/r_feeler_0471/r_feeler_2072"
  ],
  "_bindposes": [
    {
      "__type__": "cc.Mat4",
      "m00": 0.08344228565692902,
      "m01": -0.42589709162712097,
      "m02": 0.1967378854751587,
      "m03": 0,
      "m04": -0.4691017270088196,
      "m05": -0.0783485695719719,
      "m06": 0.029351478442549706,
      "m07": 0,
      "m08": -0.0061141508631408215,
      "m09": 0.19882148504257202,
      "m10": 0.4330001771450043,
      "m11": 0,
      "m12": -0.008424588479101658,
      "m13": 1.0315685272216797,
      "m14": -0.05828871205449104,
      "m15": 1
    },
    {
      "__type__": "cc.Mat4",
      "m00": 0.4506261348724365,
      "m01": 0.03221955522894859,
      "m02": 0.1515076607465744,
      "m03": 0,
      "m04": 0.027057109400629997,
      "m05": -0.47528937458992004,
      "m06": 0.020599493756890297,
      "m07": 0,
      "m08": -0.15251424908638,
      "m09": 0.010877776890993118,
      "m10": 0.4513064920902252,
      "m11": 0,
      "m12": -0.09971795231103897,
      "m13": 0.3413029611110687,
      "m14": 0.015445826575160027,
      "m15": 1
    },
    {
      "__type__": "cc.Mat4",
      "m00": 0.45651066303253174,
      "m01": -0.08596876263618469,
      "m02": -0.10613004863262177,
      "m03": 0,
      "m04": -0.07216288149356842,
      "m05": -0.4661867320537567,
      "m06": 0.06722252070903778,
      "m07": 0,
      "m08": 0.11596003919839859,
      "m09": 0.04832940548658371,
      "m10": 0.45964515209198,
      "m11": 0,
      "m12": 0.014756817370653152,
      "m13": 0.35738199949264526,
      "m14": -0.041299719363451004,
      "m15": 1
    },
    {
      "__type__": "cc.Mat4",
      "m00": 0.22194205224514008,
      "m01": -0.008880021050572395,
      "m02": 0.42156755924224854,
      "m03": 0,
      "m04": -0.03001885861158371,
      "m05": -0.47552260756492615,
      "m06": 0.0057874275371432304,
      "m07": 0,
      "m08": -0.4205913543701172,
      "m09": 0.029253562912344933,
      "m10": 0.22204412519931793,
      "m11": 0,
      "m12": -0.07539185881614685,
      "m13": 0.35819491744041443,
      "m14": -0.026988806203007698,
      "m15": 1
    },
    {
      "__type__": "cc.Mat4",
      "m00": 2.677948316431866e-7,
      "m01": -0.0000014223852531358716,
      "m02": 0.4765043258666992,
      "m03": 0,
      "m04": -0.011349980719387531,
      "m05": -0.47636911273002625,
      "m06": -0.0000014156030374579132,
      "m07": 0,
      "m08": 0.47636911273002625,
      "m09": -0.011349980719387531,
      "m10": -3.015990159838111e-7,
      "m11": 0,
      "m12": 0.1237671971321106,
      "m13": 0.44776082038879395,
      "m14": -0.006281786132603884,
      "m15": 1
    },
    {
      "__type__": "cc.Mat4",
      "m00": 0.2235858142375946,
      "m01": -0.3759760856628418,
      "m02": 0.18896552920341492,
      "m03": 0,
      "m04": -0.41851606965065,
      "m05": -0.22091807425022125,
      "m06": 0.05564199388027191,
      "m07": 0,
      "m08": -0.04370543733239174,
      "m09": 0.19207780063152313,
      "m10": 0.43388065695762634,
      "m11": 0,
      "m12": 0.032903995364904404,
      "m13": 0.976296067237854,
      "m14": -0.05123407393693924,
      "m15": 1
    },
    {
      "__type__": "cc.Mat4",
      "m00": 0.3641282618045807,
      "m01": -0.24235773086547852,
      "m02": 0.18902355432510376,
      "m03": 0,
      "m04": -0.2803783118724823,
      "m05": -0.3819807171821594,
      "m06": 0.05035165324807167,
      "m07": 0,
      "m08": -0.12591750919818878,
      "m09": 0.14969967305660248,
      "m10": 0.43450114130973816,
      "m11": 0,
      "m12": -0.04589928314089775,
      "m13": 0.8931198120117188,
      "m14": -0.045468125492334366,
      "m15": 1
    },
    {
      "__type__": "cc.Mat4",
      "m00": 0.27541878819465637,
      "m01": 0.3223372995853424,
      "m02": 0.21748517453670502,
      "m03": 0,
      "m04": 0.36111077666282654,
      "m05": -0.31087586283683777,
      "m06": 0.0034493892453610897,
      "m07": 0,
      "m08": -0.14422273635864258,
      "m09": -0.16282372176647186,
      "m10": 0.42396309971809387,
      "m11": 0,
      "m12": -0.4499817192554474,
      "m13": 0.023541130125522614,
      "m14": -0.013043905608355999,
      "m15": 1
    },
    {
      "__type__": "cc.Mat4",
      "m00": -0.0832783579826355,
      "m01": 0.42599472403526306,
      "m02": -0.196594700217247,
      "m03": 0,
      "m04": -0.46913206577301025,
      "m05": -0.07817018032073975,
      "m06": 0.02934175729751587,
      "m07": 0,
      "m08": -0.00601969612762332,
      "m09": 0.1986810266971588,
      "m10": 0.4330657720565796,
      "m11": 0,
      "m12": -0.008296116255223751,
      "m13": 1.0314675569534302,
      "m14": -0.05805854871869087,
      "m15": 1
    },
    {
      "__type__": "cc.Mat4",
      "m00": -0.450143039226532,
      "m01": -0.03136285021901131,
      "m02": -0.1531139463186264,
      "m03": 0,
      "m04": 0.026879696175456047,
      "m05": -0.4753914475440979,
      "m06": 0.01835181750357151,
      "m07": 0,
      "m08": -0.15396420657634735,
      "m09": 0.008699368685483932,
      "m10": 0.4508610963821411,
      "m11": 0,
      "m12": -0.09968750178813934,
      "m13": 0.3412477970123291,
      "m14": 0.016800861805677414,
      "m15": 1
    },
    {
      "__type__": "cc.Mat4",
      "m00": -0.4562531113624573,
      "m01": 0.08631916344165802,
      "m02": 0.10695107281208038,
      "m03": 0,
      "m04": -0.07212674617767334,
      "m05": -0.46601730585098267,
      "m06": 0.06842543184757233,
      "m07": 0,
      "m08": 0.11699256300926208,
      "m09": 0.049328576773405075,
      "m10": 0.45927757024765015,
      "m11": 0,
      "m12": 0.014751840382814407,
      "m13": 0.3572850823402405,
      "m14": -0.042131852358579636,
      "m15": 1
    },
    {
      "__type__": "cc.Mat4",
      "m00": -0.22193562984466553,
      "m01": 0.00906417891383171,
      "m02": -0.421566903591156,
      "m03": 0,
      "m04": -0.030023708939552307,
      "m05": -0.4755248725414276,
      "m06": 0.005581762176007032,
      "m07": 0,
      "m08": -0.42059433460235596,
      "m09": 0.029161959886550903,