{
  "__type__": "cc.Skeleton",
  "_name": "Skin-1",
  "_objFlags": 0,
  "__editorExtras__": {},
  "_native": "",
  "_joints": [
    "spider_1/jnts/bindJnts/spider/b_spider1/Bip00113/Bip001 Pelvis14/Bip001 Spine15/l_feeler_0353/l_feeler_1554/l_feeler_1655/l_feeler_1756/l_feeler_1857",
    "spider_1/jnts/bindJnts/spider/b_spider1/Bip00113/Bip001 Pelvis14/Bip001 Spine15",
    "spider_1/jnts/bindJnts/spider/b_spider1/Bip00113/Bip001 Pelvis14/Bip001 Spine15/Bip001 Tail16",
    "spider_1/jnts/bindJnts/spider/b_spider1/Bip00113/Bip001 Pelvis14/Bip001 Spine15/l_feeler_0129",
    "spider_1/jnts/bindJnts/spider/b_spider1/Bip00113/Bip001 Pelvis14/Bip001 Spine15/l_feeler_0353",
    "spider_1/jnts/bindJnts/spider/b_spider1/Bip00113/Bip001 Pelvis14/Bip001 Spine15/l_feeler_0353/l_feeler_1554/l_feeler_1655/l_feeler_1756",
    "spider_1/jnts/bindJnts/spider/b_spider1/Bip00113/Bip001 Pelvis14/Bip001 Spine15/l_feeler_0353/l_feeler_1554/l_feeler_1655",
    "spider_1/jnts/bindJnts/spider/b_spider1/Bip00113/Bip001 Pelvis14/Bip001 Spine15/l_feeler_0353/l_feeler_1554",
    "spider_1/jnts/bindJnts/spider/b_spider1/Bip00113/Bip001 Pelvis14/Bip001 Spine15/r_feeler_0247/r_feeler_1048/r_feeler_1149/r_feeler_1250/r_feeler_1351",
    "spider_1/jnts/bindJnts/spider/b_spider1/Bip00113/Bip001 Pelvis14/Bip001 Spine15/r_feeler_0247",
    "spider_1/jnts/bindJnts/spider/b_spider1/Bip00113/Bip001 Pelvis14/Bip001 Spine15/r_feeler_0471",
    "spider_1/jnts/bindJnts/spider/b_spider1/Bip00113/Bip001 Pelvis14/Bip001 Spine15/r_feeler_0247/r_feeler_1048/r_feeler_1149/r_feeler_1250",
    "spider_1/jnts/bindJnts/spider/b_spider1/Bip00113/Bip001 Pelvis14/Bip001 Spine15/r_feeler_0247/r_feeler_1048/r_feeler_1149",
    "spider_1/jnts/bindJnts/spider/b_spider1/Bip00113/Bip001 Pelvis14/Bip001 Spine15/r_feeler_0247/r_feeler_1048"
  ],
  "_bindposes": [
    {
      "__type__": "cc.Mat4",
      "m00": 0.04953585937619209,
      "m01": -0.20495599508285522,
      "m02": 0.4273119866847992,
      "m03": 0,
      "m04": -0.46761354804039,
      "m05": -0.09100783616304398,
      "m06": 0.010556809604167938,
      "m07": 0,
      "m08": -0.07707181572914124,
      "m09": 0.4204367995262146,
      "m10": 0.21059267222881317,
      "m11": 0,
      "m12": -0.05208256095647812,
      "m13": 0.9951462745666504,
      "m14": -0.034852322190999985,
      "m15": 1
    },
    {
      "__type__": "cc.Mat4",
      "m00": 2.677948316431866e-7,
      "m01": -0.0000014223852531358716,
      "m02": 0.4765043258666992,
      "m03": 0,
      "m04": -0.011349980719387531,
      "m05": -0.47636911273002625,
      "m06": -0.0000014156030374579132,
      "m07": 0,
      "m08": 0.47636911273002625,
      "m09": -0.011349980719387531,
      "m10": -3.015990159838111e-7,
      "m11": 0,
      "m12": 0.1237671971321106,
      "m13": 0.44776082038879395,
      "m14": -0.006281786132603884,
      "m15": 1
    },
    {
      "__type__": "cc.Mat4",
      "m00": -4.2209973116769106e-7,
      "m01": -0.0000012117651522203232,
      "m02": 0.4765043258666992,
      "m03": 0,
      "m04": 0.08236405998468399,
      "m05": 0.4693320095539093,
      "m06": 0.000001266485924134031,
      "m07": 0,
      "m08": -0.4693320095539093,
      "m09": 0.08236405998468399,
      "m10": -2.0629195773835818e-7,
      "m11": 0,
      "m12": -0.19518089294433594,
      "m13": -0.44618502259254456,
      "m14": -0.006283869501203299,
      "m15": 1
    },
    {
      "__type__": "cc.Mat4",
      "m00": 0.4506261348724365,
      "m01": 0.03221955522894859,
      "m02": 0.1515076607465744,
      "m03": 0,
      "m04": 0.027057109400629997,
      "m05": -0.47528937458992004,
      "m06": 0.020599493756890297,
      "m07": 0,
      "m08": -0.15251424908638,
      "m09": 0.010877776890993118,
      "m10": 0.4513064920902252,
      "m11": 0,
      "m12": -0.09971795231103897,
      "m13": 0.3413029611110687,
      "m14": 0.015445826575160027,
      "m15": 1
    },
    {
      "__type__": "cc.Mat4",
      "m00": 0.22194205224514008,
      "m01": -0.008880021050572395,
      "m02": 0.42156755924224854,
      "m03": 0,
      "m04": -0.03001885861158371,
      "m05": -0.47552260756492615,
      "m06": 0.0057874275371432304,
      "m07": 0,
      "m08": -0.4205913543701172,
      "m09": 0.029253562912344933,
      "m10": 0.22204412519931793,
      "m11": 0,
      "m12": -0.07539185881614685,
      "m13": 0.35819491744041443,
      "m14": -0.026988806203007698,
      "m15": 1
    },
    {
      "__type__": "cc.Mat4",
      "m00": 0.11128302663564682,
      "m01": -0.18175910413265228,
      "m02": 0.42618775367736816,
      "m03": 0,
      "m04": -0.42369627952575684,
      "m05": -0.2172907292842865,
      "m06": 0.01796306110918522,
      "m07": 0,
      "m08": -0.18749402463436127,
      "m09": 0.38315123319625854,
      "m10": 0.2123618721961975,
      "m11": 0,
      "m12": -0.04723144322633743,
      "m13": 0.9413944482803345,
      "m14": -0.03269326314330101,
      "m15": 1
    },
    {
      "__type__": "cc.Mat4",
      "m00": 0.14565926790237427,
      "m01": -0.14068743586540222,
      "m02": 0.4313313364982605,
      "m03": 0,
      "m04": -0.3104400634765625,
      "m05": -0.3612677752971649,
      "m06": -0.013000160455703735,
      "m07": 0,
      "m08": -0.3308577239513397,
      "m09": 0.277036190032959,
      "m10": 0.20209041237831116,
      "m11": 0,
      "m12": -0.07751985639333725,
      "m13": 0.8549003005027771,
      "m14": -0.0281613040715456,
      "m15": 1
    },
    {
      "__type__": "cc.Mat4",
      "m00": 0.17136049270629883,
      "m01": 0.1288229525089264,
      "m02": 0.4255543649196625,
      "m03": 0,
      "m04": 0.2836650013923645,
      "m05": -0.3828679621219635,
      "m06": 0.0016759278951212764,
      "m07": 0,
      "m08": -0.3423832058906555,
      "m09": -0.25273168087005615,
      "m10": 0.21437561511993408,
      "m11": 0,
      "m12": -0.4227856993675232,
      "m13": 0.11222254484891891,
      "m14": -0.02899431809782982,
      "m15": 1
    },
    {
      "__type__": "cc.Mat4",
      "m00": -0.04963304102420807,
      "m01": 0.20517511665821075,
      "m02": -0.4271954596042633,
      "m03": 0,
      "m04": -0.46763497591018677,
      "m05": -0.09088391065597534,
      "m06": 0.010681340470910072,
      "m07": 0,
      "m08": -0.07688003033399582,
      "m09": 0.4203566312789917,
      "m10": 0.21082252264022827,
      "m11": 0,
      "m12": -0.052042439579963684,
      "m13": 0.9951809644699097,
      "m14": -0.034713756293058395,
      "m15": 1
    },
    {
      "__type__": "cc.Mat4",
      "m00": -0.22193562984466553,
      "m01": 0.00906417891383171,
      "m02": -0.421566903591156,
      "m03": 0,
      "m04": -0.030023708939552307,
      "m05": -0.4755248725414276,
      "m06": 0.005581762176007032,
      "m07": 0,
      "m08": -0.42059433460235596,
      "m09": 0.029161959886550903,
      "m10": 0.22205038368701935,
      "m11": 0,
      "m12": -0.07548359036445618,
      "m13": 0.35821112990379333,
      "m14": -0.0270171407610178,
      "m15": 1
    },
    {
      "__type__": "cc.Mat4",
      "m00": -0.450143039226532,
      "m01": -0.03136285021901131,
      "m02": -0.1531139463186264,
      "m03": 0,
      "m04": 0.026879696175456047,
      "m05": -0.4753914475440979,
      "m06": 0.01835181750357151,
      "m07": 0,
      "m08": -0.15396420657634735,
      "m09": 0.008699368685483932,
      "m10": 0.4508610963821411,
      "m11": 0,
      "m12": -0.09968750178813934,
      "m13": 0.3412477970123291,
      "m14": 0.016800861805677414,
      "m15": 1
    },
    {
      "__type__": "cc.Mat4",
      "m00": -0.11143539100885391,
      "m01": 0.181942880153656,
      "m02": -0.4260694682598114,
      "m03": 0,
      "m04": -0.42374923825263977,
      "m05": -0.21717725694179535,
      "m06": 0.01808808743953705,
      "m07": 0,
      "m08": -0.18728402256965637,
      "m09": 0.3831283450126648,
      "m10": 0.212588369846344,
      "m11": 0,
      "m12": -0.04720006138086319,
      "m13": 0.9414389729499817,