{
  "__type__": "cc.SpriteFrame",
  "content": {
    "name": "TX_sashui1002",
    "atlas": "",
    "rect": {
      "x": 31,
      "y": 51,
      "width": 59,
      "height": 53
    },
    "offset": {
      "x": -3.5,
      "y": -13.5
    },
    "originalSize": {
      "width": 128,
      "height": 128
    },
    "rotated": false,
    "capInsets": [
      0,
      0,
      0,
      0
    ],
    "vertices": {
      "rawPosition": [
        -29.5,
        -26.5,
        0,
        29.5,
        -26.5,
        0,
        -29.5,
        26.5,
        0,
        29.5,
        26.5,
        0
      ],
      "indexes": [
        0,
        1,
        2,
        2,
        1,
        3
      ],
      "uv": [
        31,
        77,
        90,
        77,
        31,
        24,
        90,
        24
      ],
      "nuv": [
        0.2421875,
        0.1875,
        0.703125,
        0.1875,
        0.2421875,
        0.6015625,
        0.703125,
        0.6015625
      ],
      "minPos": {
        "x": -29.5,
        "y": -26.5,
        "z": 0
      },
      "maxPos": {
        "x": 29.5,
        "y": 26.5,
        "z": 0
      }
    },
    "texture": "01229709-2661-4256-87f7-1b38c67aa447@6c48a",
    "packable": true,
    "pixelsToUnit": 100,
    "pivot": {
      "x": 0.5,
      "y": 0.5
    },
    "meshType": 0
  }
}