{
  "__type__": "cc.SpriteFrame",
  "content": {
    "name": "TX_Attack_hit1003",
    "atlas": "",
    "rect": {
      "x": 12,
      "y": 15,
      "width": 40,
      "height": 40
    },
    "offset": {
      "x": 0,
      "y": -3
    },
    "originalSize": {
      "width": 64,
      "height": 64
    },
    "rotated": false,
    "capInsets": [
      0,
      0,
      0,
      0
    ],
    "vertices": {
      "rawPosition": [
        -20,
        -20,
        0,
        20,
        -20,
        0,
        -20,
        20,
        0,
        20,
        20,
        0
      ],
      "indexes": [
        0,
        1,
        2,
        2,
        1,
        3
      ],
      "uv": [
        12,
        49,
        52,
        49,
        12,
        9,
        52,
        9
      ],
      "nuv": [
        0.1875,
        0.140625,
        0.8125,
        0.140625,
        0.1875,
        0.765625,
        0.8125,
        0.765625
      ],
      "minPos": {
        "x": -20,
        "y": -20,
        "z": 0
      },
      "maxPos": {
        "x": 20,
        "y": 20,
        "z": 0
      }
    },
    "texture": "6e7a5877-7db4-4688-bf87-32f0bc712339@6c48a",
    "packable": true,
    "pixelsToUnit": 100,
    "pivot": {
      "x": 0.5,
      "y": 0.5
    },
    "meshType": 0
  }
}