{
  "__type__": "cc.Skeleton",
  "_name": "Skin-4",
  "_objFlags": 0,
  "__editorExtras__": {},
  "_native": "",
  "_joints": [
    "root/Bone001/Bone004/Bone007",
    "root/Bone001/Bone004/Bone002",
    "root/Bone001/Bone004/Bone007(mirrored)"
  ],
  "_bindposes": [
    {
      "__type__": "cc.Mat4",
      "m00": -0.194843128323555,
      "m01": 0.341547429561615,
      "m02": -0.01953989453613758,
      "m03": 0,
      "m04": -0.03928539529442787,
      "m05": -3.983985408240187e-8,
      "m06": 0.39173585176467896,
      "m07": 0,
      "m08": 0.3398427665233612,
      "m09": 0.19582045078277588,
      "m10": 0.03408130258321762,
      "m11": 0,
      "m12": 0.013760759495198727,
      "m13": 0.23103247582912445,
      "m14": -0.44224148988723755,
      "m15": 1
    },
    {
      "__type__": "cc.Mat4",
      "m00": 0.0000011062995781685458,
      "m01": -1.5456079438536108e-7,
      "m02": 0.39370080828666687,
      "m03": 0,
      "m04": -1.7209208280632993e-8,
      "m05": 0.39370080828666687,
      "m06": 1.5456085122877994e-7,
      "m07": 0,
      "m08": -0.39370080828666687,
      "m09": -1.7209643488058646e-8,
      "m10": 0.0000011062995781685458,
      "m11": 0,
      "m12": 0.2757627069950104,
      "m13": -0.3992142081260681,
      "m14": -9.247484058505506e-7,
      "m15": 1
    },
    {
      "__type__": "cc.Mat4",
      "m00": 0.19484324753284454,
      "m01": 0.34154731035232544,
      "m02": 0.019539982080459595,
      "m03": 0,
      "m04": -0.03928545489907265,
      "m05": -8.559590369827674e-9,
      "m06": 0.3917357921600342,
      "m07": 0,
      "m08": 0.33984264731407166,
      "m09": -0.19582059979438782,
      "m10": 0.03408132120966911,
      "m11": 0,
      "m12": 0.013758992776274681,
      "m13": -0.23103542625904083,
      "m14": -0.4422415792942047,
      "m15": 1
    }
  ],
  "_hash": 3592853667
}