{
  "__type__": "cc.Skeleton",
  "_name": "Skin-2",
  "_objFlags": 0,
  "__editorExtras__": {},
  "_native": "",
  "_joints": [
    "root/Bone001/Bone004"
  ],
  "_bindposes": [
    {
      "__type__": "cc.Mat4",
      "m00": -9.527606437131908e-8,
      "m01": -3.395405556716469e-8,
      "m02": -0.39370080828666687,
      "m03": 0,
      "m04": 0.39369627833366394,
      "m05": -0.0018821432022377849,
      "m06": -9.511266085837633e-8,
      "m07": 0,
      "m08": -0.0018821432022377849,
      "m09": -0.39369627833366394,
      "m10": 3.4409151083991674e-8,
      "m11": 0,
      "m12": -0.0003824169107247144,
      "m13": -0.07999257743358612,
      "m14": 8.25148394056896e-9,
      "m15": 1
    }
  ],
  "_hash": 3947198449
}