{
  "__type__": "cc.Skeleton",
  "_name": "Skin-1",
  "_objFlags": 0,
  "__editorExtras__": {},
  "_native": "",
  "_joints": [
    "root/Bone009"
  ],
  "_bindposes": [
    {
      "__type__": "cc.Mat4",
      "m00": 2.9723587147145736e-8,
      "m01": -0.39370080828666687,
      "m02": 2.4107221077708655e-17,
      "m03": 0,
      "m04": -1.7209208280632993e-8,
      "m05": -1.275152092037712e-15,
      "m06": 0.39370080828666687,
      "m07": 0,
      "m08": -0.39370080828666687,
      "m09": -2.9723587147145736e-8,
      "m10": -1.7209208280632993e-8,
      "m11": 0,
      "m12": 0.36988329887390137,
      "m13": 2.792541486940081e-8,
      "m14": -0.44454431533813477,
      "m15": 1
    }
  ],
  "_hash": 1427323558
}