{
  "__type__": "cc.Skeleton",
  "_name": "Skin-3",
  "_objFlags": 0,
  "__editorExtras__": {},
  "_native": "",
  "_joints": [
    "root/Bone001"
  ],
  "_bindposes": [
    {
      "__type__": "cc.Mat4",
      "m00": 6.41420072611254e-8,
      "m01": -0.39370080828666687,
      "m02": -6.86782755110471e-7,
      "m03": 0,
      "m04": 0.39370080828666687,
      "m05": 6.414197883941597e-8,
      "m06": 1.7209320191113875e-8,
      "m07": 0,
      "m08": -1.7209208280632993e-8,
      "m09": -6.86782755110471e-7,
      "m10": 0.39370080828666687,
      "m11": 0,
      "m12": -1.3363894147527691e-25,
      "m13": 4.010434454568523e-16,
      "m14": -2.2989966874664702e-10,
      "m15": 1
    }
  ],
  "_hash": 3521474302
}