{
  "__type__": "cc.Skeleton",
  "_name": "Skin-0",
  "_objFlags": 0,
  "__editorExtras__": {},
  "_native": "",
  "_joints": [
    "root/Bone001/Bone004/Bone007(mirrored)",
    "root/Bone001/Bone004/Bone007",
    "root/Bone001/Bone004"
  ],
  "_bindposes": [
    {
      "__type__": "cc.Mat4",
      "m00": 0.19484327733516693,
      "m01": 0.34154054522514343,
      "m02": 0.019657891243696213,
      "m03": 0,
      "m04": -0.03928545117378235,
      "m05": -0.00013524536916520447,
      "m06": 0.3917357921600342,
      "m07": 0,
      "m08": 0.33984264731407166,
      "m09": -0.19583237171173096,
      "m10": 0.034013714641332626,
      "m11": 0,
      "m12": 0.013758976012468338,
      "m13": -0.23088273406028748,
      "m14": -0.4423213303089142,
      "m15": 1
    },
    {
      "__type__": "cc.Mat4",
      "m00": -0.1949685513973236,
      "m01": 0.34147459268569946,
      "m02": -0.019562354311347008,
      "m03": 0,
      "m04": -0.03933778032660484,
      "m05": -0.00001891561805678066,
      "m06": 0.3917306363582611,
      "m07": 0,
      "m08": 0.3397647738456726,
      "m09": 0.19594751298427582,
      "m10": 0.034128814935684204,
      "m11": 0,
      "m12": 0.013733280822634697,
      "m13": 0.23104232549667358,
      "m14": -0.4422372281551361,
      "m15": 1
    },
    {
      "__type__": "cc.Mat4",
      "m00": -9.527606437131908e-8,
      "m01": -3.395405556716469e-8,
      "m02": -0.39370080828666687,
      "m03": 0,
      "m04": 0.39369627833366394,
      "m05": -0.0018821432022377849,
      "m06": -9.511266085837633e-8,
      "m07": 0,
      "m08": -0.0018821432022377849,
      "m09": -0.39369627833366394,
      "m10": 3.4409151083991674e-8,
      "m11": 0,
      "m12": -0.0003824169107247144,
      "m13": -0.07999257743358612,
      "m14": 8.25148394056896e-9,
      "m15": 1
    }
  ],
  "_hash": 2533507345
}