{
  "__type__": "cc.SpriteFrame",
  "content": {
    "name": "TX_Axuanfeng1007",
    "atlas": "",
    "rect": {
      "x": 7,
      "y": 19,
      "width": 108,
      "height": 110
    },
    "offset": {
      "x": -4.5,
      "y": -5.5
    },
    "originalSize": {
      "width": 131,
      "height": 137
    },
    "rotated": false,
    "capInsets": [
      0,
      0,
      0,
      0
    ],
    "vertices": {
      "rawPosition": [
        -54,
        -55,
        0,
        54,
        -55,
        0,
        -54,
        55,
        0,
        54,
        55,
        0
      ],
      "indexes": [
        0,
        1,
        2,
        2,
        1,
        3
      ],
      "uv": [
        7,
        118,
        115,
        118,
        7,
        8,
        115,
        8
      ],
      "nuv": [
        0.05343511450381679,
        0.058394160583941604,
        0.8778625954198473,
        0.058394160583941604,
        0.05343511450381679,
        0.8613138686131386,
        0.8778625954198473,
        0.8613138686131386
      ],
      "minPos": {
        "x": -54,
        "y": -55,
        "z": 0
      },
      "maxPos": {
        "x": 54,
        "y": 55,
        "z": 0
      }
    },
    "texture": "a02fda70-f87b-4f0d-8a26-5ea10ba3998d@6c48a",
    "packable": true,
    "pixelsToUnit": 100,
    "pivot": {
      "x": 0.5,
      "y": 0.5
    },
    "meshType": 0
  }
}