{
  "__type__": "cc.SpriteFrame",
  "content": {
    "name": "UI_dianta",
    "atlas": "",
    "rect": {
      "x": 10,
      "y": 8,
      "width": 109,
      "height": 108
    },
    "offset": {
      "x": 0.5,
      "y": 2
    },
    "originalSize": {
      "width": 128,
      "height": 128
    },
    "rotated": false,
    "capInsets": [
      0,
      0,
      0,
      0
    ],
    "vertices": {
      "rawPosition": [
        -54.5,
        -54,
        0,
        54.5,
        -54,
        0,
        -54.5,
        54,
        0,
        54.5,
        54,
        0
      ],
      "indexes": [
        0,
        1,
        2,
        2,
        1,
        3
      ],
      "uv": [
        10,
        120,
        119,
        120,
        10,
        12,
        119,
        12
      ],
      "nuv": [
        0.078125,
        0.09375,
        0.9296875,
        0.09375,
        0.078125,
        0.9375,
        0.9296875,
        0.9375
      ],
      "minPos": {
        "x": -54.5,
        "y": -54,
        "z": 0
      },
      "maxPos": {
        "x": 54.5,
        "y": 54,
        "z": 0
      }
    },
    "texture": "fb5dd55e-daa3-4655-8ffb-e7fa8a107cd9@6c48a",
    "packable": true,
    "pixelsToUnit": 100,
    "pivot": {
      "x": 0.5,
      "y": 0.5
    },
    "meshType": 0
  }
}