{
  "__type__": "cc.SpriteFrame",
  "content": {
    "name": "TX_shengji1003",
    "atlas": "",
    "rect": {
      "x": 7,
      "y": 6,
      "width": 117,
      "height": 112
    },
    "offset": {
      "x": 1.5,
      "y": 2
    },
    "originalSize": {
      "width": 128,
      "height": 128
    },
    "rotated": false,
    "capInsets": [
      0,
      0,
      0,
      0
    ],
    "vertices": {
      "rawPosition": [
        -58.5,
        -56,
        0,
        58.5,
        -56,
        0,
        -58.5,
        56,
        0,
        58.5,
        56,
        0
      ],
      "indexes": [
        0,
        1,
        2,
        2,
        1,
        3
      ],
      "uv": [
        7,
        122,
        124,
        122,
        7,
        10,
        124,
        10
      ],
      "nuv": [
        0.0546875,
        0.078125,
        0.96875,
        0.078125,
        0.0546875,
        0.953125,
        0.96875,
        0.953125
      ],
      "minPos": {
        "x": -58.5,
        "y": -56,
        "z": 0
      },
      "maxPos": {
        "x": 58.5,
        "y": 56,
        "z": 0
      }
    },
    "texture": "bc536896-7a1f-4596-9c34-73bf319545f5@6c48a",
    "packable": true,
    "pixelsToUnit": 100,
    "pivot": {
      "x": 0.5,
      "y": 0.5
    },
    "meshType": 0
  }
}