{
  "__type__": "cc.Skeleton",
  "_name": "Skin-0",
  "_objFlags": 0,
  "__editorExtras__": {},
  "_native": "",
  "_joints": [
    "Bip001/Bip001 Pelvis/Bip001 Spine/Bip001 Spine1",
    "Bip001/Bip001 Pelvis/Bip001 Spine/Bip001 Spine1/Bip001 Neck/Bip001 Head",
    "Bip001/Bip001 Pelvis/Bip001 Spine/Bip001 Spine1/Bip001 Neck/Bip001 R Clavicle/Bip001 R UpperArm",
    "Bip001/Bip001 Pelvis/Bip001 Spine",
    "Bip001/Bip001 Pelvis/Bip001 Spine/Bip001 Spine1/Bip001 Neck/Bip001 L Clavicle/Bip001 L UpperArm",
    "Bip001/Bip001 Pelvis/Bip001 Spine/Bip001 Spine1/Bip001 Neck/Bip001 R Clavicle/Bip001 R UpperArm/Bip001 R Forearm",
    "Bip001/Bip001 Pelvis",
    "Bip001/Bip001 Pelvis/Bip001 Spine/Bip001 Spine1/Bip001 Neck/Bip001 L Clavicle/Bip001 L UpperArm/Bip001 L Forearm",
    "Bip001/Bip001 Pelvis/Bip001 Spine/Bip001 L Thigh",
    "Bip001/Bip001 Pelvis/Bip001 Spine/Bip001 L Thigh/Bip001 L Calf",
    "Bip001/Bip001 Pelvis/Bip001 Spine/Bip001 L Thigh/Bip001 L Calf/Bip001 L HorseLink",
    "Bip001/Bip001 Pelvis/Bip001 Spine/Bip001 L Thigh/Bip001 L Calf/Bip001 L HorseLink/Bip001 L Foot",
    "Bip001/Bip001 Pelvis/Bip001 Spine/Bip001 R Thigh",
    "Bip001/Bip001 Pelvis/Bip001 Spine/Bip001 R Thigh/Bip001 R Calf",
    "Bip001/Bip001 Pelvis/Bip001 Spine/Bip001 R Thigh/Bip001 R Calf/Bip001 R HorseLink",
    "Bip001/Bip001 Pelvis/Bip001 Spine/Bip001 R Thigh/Bip001 R Calf/Bip001 R HorseLink/Bip001 R Foot",
    "Bip001/Bip001 Pelvis/Bip001 Spine/Bip001 Spine1/Bip001 Neck/Bip001 R Clavicle/Bip001 R UpperArm/Bip001 R Forearm/Bip001 R Hand",
    "Bip001/Bip001 Pelvis/Bip001 Spine/Bip001 Spine1/Bip001 Neck/Bip001 L Clavicle/Bip001 L UpperArm/Bip001 L Forearm/Bip001 L Hand"
  ],
  "_bindposes": [
    {
      "__type__": "cc.Mat4",
      "m00": 0.042745862156152725,
      "m01": 0.002624866785481572,
      "m02": 0.9990826845169067,
      "m03": 0,
      "m04": -0.9937569499015808,
      "m05": -0.10303672403097153,
      "m06": 0.042788706719875336,
      "m07": 0,
      "m08": 0.10305450111627579,
      "m09": -0.9946742653846741,
      "m10": -0.0017959136748686433,
      "m11": 0,
      "m12": -0.23424075543880463,
      "m13": 0.8328460454940796,
      "m14": 0.08792322129011154,
      "m15": 1
    },
    {
      "__type__": "cc.Mat4",
      "m00": 0.04498153552412987,
      "m01": 0.0087468596175313,
      "m02": 0.9989497065544128,
      "m03": 0,
      "m04": -0.9938579797744751,
      "m05": 0.10160000622272491,
      "m06": 0.04386265575885773,
      "m07": 0,
      "m08": -0.10110960155725479,
      "m09": -0.9947871565818787,
      "m10": 0.013263258151710033,
      "m11": 0,
      "m12": -0.9075490236282349,
      "m13": 1.2430614233016968,
      "m14": 0.060205645859241486,
      "m15": 1
    },
    {
      "__type__": "cc.Mat4",
      "m00": 0.08097502589225769,
      "m01": -0.3380793333053589,
      "m02": 0.9376279711723328,
      "m03": 0,
      "m04": 0.09845409542322159,
      "m05": 0.9388290643692017,
      "m06": 0.33001014590263367,
      "m07": 0,
      "m08": -0.9918415546417236,
      "m09": 0.06559070944786072,
      "m10": 0.10930708050727844,
      "m11": 0,
      "m12": 0.9898689985275269,
      "m13": 0.23037321865558624,
      "m14": 0.6197919845581055,
      "m15": 1
    },
    {
      "__type__": "cc.Mat4",
      "m00": -0.04363652318716049,
      "m01": 0.007785052992403507,
      "m02": 0.9990172982215881,
      "m03": 0,
      "m04": -0.9982030391693115,
      "m05": 0.04076637327671051,
      "m06": -0.04391864687204361,
      "m07": 0,
      "m08": -0.04106820747256279,
      "m09": -0.999138593673706,
      "m10": 0.005992160644382238,
      "m11": 0,
      "m12": 0.31739285588264465,
      "m13": 0.8579490780830383,
      "m14": 0.06820693612098694,
      "m15": 1
    },
    {
      "__type__": "cc.Mat4",
      "m00": 0.0030891697388142347,
      "m01": 0.4114232659339905,
      "m02": 0.9114399552345276,
      "m03": 0,
      "m04": 0.11781275272369385,
      "m05": 0.904946506023407,
      "m06": -0.4088919162750244,
      "m07": 0,
      "m08": -0.9930304288864136,
      "m09": 0.10864239186048508,
      "m10": -0.045675426721572876,
      "m11": 0,
      "m12": 0.9319984912872314,
      "m13": -0.035713259130716324,
      "m14": -0.5260708332061768,
      "m15": 1
    },
    {
      "__type__": "cc.Mat4",
      "m00": 0.2447601854801178,
      "m01": -0.24687418341636658,
      "m02": 0.9376280307769775,
      "m03": 0,
      "m04": -0.40337899327278137,
      "m05": 0.8534510135650635,
      "m06": 0.3300098776817322,
      "m07": 0,
      "m08": -0.881690263748169,
      "m09": -0.45899248123168945,
      "m10": 0.10930705815553665,
      "m11": 0,
      "m12": 0.19139398634433746,
      "m13": 0.38586488366127014,
      "m14": 0.6197918653488159,
      "m15": 1
    },
    {
      "__type__": "cc.Mat4",
      "m00": -0.09437824785709381,
      "m01": 0.010313794948160648,
      "m02": 0.9954830408096313,
      "m03": 0,
      "m04": -0.9932408928871155,
      "m05": 0.06689095497131348,
      "m06": -0.09485871344804764,
      "m07": 0,
      "m08": -0.06756716221570969,
      "m09": -0.9977070689201355,
      "m10": 0.003931031096726656,
      "m11": 0,
      "m12": 0.7304539084434509,
      "m13": 0.8440296053886414,
      "m14": 0.060507118701934814,
      "m15": 1
    },
    {
      "__type__": "cc.Mat4",
      "m00": -0.1514110416173935,
      "m01": 0.3825622797012329,
      "m02": 0.9114396572113037,
      "m03": 0,
      "m04": -0.2301183044910431,
      "m05": 0.8830929398536682,
      "m06": -0.4088926315307617,
      "m07": 0,
      "m08": -0.9613110423088074,
      "m09": -0.27164986729621887,
      "m10": -0.04567548632621765,
      "m11": 0,
      "m12": 0.2971273362636566,
      "m13": 0.08166120201349258,
      "m14": -0.5260708332061768,
      "m15": 1
    },
    {
      "__type__": "cc.Mat4",
      "m00": -0.03039395436644554,
      "m01": -0.09217774122953415,
      "m02": -0.9952787160873413,
      "m03": 0,
      "m04": -0.02118828520178795,
      "m05": -0.995455801486969,
      "m06": 0.09284115582704544,
      "m07": 0,
      "m08": -0.9993132948875427,
      "m09": 0.02391006611287594,
      "m10": 0.028302745893597603,
      "m11": 0,
      "m12": 0.9211024045944214,
      "m13": 0.6490333676338196,
      "m14": 0.41555488109588623,
      "m15": 1
    },
    {
      "__type__": "cc.Mat4",
      "m00": 0.02217978425323963,
      "m01": -0.09449051320552826,
      "m02": -0.9952787756919861,
      "m03": 0,
      "m04": 0.5014433860778809,
      "m05": -0.8601952195167542,
      "m06": 0.09284046292304993,
      "m07": 0,
      "m08": -0.8649060726165771,
      "m09": -0.5011353492736816,
      "m10": 0.028302691876888275,
      "m11": 0,
      "m12": 0.032315146178007126,
      "m13": 0.780642032623291,
      "m14": 0.41555535793304443,
      "m15": 1
    },
    {
      "__type__": "cc.Mat4",
      "m00": -0.027155110612511635,
      "m01": -0.09318331629037857,
      "m02": -0.9952787160873413,
      "m03": 0,
      "m04": 0.013601759448647499,
      "m05": -0.9955885410308838,
      "m06": 0.09284114092588425,
      "m07": 0,
      "m08": -0.9995386600494385,
      "m09": -0.011016434989869595,
      "m10": 0.028302764520049095,
      "m11": 0,
      "m12": 0.17597204446792603,
      "m13": 0.7971566915512085,
      "m14": 0.41555482149124146,
      "m15": 1
    },
    {
      "__type__": "cc.Mat4",
      "m00": 0.022469880059361458,
      "m01": -0.0949339047074318,
      "m02": -0.9952300786972046,
      "m03": 0,
      "m04": 0.04874420538544655,
      "m05": -0.9941939115524292,
      "m06": 0.09593550860881805,
      "m07": 0,
      "m08": -0.9985584616661072,
      "m09": -0.05066738650202751,
      "m10": -0.017711933702230453,
      "m11": 0,
      "m12": -0.03289021551609039,
      "m13": 0.7975496649742126,
      "m14": 0.4138808846473694,
      "m15": 1
    },
    {
      "__type__": "cc.Mat4",
      "m00": 0.08291477710008621,
      "m01": -0.0013173475163057446,