{
  "__type__": "cc.SpriteFrame",
  "content": {
    "name": "TX_Axuanfeng1022",
    "atlas": "",
    "rect": {
      "x": 44,
      "y": 46,
      "width": 168,
      "height": 170
    },
    "offset": {
      "x": 0,
      "y": -3
    },
    "originalSize": {
      "width": 256,
      "height": 256
    },
    "rotated": false,
    "capInsets": [
      0,
      0,
      0,
      0
    ],
    "vertices": {
      "rawPosition": [
        -84,
        -85,
        0,
        84,
        -85,
        0,
        -84,
        85,
        0,
        84,
        85,
        0
      ],
      "indexes": [
        0,
        1,
        2,
        2,
        1,
        3
      ],
      "uv": [
        44,
        210,
        212,
        210,
        44,
        40,
        212,
        40
      ],
      "nuv": [
        0.171875,
        0.15625,
        0.828125,
        0.15625,
        0.171875,
        0.8203125,
        0.828125,
        0.8203125
      ],
      "minPos": {
        "x": -84,
        "y": -85,
        "z": 0
      },
      "maxPos": {
        "x": 84,
        "y": 85,
        "z": 0
      }
    },
    "texture": "b5498562-63a4-41d8-be41-15ef9580a3ab@6c48a",
    "packable": true,
    "pixelsToUnit": 100,
    "pivot": {
      "x": 0.5,
      "y": 0.5
    },
    "meshType": 0
  }
}