{
  "__type__": "cc.SpriteFrame",
  "content": {
    "name": "UI_guo",
    "atlas": "",
    "rect": {
      "x": 1,
      "y": 1,
      "width": 115,
      "height": 113
    },
    "offset": {
      "x": 0,
      "y": 0
    },
    "originalSize": {
      "width": 117,
      "height": 115
    },
    "rotated": false,
    "capInsets": [
      0,
      0,
      0,
      0
    ],
    "vertices": {
      "rawPosition": [
        -57.5,
        -56.5,
        0,
        57.5,
        -56.5,
        0,
        -57.5,
        56.5,
        0,
        57.5,
        56.5,
        0
      ],
      "indexes": [
        0,
        1,
        2,
        2,
        1,
        3
      ],
      "uv": [
        1,
        114,
        116,
        114,
        1,
        1,
        116,
        1
      ],
      "nuv": [
        0.008547008547008548,
        0.008695652173913044,
        0.9914529914529915,
        0.008695652173913044,
        0.008547008547008548,
        0.991304347826087,
        0.9914529914529915,
        0.991304347826087
      ],
      "minPos": {
        "x": -57.5,
        "y": -56.5,
        "z": 0
      },
      "maxPos": {
        "x": 57.5,
        "y": 56.5,
        "z": 0
      }
    },
    "texture": "ad1fd4a0-6440-461b-b1b5-65fe1cf903be@6c48a",
    "packable": true,
    "pixelsToUnit": 100,
    "pivot": {
      "x": 0.5,
      "y": 0.5
    },
    "meshType": 0
  }
}