{
  "__type__": "cc.SpriteFrame",
  "content": {
    "name": "UI_xiazai",
    "atlas": "",
    "rect": {
      "x": 10,
      "y": 10,
      "width": 120,
      "height": 46
    },
    "offset": {
      "x": 1,
      "y": 0.5
    },
    "originalSize": {
      "width": 138,
      "height": 67
    },
    "rotated": false,
    "capInsets": [
      0,
      0,
      0,
      0
    ],
    "vertices": {
      "rawPosition": [
        -60,
        -23,
        0,
        60,
        -23,
        0,
        -60,
        23,
        0,
        60,
        23,
        0
      ],
      "indexes": [
        0,
        1,
        2,
        2,
        1,
        3
      ],
      "uv": [
        10,
        57,
        130,
        57,
        10,
        11,
        130,
        11
      ],
      "nuv": [
        0.07246376811594203,
        0.16417910447761194,
        0.9420289855072463,
        0.16417910447761194,
        0.07246376811594203,
        0.8507462686567164,
        0.9420289855072463,
        0.8507462686567164
      ],
      "minPos": {
        "x": -60,
        "y": -23,
        "z": 0
      },
      "maxPos": {
        "x": 60,
        "y": 23,
        "z": 0
      }
    },
    "texture": "23fb16c9-9f34-4ca3-a735-a24303690c81@6c48a",
    "packable": true,
    "pixelsToUnit": 100,
    "pivot": {
      "x": 0.5,
      "y": 0.5
    },
    "meshType": 0
  }
}