{
  "__type__": "cc.Skeleton",
  "_name": "Skin-0",
  "_objFlags": 0,
  "__editorExtras__": {},
  "_native": "",
  "_joints": [
    "Bone001weapon"
  ],
  "_bindposes": [
    {
      "__type__": "cc.Mat4",
      "m00": 5.541505174733174e-7,
      "m01": 8.3471040725708,
      "m02": -2.487630865743995e-7,
      "m03": 0,
      "m04": -9.347969055175781,
      "m05": 6.205963245520252e-7,
      "m06": 1.906760949761839e-14,
      "m07": 0,
      "m08": 3.354105797899638e-14,
      "m09": 2.487630865743995e-7,
      "m10": 8.3471040725708,
      "m11": 0,
      "m12": 0,
      "m13": 0,
      "m14": 0,
      "m15": 1
    }
  ],
  "_hash": 1987285351
}