{
  "__type__": "cc.Skeleton",
  "_name": "Skin-1",
  "_objFlags": 0,
  "__editorExtras__": {},
  "_native": "",
  "_joints": [
    "Bone001weapon"
  ],
  "_bindposes": [
    {
      "__type__": "cc.Mat4",
      "m00": 6.373413157234609e-7,
      "m01": 9.600196838378906,
      "m02": -2.8610816116270144e-7,
      "m03": 0,
      "m04": -9.600196838378906,
      "m05": 6.373413157234609e-7,
      "m06": 1.9582093921648863e-14,
      "m07": 0,
      "m08": 3.857634358977145e-14,
      "m09": 2.8610816116270144e-7,
      "m10": 9.600196838378906,
      "m11": 0,
      "m12": 0,
      "m13": 0,
      "m14": 0,
      "m15": 1
    }
  ],
  "_hash": 3292628376
}