{
  "__type__": "cc.SpriteFrame",
  "content": {
    "name": "TX_shengji1002",
    "atlas": "",
    "rect": {
      "x": 7,
      "y": 6,
      "width": 117,
      "height": 114
    },
    "offset": {
      "x": 1.5,
      "y": 1
    },
    "originalSize": {
      "width": 128,
      "height": 128
    },
    "rotated": false,
    "capInsets": [
      0,
      0,
      0,
      0
    ],
    "vertices": {
      "rawPosition": [
        -58.5,
        -57,
        0,
        58.5,
        -57,
        0,
        -58.5,
        57,
        0,
        58.5,
        57,
        0
      ],
      "indexes": [
        0,
        1,
        2,
        2,
        1,
        3
      ],
      "uv": [
        7,
        122,
        124,
        122,
        7,
        8,
        124,
        8
      ],
      "nuv": [
        0.0546875,
        0.0625,
        0.96875,
        0.0625,
        0.0546875,
        0.953125,
        0.96875,
        0.953125
      ],
      "minPos": {
        "x": -58.5,
        "y": -57,
        "z": 0
      },
      "maxPos": {
        "x": 58.5,
        "y": 57,
        "z": 0
      }
    },
    "texture": "9b9e61c7-c5fc-4d3b-b242-a2c75ec8d4f3@6c48a",
    "packable": true,
    "pixelsToUnit": 100,
    "pivot": {
      "x": 0.5,
      "y": 0.5
    },
    "meshType": 0
  }
}