{
  "__type__": "cc.SpriteFrame",
  "content": {
    "name": "TX_Bhuoyan1028",
    "atlas": "",
    "rect": {
      "x": 37,
      "y": 106,
      "width": 175,
      "height": 78
    },
    "offset": {
      "x": -3.5,
      "y": -17
    },
    "originalSize": {
      "width": 256,
      "height": 256
    },
    "rotated": false,
    "capInsets": [
      0,
      0,
      0,
      0
    ],
    "vertices": {
      "rawPosition": [
        -87.5,
        -39,
        0,
        87.5,
        -39,
        0,
        -87.5,
        39,
        0,
        87.5,
        39,
        0
      ],
      "indexes": [
        0,
        1,
        2,
        2,
        1,
        3
      ],
      "uv": [
        37,
        150,
        212,
        150,
        37,
        72,
        212,
        72
      ],
      "nuv": [
        0.14453125,
        0.28125,
        0.828125,
        0.28125,
        0.14453125,
        0.5859375,
        0.828125,
        0.5859375
      ],
      "minPos": {
        "x": -87.5,
        "y": -39,
        "z": 0
      },
      "maxPos": {
        "x": 87.5,
        "y": 39,
        "z": 0
      }
    },
    "texture": "73463bca-b89e-452c-8d5f-1fd8552050e8@6c48a",
    "packable": true,
    "pixelsToUnit": 100,
    "pivot": {
      "x": 0.5,
      "y": 0.5
    },
    "meshType": 0
  }
}