{
  "__type__": "cc.SpriteFrame",
  "content": {
    "name": "TX_huoyan1004",
    "atlas": "",
    "rect": {
      "x": 18,
      "y": 2,
      "width": 84,
      "height": 200
    },
    "offset": {
      "x": 0,
      "y": 3.5
    },
    "originalSize": {
      "width": 120,
      "height": 211
    },
    "rotated": false,
    "capInsets": [
      0,
      0,
      0,
      0
    ],
    "vertices": {
      "rawPosition": [
        -42,
        -100,
        0,
        42,
        -100,
        0,
        -42,
        100,
        0,
        42,
        100,
        0
      ],
      "indexes": [
        0,
        1,
        2,
        2,
        1,
        3
      ],
      "uv": [
        18,
        209,
        102,
        209,
        18,
        9,
        102,
        9
      ],
      "nuv": [
        0.15,
        0.04265402843601896,
        0.85,
        0.04265402843601896,
        0.15,
        0.990521327014218,
        0.85,
        0.990521327014218
      ],
      "minPos": {
        "x": -42,
        "y": -100,
        "z": 0
      },
      "maxPos": {
        "x": 42,
        "y": 100,
        "z": 0
      }
    },
    "texture": "3cc9ec6e-5da2-4b49-bf19-a07063a58f8e@6c48a",
    "packable": true,
    "pixelsToUnit": 100,
    "pivot": {
      "x": 0.5,
      "y": 0.5
    },
    "meshType": 0
  }
}