{
  "__type__": "cc.Skeleton",
  "_name": "Skin-4",
  "_objFlags": 0,
  "__editorExtras__": {},
  "_native": "",
  "_joints": [
    "spider_1/jnts/bindJnts/spider/b_spider1/Bip00113/Bip001 Pelvis14/Bip001 Spine15/l_feeler_0459/l_feeler_2060/l_feeler_2161/l_feeler_2262/l_feeler_2363",
    "spider_1/jnts/bindJnts/spider/b_spider1/Bip00113/Bip001 Pelvis14/Bip001 Spine15/l_feeler_0459",
    "spider_1/jnts/bindJnts/spider/b_spider1/Bip00113/Bip001 Pelvis14/Bip001 Spine15",
    "spider_1/jnts/bindJnts/spider/b_spider1/Bip00113/Bip001 Pelvis14/Bip001 Spine15/Bip001 Neck20/Bip001 Head21",
    "spider_1/jnts/bindJnts/spider/b_spider1/Bip00113/Bip001 Pelvis14/Bip001 Spine15/l_feeler_0235",
    "spider_1/jnts/bindJnts/spider/b_spider1/Bip00113/Bip001 Pelvis14/Bip001 Spine15/l_feeler_0459/l_feeler_2060/l_feeler_2161/l_feeler_2262",
    "spider_1/jnts/bindJnts/spider/b_spider1/Bip00113/Bip001 Pelvis14/Bip001 Spine15/l_feeler_0459/l_feeler_2060/l_feeler_2161",
    "spider_1/jnts/bindJnts/spider/b_spider1/Bip00113/Bip001 Pelvis14/Bip001 Spine15/l_feeler_0459/l_feeler_2060",
    "spider_1/jnts/bindJnts/spider/b_spider1/Bip00113/Bip001 Pelvis14/Bip001 Spine15/r_feeler_0365/r_feeler_1566/r_feeler_1667/r_feeler_1768/r_feeler_1869",
    "spider_1/jnts/bindJnts/spider/b_spider1/Bip00113/Bip001 Pelvis14/Bip001 Spine15/r_feeler_0365",
    "spider_1/jnts/bindJnts/spider/b_spider1/Bip00113/Bip001 Pelvis14/Bip001 Spine15/r_feeler_0141",
    "spider_1/jnts/bindJnts/spider/b_spider1/Bip00113/Bip001 Pelvis14/Bip001 Spine15/r_feeler_0365/r_feeler_1566/r_feeler_1667/r_feeler_1768",
    "spider_1/jnts/bindJnts/spider/b_spider1/Bip00113/Bip001 Pelvis14/Bip001 Spine15/r_feeler_0365/r_feeler_1566/r_feeler_1667",
    "spider_1/jnts/bindJnts/spider/b_spider1/Bip00113/Bip001 Pelvis14/Bip001 Spine15/r_feeler_0365/r_feeler_1566"
  ],
  "_bindposes": [
    {
      "__type__": "cc.Mat4",
      "m00": -0.00763796316459775,
      "m01": -0.2664807438850403,
      "m02": 0.39495059847831726,
      "m03": 0,
      "m04": -0.44848451018333435,
      "m05": -0.12930026650428772,
      "m06": -0.09591470658779144,
      "m07": 0,
      "m08": 0.16081011295318604,
      "m09": -0.3732634484767914,
      "m10": -0.2487383484840393,
      "m11": 0,
      "m12": -0.08668698370456696,
      "m13": 0.8577003479003906,
      "m14": -0.010845493525266647,
      "m15": 1
    },
    {
      "__type__": "cc.Mat4",
      "m00": 0.28902867436408997,
      "m01": -0.015421338379383087,
      "m02": 0.3785247504711151,
      "m03": 0,
      "m04": -0.044966716319322586,
      "m05": -0.47414037585258484,
      "m06": 0.015018299221992493,
      "m07": 0,
      "m08": 0.3761606216430664,
      "m09": -0.04483012109994888,
      "m10": -0.2890498638153076,
      "m11": 0,
      "m12": -0.019765520468354225,
      "m13": 0.34473782777786255,
      "m14": -0.007600843440741301,
      "m15": 1
    },
    {
      "__type__": "cc.Mat4",
      "m00": 2.677948316431866e-7,
      "m01": -0.0000014223852531358716,
      "m02": 0.4765043258666992,
      "m03": 0,
      "m04": -0.011349980719387531,
      "m05": -0.47636911273002625,
      "m06": -0.0000014156030374579132,
      "m07": 0,
      "m08": 0.47636911273002625,
      "m09": -0.011349980719387531,
      "m10": -3.015990159838111e-7,
      "m11": 0,
      "m12": 0.1237671971321106,
      "m13": 0.44776082038879395,
      "m14": -0.006281786132603884,
      "m15": 1
    },
    {
      "__type__": "cc.Mat4",
      "m00": -2.895106945288717e-7,
      "m01": -0.001612519146874547,
      "m02": 0.47650158405303955,
      "m03": 0,
      "m04": 0.15592871606349945,
      "m05": -0.45026686787605286,
      "m06": -0.0015236441977322102,
      "m07": 0,
      "m08": 0.4502694606781006,
      "m09": 0.15592780709266663,
      "m10": 0.0005279456963762641,
      "m11": 0,
      "m12": -0.293714314699173,
      "m13": 0.39792901277542114,
      "m14": -0.004936852026730776,
      "m15": 1
    },
    {
      "__type__": "cc.Mat4",
      "m00": 0.45651066303253174,
      "m01": -0.08596876263618469,
      "m02": -0.10613004863262177,
      "m03": 0,
      "m04": -0.07216288149356842,
      "m05": -0.4661867320537567,
      "m06": 0.06722252070903778,
      "m07": 0,
      "m08": 0.11596003919839859,
      "m09": 0.04832940548658371,
      "m10": 0.45964515209198,
      "m11": 0,
      "m12": 0.014756817370653152,
      "m13": 0.35738199949264526,
      "m14": -0.041299719363451004,
      "m15": 1
    },
    {
      "__type__": "cc.Mat4",
      "m00": 0.06850387156009674,
      "m01": -0.255977988243103,
      "m02": 0.3960288465023041,
      "m03": 0,
      "m04": -0.4166305363178253,
      "m05": -0.22029562294483185,
      "m06": -0.07032330334186554,
      "m07": 0,
      "m08": 0.2208682894706726,
      "m09": -0.3361569046974182,
      "m10": -0.25548413395881653,
      "m11": 0,
      "m12": 0.029117215424776077,
      "m13": 0.8212501406669617,
      "m14": -0.010103053413331509,
      "m15": 1
    },
    {
      "__type__": "cc.Mat4",
      "m00": 0.2339012175798416,
      "m01": -0.14922431111335754,
      "m02": 0.38739994168281555,
      "m03": 0,
      "m04": -0.13145048916339874,
      "m05": -0.44839972257614136,
      "m06": -0.09335470199584961,
      "m07": 0,
      "m08": 0.39378583431243896,
      "m09": -0.06104489788413048,
      "m10": -0.26127105951309204,
      "m11": 0,
      "m12": -0.28875938057899475,
      "m13": 0.5911164283752441,
      "m14": 0.024278558790683746,
      "m15": 1
    },
    {
      "__type__": "cc.Mat4",
      "m00": 0.3020799160003662,
      "m01": 0.17968550324440002,
      "m02": 0.3217409551143646,
      "m03": 0,
      "m04": 0.25615882873535156,
      "m05": -0.4014642834663391,
      "m06": -0.016296179965138435,
      "m07": 0,
      "m08": 0.2649279236793518,
      "m09": 0.18329225480556488,
      "m10": -0.3511033356189728,
      "m11": 0,
      "m12": -0.34770435094833374,
      "m13": 0.16369110345840454,
      "m14": 0.05052971467375755,
      "m15": 1
    },
    {
      "__type__": "cc.Mat4",
      "m00": 0.009225056506693363,
      "m01": 0.26742658019065857,
      "m02": -0.3942769765853882,
      "m03": 0,
      "m04": -0.4479994773864746,
      "m05": -0.12928642332553864,
      "m06": -0.0981733575463295,
      "m07": 0,
      "m08": 0.1620737910270691,
      "m09": -0.3725912272930145,
      "m10": -0.24892602860927582,
      "m11": 0,
      "m12": -0.08705725520849228,
      "m13": 0.8576838374137878,
      "m14": -0.009176285937428474,
      "m15": 1
    },
    {
      "__type__": "cc.Mat4",
      "m00": -0.28929054737091064,
      "m01": 0.017354529350996017,
      "m02": -0.37824106216430664,
      "m03": 0,
      "m04": -0.04506293311715126,
      "m05": -0.47419872879981995,
      "m06": 0.01270829327404499,
      "m07": 0,
      "m08": 0.3759477138519287,
      "m09": -0.043485525995492935,
      "m10": -0.28953200578689575,
      "m11": 0,
      "m12": -0.019693277776241302,
      "m13": 0.3447754681110382,
      "m14": -0.005884593352675438,
      "m15": 1
    },
    {
      "__type__": "cc.Mat4",
      "m00": -0.4562531113624573,
      "m01": 0.08631916344165802,
      "m02": 0.10695107281208038,
      "m03": 0,
      "m04": -0.07212674617767334,
      "m05": -0.46601730585098267,
      "m06": 0.06842543184757233,
      "m07": 0,
      "m08": 0.11699256300926208,
      "m09": 0.049328576773405075,
      "m10": 0.45927757024765015,
      "m11": 0,
      "m12": 0.014751840382814407,
      "m13": 0.3572850823402405,
      "m14": -0.042131852358579636,
      "m15": 1
    },
    {
      "__type__": "cc.Mat4",
      "m00": -0.06711236387491226,
      "m01": 0.2572406232357025,
      "m02": -0.3954486846923828,
      "m03": 0,
      "m04": -0.4162796139717102,
      "m05": -0.22021858394145966,
      "m06": -0.07260539382696152,
      "m07": 0,
      "m08": 0.2219543606042862,
      "m09": -0.33524227142333984,
      "m10": -0.2557446360588074,
      "m11": 0,
      "m12": 0.02884775400161743,