{
  "__type__": "cc.SpriteFrame",
  "content": {
    "name": "TX_hitA02",
    "atlas": "",
    "rect": {
      "x": 21,
      "y": 13,
      "width": 87,
      "height": 94
    },
    "offset": {
      "x": 0.5,
      "y": 4
    },
    "originalSize": {
      "width": 128,
      "height": 128
    },
    "rotated": false,
    "capInsets": [
      0,
      0,
      0,
      0
    ],
    "vertices": {
      "rawPosition": [
        -43.5,
        -47,
        0,
        43.5,
        -47,
        0,
        -43.5,
        47,
        0,
        43.5,
        47,
        0
      ],
      "indexes": [
        0,
        1,
        2,
        2,
        1,
        3
      ],
      "uv": [
        21,
        115,
        108,
        115,
        21,
        21,
        108,
        21
      ],
      "nuv": [
        0.1640625,
        0.1640625,
        0.84375,
        0.1640625,
        0.1640625,
        0.8984375,
        0.84375,
        0.8984375
      ],
      "minPos": {
        "x": -43.5,
        "y": -47,
        "z": 0
      },
      "maxPos": {
        "x": 43.5,
        "y": 47,
        "z": 0
      }
    },
    "texture": "41081a76-7236-4b0f-bea3-a580c5893505@6c48a",
    "packable": true,
    "pixelsToUnit": 100,
    "pivot": {
      "x": 0.5,
      "y": 0.5
    },
    "meshType": 0
  }
}