{
  "__type__": "cc.SpriteFrame",
  "content": {
    "name": "TX_hitD02",
    "atlas": "",
    "rect": {
      "x": 35,
      "y": 3,
      "width": 88,
      "height": 116
    },
    "offset": {
      "x": 15,
      "y": 3
    },
    "originalSize": {
      "width": 128,
      "height": 128
    },
    "rotated": false,
    "capInsets": [
      0,
      0,
      0,
      0
    ],
    "vertices": {
      "rawPosition": [
        -44,
        -58,
        0,
        44,
        -58,
        0,
        -44,
        58,
        0,
        44,
        58,
        0
      ],
      "indexes": [
        0,
        1,
        2,
        2,
        1,
        3
      ],
      "uv": [
        35,
        125,
        123,
        125,
        35,
        9,
        123,
        9
      ],
      "nuv": [
        0.2734375,
        0.0703125,
        0.9609375,
        0.0703125,
        0.2734375,
        0.9765625,
        0.9609375,
        0.9765625
      ],
      "minPos": {
        "x": -44,
        "y": -58,
        "z": 0
      },
      "maxPos": {
        "x": 44,
        "y": 58,
        "z": 0
      }
    },
    "texture": "88c079bb-c933-472e-8e6d-0ad8bea8d962@6c48a",
    "packable": true,
    "pixelsToUnit": 100,
    "pivot": {
      "x": 0.5,
      "y": 0.5
    },
    "meshType": 0
  }
}