{
  "__type__": "cc.SpriteFrame",
  "content": {
    "name": "TX_hitE01",
    "atlas": "",
    "rect": {
      "x": 49,
      "y": 17,
      "width": 53,
      "height": 71
    },
    "offset": {
      "x": 11.5,
      "y": 11.5
    },
    "originalSize": {
      "width": 128,
      "height": 128
    },
    "rotated": false,
    "capInsets": [
      0,
      0,
      0,
      0
    ],
    "vertices": {
      "rawPosition": [
        -26.5,
        -35.5,
        0,
        26.5,
        -35.5,
        0,
        -26.5,
        35.5,
        0,
        26.5,
        35.5,
        0
      ],
      "indexes": [
        0,
        1,
        2,
        2,
        1,
        3
      ],
      "uv": [
        49,
        111,
        102,
        111,
        49,
        40,
        102,
        40
      ],
      "nuv": [
        0.3828125,
        0.3125,
        0.796875,
        0.3125,
        0.3828125,
        0.8671875,
        0.796875,
        0.8671875
      ],
      "minPos": {
        "x": -26.5,
        "y": -35.5,
        "z": 0
      },
      "maxPos": {
        "x": 26.5,
        "y": 35.5,
        "z": 0
      }
    },
    "texture": "88fd1936-79cf-4a4b-afa1-7fb59163c498@6c48a",
    "packable": true,
    "pixelsToUnit": 100,
    "pivot": {
      "x": 0.5,
      "y": 0.5
    },
    "meshType": 0
  }
}