{
  "__type__": "cc.SpriteFrame",
  "content": {
    "name": "TX_Bhuoyan1019",
    "atlas": "",
    "rect": {
      "x": 2,
      "y": 8,
      "width": 150,
      "height": 87
    },
    "offset": {
      "x": 1,
      "y": 0
    },
    "originalSize": {
      "width": 152,
      "height": 103
    },
    "rotated": false,
    "capInsets": [
      0,
      0,
      0,
      0
    ],
    "vertices": {
      "rawPosition": [
        -75,
        -43.5,
        0,
        75,
        -43.5,
        0,
        -75,
        43.5,
        0,
        75,
        43.5,
        0
      ],
      "indexes": [
        0,
        1,
        2,
        2,
        1,
        3
      ],
      "uv": [
        2,
        95,
        152,
        95,
        2,
        8,
        152,
        8
      ],
      "nuv": [
        0.013157894736842105,
        0.07766990291262135,
        1,
        0.07766990291262135,
        0.013157894736842105,
        0.9223300970873787,
        1,
        0.9223300970873787
      ],
      "minPos": {
        "x": -75,
        "y": -43.5,
        "z": 0
      },
      "maxPos": {
        "x": 75,
        "y": 43.5,
        "z": 0
      }
    },
    "texture": "2c4dc3ca-a324-4b6d-9540-dce86d0156dd@6c48a",
    "packable": true,
    "pixelsToUnit": 100,
    "pivot": {
      "x": 0.5,
      "y": 0.5
    },
    "meshType": 0
  }
}