{
  "__type__": "cc.SpriteFrame",
  "content": {
    "name": "UI_xiazai",
    "atlas": "",
    "rect": {
      "x": 12,
      "y": 91,
      "width": 233,
      "height": 75
    },
    "offset": {
      "x": 0.5,
      "y": -0.5
    },
    "originalSize": {
      "width": 256,
      "height": 256
    },
    "rotated": false,
    "capInsets": [
      0,
      0,
      0,
      0
    ],
    "vertices": {
      "rawPosition": [
        -116.5,
        -37.5,
        0,
        116.5,
        -37.5,
        0,
        -116.5,
        37.5,
        0,
        116.5,
        37.5,
        0
      ],
      "indexes": [
        0,
        1,
        2,
        2,
        1,
        3
      ],
      "uv": [
        12,
        165,
        245,
        165,
        12,
        90,
        245,
        90
      ],
      "nuv": [
        0.046875,
        0.3515625,
        0.95703125,
        0.3515625,
        0.046875,
        0.64453125,
        0.95703125,
        0.64453125
      ],
      "minPos": {
        "x": -116.5,
        "y": -37.5,
        "z": 0
      },
      "maxPos": {
        "x": 116.5,
        "y": 37.5,
        "z": 0
      }
    },
    "texture": "8b1b8016-1930-4646-b397-1521a363986b@6c48a",
    "packable": true,
    "pixelsToUnit": 100,
    "pivot": {
      "x": 0.5,
      "y": 0.5
    },
    "meshType": 0
  }
}