{
  "__type__": "cc.SpriteFrame",
  "content": {
    "name": "TX_dianliuWQ1007",
    "atlas": "",
    "rect": {
      "x": 24,
      "y": 46,
      "width": 84,
      "height": 38
    },
    "offset": {
      "x": 2,
      "y": -1
    },
    "originalSize": {
      "width": 128,
      "height": 128
    },
    "rotated": false,
    "capInsets": [
      0,
      0,
      0,
      0
    ],
    "vertices": {
      "rawPosition": [
        -42,
        -19,
        0,
        42,
        -19,
        0,
        -42,
        19,
        0,
        42,
        19,
        0
      ],
      "indexes": [
        0,
        1,
        2,
        2,
        1,
        3
      ],
      "uv": [
        24,
        82,
        108,
        82,
        24,
        44,
        108,
        44
      ],
      "nuv": [
        0.1875,
        0.34375,
        0.84375,
        0.34375,
        0.1875,
        0.640625,
        0.84375,
        0.640625
      ],
      "minPos": {
        "x": -42,
        "y": -19,
        "z": 0
      },
      "maxPos": {
        "x": 42,
        "y": 19,
        "z": 0
      }
    },
    "texture": "d9262b68-5853-4744-9a42-080918478ca7@6c48a",
    "packable": true,
    "pixelsToUnit": 100,
    "pivot": {
      "x": 0.5,
      "y": 0.5
    },
    "meshType": 0
  }
}