{
  "__type__": "cc.SpriteFrame",
  "content": {
    "name": "TX_Cdudan1016",
    "atlas": "",
    "rect": {
      "x": 20,
      "y": 56,
      "width": 108,
      "height": 51
    },
    "offset": {
      "x": 6.5,
      "y": -18
    },
    "originalSize": {
      "width": 135,
      "height": 127
    },
    "rotated": false,
    "capInsets": [
      0,
      0,
      0,
      0
    ],
    "vertices": {
      "rawPosition": [
        -54,
        -25.5,
        0,
        54,
        -25.5,
        0,
        -54,
        25.5,
        0,
        54,
        25.5,
        0
      ],
      "indexes": [
        0,
        1,
        2,
        2,
        1,
        3
      ],
      "uv": [
        20,
        71,
        128,
        71,
        20,
        20,
        128,
        20
      ],
      "nuv": [
        0.14814814814814814,
        0.15748031496062992,
        0.9481481481481482,
        0.15748031496062992,
        0.14814814814814814,
        0.5590551181102362,
        0.9481481481481482,
        0.5590551181102362
      ],
      "minPos": {
        "x": -54,
        "y": -25.5,
        "z": 0
      },
      "maxPos": {
        "x": 54,
        "y": 25.5,
        "z": 0
      }
    },
    "texture": "fbe771d6-dbf6-4dcc-959d-d9b8dda441db@6c48a",
    "packable": true,
    "pixelsToUnit": 100,
    "pivot": {
      "x": 0.5,
      "y": 0.5
    },
    "meshType": 0
  }
}