{
  "__type__": "cc.Skeleton",
  "_name": "Skin-4",
  "_objFlags": 0,
  "__editorExtras__": {},
  "_native": "",
  "_joints": [
    "Bip001/Bip001 Pelvis/Bip001 Spine",
    "Bip001/Bip001 Pelvis/Bip001 Spine/Bip001 R Thigh",
    "Bip001/Bip001 Pelvis/Bip001 Spine/Bip001 L Thigh",
    "Bip001/Bip001 Pelvis/Bip001 Spine/Bip001 Spine1/Bip001 Neck/Bip001 Head",
    "Bip001/Bip001 Pelvis/Bip001 Spine/Bip001 Spine1",
    "Bip001/Bip001 Pelvis/Bip001 Spine/Bip001 Spine1/Bip001 Neck/Bip001 L Clavicle/Bip001 L UpperArm",
    "Bip001/Bip001 Pelvis/Bip001 Spine/Bip001 Spine1/Bip001 Neck/Bip001 L Clavicle/Bip001 L UpperArm/Bip001 L Forearm",
    "Bip001/Bip001 Pelvis/Bip001 Spine/Bip001 Spine1/Bip001 Neck/Bip001 L Clavicle/Bip001 L UpperArm/Bip001 L Forearm/Bip001 L Hand",
    "Bip001/Bip001 Pelvis/Bip001 Spine/Bip001 L Thigh/Bip001 L Calf",
    "Bip001/Bip001 Pelvis/Bip001 Spine/Bip001 L Thigh/Bip001 L Calf/Bip001 L Foot",
    "Bip001/Bip001 Pelvis",
    "Bip001/Bip001 Pelvis/Bip001 Spine/Bip001 Spine1/Bip001 Neck/Bip001 R Clavicle/Bip001 R UpperArm",
    "Bip001/Bip001 Pelvis/Bip001 Spine/Bip001 Spine1/Bip001 Neck/Bip001 R Clavicle/Bip001 R UpperArm/Bip001 R Forearm",
    "Bip001/Bip001 Pelvis/Bip001 Spine/Bip001 Spine1/Bip001 Neck/Bip001 R Clavicle/Bip001 R UpperArm/Bip001 R Forearm/Bip001 R Hand",
    "Bip001/Bip001 Pelvis/Bip001 Spine/Bip001 R Thigh/Bip001 R Calf",
    "Bip001/Bip001 Pelvis/Bip001 Spine/Bip001 R Thigh/Bip001 R Calf/Bip001 R Foot"
  ],
  "_bindposes": [
    {
      "__type__": "cc.Mat4",
      "m00": 0.0000014596815844925004,
      "m01": -0.0000014983692153691663,
      "m02": 1.0000001192092896,
      "m03": 0,
      "m04": 0.9999996423721313,
      "m05": -0.0007977827335707843,
      "m06": -0.0000014608768879043055,
      "m07": 0,
      "m08": 0.0007977825589478016,
      "m09": 0.9999998211860657,
      "m10": 0.000001497204266343033,
      "m11": 0,
      "m12": 0.14721260964870453,
      "m13": 0.14245811104774475,
      "m14": 0.0734180361032486,
      "m15": 1
    },
    {
      "__type__": "cc.Mat4",
      "m00": -0.0000017539513237352367,
      "m01": 0.0000011925773151233443,
      "m02": -1.0000001192092896,
      "m03": 0,
      "m04": -0.9998374581336975,
      "m05": 0.018031388521194458,
      "m06": 0.0000017751701761881122,
      "m07": 0,
      "m08": 0.01803138479590416,
      "m09": 0.9998376369476318,
      "m10": 0.000001160757165052928,
      "m11": 0,
      "m12": -0.18218331038951874,
      "m13": 0.16833151876926422,
      "m14": -0.20718926191329956,
      "m15": 1
    },
    {
      "__type__": "cc.Mat4",
      "m00": -0.0000014876538898533909,
      "m01": 0.0000011925997114303755,
      "m02": -1.0000001192092896,
      "m03": 0,
      "m04": -0.9998371601104736,
      "m05": 0.018044164404273033,
      "m06": 0.0000015089315184013685,
      "m07": 0,
      "m08": 0.018044164404273033,
      "m09": 0.9998372197151184,
      "m10": 0.0000011655622529360699,
      "m11": 0,
      "m12": -0.18218110501766205,
      "m13": 0.16833384335041046,
      "m14": 0.060354046523571014,
      "m15": 1
    },
    {
      "__type__": "cc.Mat4",
      "m00": 0.000001376994305246626,
      "m01": -0.0000014971715245337691,
      "m02": 1.0000001192092896,
      "m03": 0,
      "m04": 1,
      "m05": 4.371345596609899e-8,
      "m06": -0.0000013769945326203015,
      "m07": 0,
      "m08": -4.371138828673793e-8,
      "m09": 1.0000001192092896,
      "m10": 0.0000014971715245337691,
      "m11": 0,
      "m12": -0.23170651495456696,
      "m13": 0.1659954935312271,
      "m14": 0.073418028652668,
      "m15": 1
    },
    {
      "__type__": "cc.Mat4",
      "m00": 0.0000015788909877301194,
      "m01": -0.000001498298274782428,
      "m02": 1.0000001192092896,
      "m03": 0,
      "m04": 0.9999996423721313,
      "m05": -0.0007977827335707843,
      "m06": -0.0000015800861774550867,
      "m07": 0,
      "m08": 0.0007977825589478016,
      "m09": 0.9999998211860657,
      "m10": 0.0000014970382835599594,
      "m11": 0,
      "m12": -0.042098574340343475,
      "m13": 0.14260266721248627,
      "m14": 0.0734180435538292,
      "m15": 1
    },
    {
      "__type__": "cc.Mat4",
      "m00": 0.46197760105133057,
      "m01": 0.04243655875325203,
      "m02": 0.8858758211135864,
      "m03": 0,
      "m04": -0.8868898749351501,
      "m05": 0.024060934782028198,
      "m06": 0.46135392785072327,
      "m07": 0,
      "m08": -0.0017367254476994276,
      "m09": -0.9988096952438354,
      "m10": 0.048752158880233765,
      "m11": 0,
      "m12": 0.03747672960162163,
      "m13": -0.16671890020370483,
      "m14": -0.2811918258666992,
      "m15": 1
    },
    {
      "__type__": "cc.Mat4",
      "m00": 0.4560411870479584,
      "m01": 0.08515091240406036,
      "m02": 0.8858758211135864,
      "m03": 0,
      "m04": -0.8852924108505249,
      "m05": -0.05839667469263077,
      "m06": 0.46135395765304565,
      "m07": 0,
      "m08": 0.09101689606904984,
      "m09": -0.994655430316925,
      "m10": 0.048752158880233765,
      "m11": 0,
      "m12": -0.17648789286613464,
      "m13": -0.18390150368213654,
      "m14": -0.2811918258666992,
      "m15": 1
    },
    {
      "__type__": "cc.Mat4",
      "m00": 0.45604124665260315,
      "m01": -0.8858075737953186,
      "m02": 0.08585616946220398,
      "m03": 0,
      "m04": -0.8852921724319458,
      "m05": -0.4614003896713257,
      "m06": -0.058029334992170334,
      "m07": 0,
      "m08": 0.09101688861846924,
      "m09": -0.04954402148723602,
      "m10": -0.9946162700653076,
      "m11": 0,
      "m12": -0.38960936665534973,
      "m13": 0.28104522824287415,
      "m14": -0.18412530422210693,
      "m15": 1
    },
    {
      "__type__": "cc.Mat4",
      "m00": -0.0000014983700111770304,
      "m01": 0.0000011791074712164118,
      "m02": -1.000000238418579,
      "m03": 0,
      "m04": -0.999959409236908,
      "m05": 0.009008482098579407,
      "m06": 0.0000015089315184013685,
      "m07": 0,
      "m08": 0.009008481167256832,
      "m09": 0.9999594688415527,
      "m10": 0.000001165561798188719,
      "m11": 0,
      "m12": -0.47393494844436646,
      "m13": 0.1640578806400299,
      "m14": 0.06035406515002251,
      "m15": 1
    },
    {
      "__type__": "cc.Mat4",
      "m00": -0.0000013526475868275156,
      "m01": 0.0000011083930075983517,
      "m02": -1.000000238418579,
      "m03": 0,
      "m04": -0.9999998807907104,
      "m05": -0.000039373935578623787,
      "m06": 0.0000013526044995160191,
      "m07": 0,
      "m08": -0.00003937392830266617,
      "m09": 1,
      "m10": 0.0000011084464404120808,
      "m11": 0,
      "m12": -0.6087433695793152,
      "m13": 0.15855653584003448,
      "m14": 0.06035395711660385,
      "m15": 1
    },
    {
      "__type__": "cc.Mat4",
      "m00": 0.0000014653905964223668,
      "m01": 0.0000026631614673533477,
      "m02": 1.0000001192092896,
      "m03": 0,
      "m04": 1,
      "m05": 4.3707490959832285e-8,
      "m06": -0.0000014653908237960422,
      "m07": 0,
      "m08": -4.371138828673793e-8,
      "m09": 1.0000001192092896,
      "m10": -0.0000026631614673533477,
      "m11": 0,
      "m12": 0.185188889503479,
      "m13": 0.16501927375793457,
      "m14": 0.07341738045215607,
      "m15": 1
    },
    {
      "__type__": "cc.Mat4",
      "m00": -0.4619801342487335,
      "m01": -0.042437002062797546,
      "m02": 0.8858743906021118,
      "m03": 0,
      "m04": -0.8868884444236755,
      "m05": 0.02406500279903412,
      "m06": -0.4613562822341919,
      "m07": 0,
      "m08": -0.0017399927601218224,
      "m09": -0.9988094568252563,
      "m10": -0.048754435032606125,
      "m11": 0,
      "m12": -0.0303588155657053,
      "m13": -0.17295010387897491,
      "m14": 0.41126933693885803,
      "m15": 1
    },
    {
      "__type__": "cc.Mat4",
      "m00": -0.4560425579547882,
      "m01": -0.0851571336388588,
      "m02": 0.8858743906021118,
      "m03": 0,
      "m04": -0.8852905035018921,