{
  "__type__": "cc.Skeleton",
  "_name": "Skin-3",
  "_objFlags": 0,
  "__editorExtras__": {},
  "_native": "",
  "_joints": [
    "Group/DeformationSystem/Root_M/Body_L"
  ],
  "_bindposes": [
    {
      "__type__": "cc.Mat4",
      "m00": -0.20142428576946259,
      "m01": 0.5364812612533569,
      "m02": 0.8195219039916992,
      "m03": 0,
      "m04": 0.6610614657402039,
      "m05": 0.6918465495109558,
      "m06": -0.29042407870292664,
      "m07": 0,
      "m08": -0.7227904796600342,
      "m09": 0.48325586318969727,
      "m10": -0.4940017759799957,
      "m11": 0,
      "m12": 0.0007653682841919363,
      "m13": 0.02921905182301998,
      "m14": 0.00021619971084874123,
      "m15": 1
    }
  ],
  "_hash": 240950727
}