{
  "__type__": "cc.SpriteFrame",
  "content": {
    "name": "TX_sashui1012",
    "atlas": "",
    "rect": {
      "x": 31,
      "y": 47,
      "width": 75,
      "height": 64
    },
    "offset": {
      "x": 4.5,
      "y": -15
    },
    "originalSize": {
      "width": 128,
      "height": 128
    },
    "rotated": false,
    "capInsets": [
      0,
      0,
      0,
      0
    ],
    "vertices": {
      "rawPosition": [
        -37.5,
        -32,
        0,
        37.5,
        -32,
        0,
        -37.5,
        32,
        0,
        37.5,
        32,
        0
      ],
      "indexes": [
        0,
        1,
        2,
        2,
        1,
        3
      ],
      "uv": [
        31,
        81,
        106,
        81,
        31,
        17,
        106,
        17
      ],
      "nuv": [
        0.2421875,
        0.1328125,
        0.828125,
        0.1328125,
        0.2421875,
        0.6328125,
        0.828125,
        0.6328125
      ],
      "minPos": {
        "x": -37.5,
        "y": -32,
        "z": 0
      },
      "maxPos": {
        "x": 37.5,
        "y": 32,
        "z": 0
      }
    },
    "texture": "46a0e29f-7c24-480b-9e86-17de6da478d0@6c48a",
    "packable": true,
    "pixelsToUnit": 100,
    "pivot": {
      "x": 0.5,
      "y": 0.5
    },
    "meshType": 0
  }
}