{
  "__type__": "cc.SpriteFrame",
  "content": {
    "name": "TX_dianliuWQ1001",
    "atlas": "",
    "rect": {
      "x": 24,
      "y": 48,
      "width": 81,
      "height": 34
    },
    "offset": {
      "x": 0.5,
      "y": -1
    },
    "originalSize": {
      "width": 128,
      "height": 128
    },
    "rotated": false,
    "capInsets": [
      0,
      0,
      0,
      0
    ],
    "vertices": {
      "rawPosition": [
        -40.5,
        -17,
        0,
        40.5,
        -17,
        0,
        -40.5,
        17,
        0,
        40.5,
        17,
        0
      ],
      "indexes": [
        0,
        1,
        2,
        2,
        1,
        3
      ],
      "uv": [
        24,
        80,
        105,
        80,
        24,
        46,
        105,
        46
      ],
      "nuv": [
        0.1875,
        0.359375,
        0.8203125,
        0.359375,
        0.1875,
        0.625,
        0.8203125,
        0.625
      ],
      "minPos": {
        "x": -40.5,
        "y": -17,
        "z": 0
      },
      "maxPos": {
        "x": 40.5,
        "y": 17,
        "z": 0
      }
    },
    "texture": "46ccfc6e-37a7-4876-8c67-af6cec0d5cc3@6c48a",
    "packable": true,
    "pixelsToUnit": 100,
    "pivot": {
      "x": 0.5,
      "y": 0.5
    },
    "meshType": 0
  }
}