{
  "__type__": "cc.SpriteFrame",
  "content": {
    "name": "TX_Eshandian1013",
    "atlas": "",
    "rect": {
      "x": 6,
      "y": 51,
      "width": 61,
      "height": 57
    },
    "offset": {
      "x": 3,
      "y": -19.5
    },
    "originalSize": {
      "width": 67,
      "height": 120
    },
    "rotated": false,
    "capInsets": [
      0,
      0,
      0,
      0
    ],
    "vertices": {
      "rawPosition": [
        -30.5,
        -28.5,
        0,
        30.5,
        -28.5,
        0,
        -30.5,
        28.5,
        0,
        30.5,
        28.5,
        0
      ],
      "indexes": [
        0,
        1,
        2,
        2,
        1,
        3
      ],
      "uv": [
        6,
        69,
        67,
        69,
        6,
        12,
        67,
        12
      ],
      "nuv": [
        0.08955223880597014,
        0.1,
        1,
        0.1,
        0.08955223880597014,
        0.575,
        1,
        0.575
      ],
      "minPos": {
        "x": -30.5,
        "y": -28.5,
        "z": 0
      },
      "maxPos": {
        "x": 30.5,
        "y": 28.5,
        "z": 0
      }
    },
    "texture": "e15a957c-a077-406e-a5de-fd10eb8c61c9@6c48a",
    "packable": true,
    "pixelsToUnit": 100,
    "pivot": {
      "x": 0.5,
      "y": 0.5
    },
    "meshType": 0
  }
}