{
  "__type__": "cc.SpriteFrame",
  "content": {
    "name": "TX_sashui1004",
    "atlas": "",
    "rect": {
      "x": 29,
      "y": 50,
      "width": 65,
      "height": 60
    },
    "offset": {
      "x": -2.5,
      "y": -16
    },
    "originalSize": {
      "width": 128,
      "height": 128
    },
    "rotated": false,
    "capInsets": [
      0,
      0,
      0,
      0
    ],
    "vertices": {
      "rawPosition": [
        -32.5,
        -30,
        0,
        32.5,
        -30,
        0,
        -32.5,
        30,
        0,
        32.5,
        30,
        0
      ],
      "indexes": [
        0,
        1,
        2,
        2,
        1,
        3
      ],
      "uv": [
        29,
        78,
        94,
        78,
        29,
        18,
        94,
        18
      ],
      "nuv": [
        0.2265625,
        0.140625,
        0.734375,
        0.140625,
        0.2265625,
        0.609375,
        0.734375,
        0.609375
      ],
      "minPos": {
        "x": -32.5,
        "y": -30,
        "z": 0
      },
      "maxPos": {
        "x": 32.5,
        "y": 30,
        "z": 0
      }
    },
    "texture": "d6726df0-6085-4ea9-b451-358bd92c7f39@6c48a",
    "packable": true,
    "pixelsToUnit": 100,
    "pivot": {
      "x": 0.5,
      "y": 0.5
    },
    "meshType": 0
  }
}