{
  "__type__": "cc.SpriteFrame",
  "content": {
    "name": "UI_L_jiesuan",
    "atlas": "",
    "rect": {
      "x": 2,
      "y": 6,
      "width": 312,
      "height": 169
    },
    "offset": {
      "x": -2,
      "y": -0.5
    },
    "originalSize": {
      "width": 320,
      "height": 180
    },
    "rotated": false,
    "capInsets": [
      0,
      0,
      0,
      0
    ],
    "vertices": {
      "rawPosition": [
        -156,
        -84.5,
        0,
        156,
        -84.5,
        0,
        -156,
        84.5,
        0,
        156,
        84.5,
        0
      ],
      "indexes": [
        0,
        1,
        2,
        2,
        1,
        3
      ],
      "uv": [
        2,
        174,
        314,
        174,
        2,
        5,
        314,
        5
      ],
      "nuv": [
        0.00625,
        0.027777777777777776,
        0.98125,
        0.027777777777777776,
        0.00625,
        0.9666666666666667,
        0.98125,
        0.9666666666666667
      ],
      "minPos": {
        "x": -156,
        "y": -84.5,
        "z": 0
      },
      "maxPos": {
        "x": 156,
        "y": 84.5,
        "z": 0
      }
    },
    "texture": "ba94c7d3-b704-41f3-815c-7cd18ed4a42b@6c48a",
    "packable": true,
    "pixelsToUnit": 100,
    "pivot": {
      "x": 0.5,
      "y": 0.5
    },
    "meshType": 0
  }
}