{
  "__type__": "cc.SpriteFrame",
  "content": {
    "name": "TX_shengjiLZ1003",
    "atlas": "",
    "rect": {
      "x": 34,
      "y": 1,
      "width": 74,
      "height": 114
    },
    "offset": {
      "x": 7,
      "y": 6
    },
    "originalSize": {
      "width": 128,
      "height": 128
    },
    "rotated": false,
    "capInsets": [
      0,
      0,
      0,
      0
    ],
    "vertices": {
      "rawPosition": [
        -37,
        -57,
        0,
        37,
        -57,
        0,
        -37,
        57,
        0,
        37,
        57,
        0
      ],
      "indexes": [
        0,
        1,
        2,
        2,
        1,
        3
      ],
      "uv": [
        34,
        127,
        108,
        127,
        34,
        13,
        108,
        13
      ],
      "nuv": [
        0.265625,
        0.1015625,
        0.84375,
        0.1015625,
        0.265625,
        0.9921875,
        0.84375,
        0.9921875
      ],
      "minPos": {
        "x": -37,
        "y": -57,
        "z": 0
      },
      "maxPos": {
        "x": 37,
        "y": 57,
        "z": 0
      }
    },
    "texture": "e64fe29c-a81f-4da3-81b6-27e137765afb@6c48a",
    "packable": true,
    "pixelsToUnit": 100,
    "pivot": {
      "x": 0.5,
      "y": 0.5
    },
    "meshType": 0
  }
}