{
  "__type__": "cc.SpriteFrame",
  "content": {
    "name": "yumi",
    "atlas": "",
    "rect": {
      "x": 10,
      "y": 11,
      "width": 83,
      "height": 75
    },
    "offset": {
      "x": 0.5,
      "y": -5.5
    },
    "originalSize": {
      "width": 102,
      "height": 86
    },
    "rotated": false,
    "capInsets": [
      0,
      0,
      0,
      0
    ],
    "vertices": {
      "rawPosition": [
        -41.5,
        -37.5,
        0,
        41.5,
        -37.5,
        0,
        -41.5,
        37.5,
        0,
        41.5,
        37.5,
        0
      ],
      "indexes": [
        0,
        1,
        2,
        2,
        1,
        3
      ],
      "uv": [
        10,
        75,
        93,
        75,
        10,
        0,
        93,
        0
      ],
      "nuv": [
        0.09803921568627451,
        0,
        0.9117647058823529,
        0,
        0.09803921568627451,
        0.872093023255814,
        0.9117647058823529,
        0.872093023255814
      ],
      "minPos": {
        "x": -41.5,
        "y": -37.5,
        "z": 0
      },
      "maxPos": {
        "x": 41.5,
        "y": 37.5,
        "z": 0
      }
    },
    "texture": "9007fb44-604b-4436-b878-6429b6b1455f@6c48a",
    "packable": true,
    "pixelsToUnit": 100,
    "pivot": {
      "x": 0.5,
      "y": 0.5
    },
    "meshType": 0
  }
}