{
  "__type__": "cc.SpriteFrame",
  "content": {
    "name": "DJCstagbeetle_R_1013",
    "atlas": "",
    "rect": {
      "x": 27,
      "y": 42,
      "width": 79,
      "height": 55
    },
    "offset": {
      "x": 2.5,
      "y": -5.5
    },
    "originalSize": {
      "width": 128,
      "height": 128
    },
    "rotated": false,
    "capInsets": [
      0,
      0,
      0,
      0
    ],
    "vertices": {
      "rawPosition": [
        -39.5,
        -27.5,
        0,
        39.5,
        -27.5,
        0,
        -39.5,
        27.5,
        0,
        39.5,
        27.5,
        0
      ],
      "indexes": [
        0,
        1,
        2,
        2,
        1,
        3
      ],
      "uv": [
        27,
        86,
        106,
        86,
        27,
        31,
        106,
        31
      ],
      "nuv": [
        0.2109375,
        0.2421875,
        0.828125,
        0.2421875,
        0.2109375,
        0.671875,
        0.828125,
        0.671875
      ],
      "minPos": {
        "x": -39.5,
        "y": -27.5,
        "z": 0
      },
      "maxPos": {
        "x": 39.5,
        "y": 27.5,
        "z": 0
      }
    },
    "texture": "4fe0eb6b-7cb8-441d-bce2-fe1d35c6b133@6c48a",
    "packable": true,
    "pixelsToUnit": 100,
    "pivot": {
      "x": 0.5,
      "y": 0.5
    },
    "meshType": 0
  }
}