{
  "__type__": "cc.SpriteFrame",
  "content": {
    "name": "TX_Attack1007",
    "atlas": "",
    "rect": {
      "x": 11,
      "y": 18,
      "width": 53,
      "height": 42
    },
    "offset": {
      "x": 5.5,
      "y": -7
    },
    "originalSize": {
      "width": 64,
      "height": 64
    },
    "rotated": false,
    "capInsets": [
      0,
      0,
      0,
      0
    ],
    "vertices": {
      "rawPosition": [
        -26.5,
        -21,
        0,
        26.5,
        -21,
        0,
        -26.5,
        21,
        0,
        26.5,
        21,
        0
      ],
      "indexes": [
        0,
        1,
        2,
        2,
        1,
        3
      ],
      "uv": [
        11,
        46,
        64,
        46,
        11,
        4,
        64,
        4
      ],
      "nuv": [
        0.171875,
        0.0625,
        1,
        0.0625,
        0.171875,
        0.71875,
        1,
        0.71875
      ],
      "minPos": {
        "x": -26.5,
        "y": -21,
        "z": 0
      },
      "maxPos": {
        "x": 26.5,
        "y": 21,
        "z": 0
      }
    },
    "texture": "abbef4d9-3f84-4904-9983-280023631b72@6c48a",
    "packable": true,
    "pixelsToUnit": 100,
    "pivot": {
      "x": 0.5,
      "y": 0.5
    },
    "meshType": 0
  }
}