{
  "__type__": "cc.SpriteFrame",
  "content": {
    "name": "UI_xiaohua02",
    "atlas": "",
    "rect": {
      "x": 28,
      "y": 25,
      "width": 47,
      "height": 337
    },
    "offset": {
      "x": 0,
      "y": 23
    },
    "originalSize": {
      "width": 103,
      "height": 433
    },
    "rotated": false,
    "capInsets": [
      6,
      0,
      9,
      21
    ],
    "vertices": {
      "rawPosition": [
        -23.5,
        -168.5,
        0,
        23.5,
        -168.5,
        0,
        -23.5,
        168.5,
        0,
        23.5,
        168.5,
        0
      ],
      "indexes": [
        0,
        1,
        2,
        2,
        1,
        3
      ],
      "uv": [
        28,
        408,
        75,
        408,
        28,
        71,
        75,
        71
      ],
      "nuv": [
        0.27184466019417475,
        0.16397228637413394,
        0.7281553398058253,
        0.16397228637413394,
        0.27184466019417475,
        0.9422632794457275,
        0.7281553398058253,
        0.9422632794457275
      ],
      "minPos": {
        "x": -23.5,
        "y": -168.5,
        "z": 0
      },
      "maxPos": {
        "x": 23.5,
        "y": 168.5,
        "z": 0
      }
    },
    "texture": "7e82dcfe-3028-434b-9711-8707e2f56a76@6c48a",
    "packable": true,
    "pixelsToUnit": 100,
    "pivot": {
      "x": 0.5,
      "y": 0.5
    },
    "meshType": 0
  }
}