{
  "__type__": "cc.SpriteFrame",
  "content": {
    "name": "bomb_00115",
    "atlas": "",
    "rect": {
      "x": 141,
      "y": 145,
      "width": 511,
      "height": 403
    },
    "offset": {
      "x": -3.5,
      "y": 53.5
    },
    "originalSize": {
      "width": 800,
      "height": 800
    },
    "rotated": false,
    "capInsets": [
      0,
      0,
      0,
      0
    ],
    "vertices": {
      "rawPosition": [
        -255.5,
        -201.5,
        0,
        255.5,
        -201.5,
        0,
        -255.5,
        201.5,
        0,
        255.5,
        201.5,
        0
      ],
      "indexes": [
        0,
        1,
        2,
        2,
        1,
        3
      ],
      "uv": [
        141,
        655,
        652,
        655,
        141,
        252,
        652,
        252
      ],
      "nuv": [
        0.17625,
        0.315,
        0.815,
        0.315,
        0.17625,
        0.81875,
        0.815,
        0.81875
      ],
      "minPos": {
        "x": -255.5,
        "y": -201.5,
        "z": 0
      },
      "maxPos": {
        "x": 255.5,
        "y": 201.5,
        "z": 0
      }
    },
    "texture": "5f7ad77e-c37f-4bda-97d3-28fa514b0e92@6c48a",
    "packable": true,
    "pixelsToUnit": 100,
    "pivot": {
      "x": 0.5,
      "y": 0.5
    },
    "meshType": 0
  }
}