{
  "__type__": "cc.SpriteFrame",
  "content": {
    "name": "bomb_00114",
    "atlas": "",
    "rect": {
      "x": 157,
      "y": 149,
      "width": 474,
      "height": 395
    },
    "offset": {
      "x": -6,
      "y": 53.5
    },
    "originalSize": {
      "width": 800,
      "height": 800
    },
    "rotated": false,
    "capInsets": [
      0,
      0,
      0,
      0
    ],
    "vertices": {
      "rawPosition": [
        -237,
        -197.5,
        0,
        237,
        -197.5,
        0,
        -237,
        197.5,
        0,
        237,
        197.5,
        0
      ],
      "indexes": [
        0,
        1,
        2,
        2,
        1,
        3
      ],
      "uv": [
        157,
        651,
        631,
        651,
        157,
        256,
        631,
        256
      ],
      "nuv": [
        0.19625,
        0.32,
        0.78875,
        0.32,
        0.19625,
        0.81375,
        0.78875,
        0.81375
      ],
      "minPos": {
        "x": -237,
        "y": -197.5,
        "z": 0
      },
      "maxPos": {
        "x": 237,
        "y": 197.5,
        "z": 0
      }
    },
    "texture": "5fbcb962-df7e-45e1-91d1-9d84c71457f8@6c48a",
    "packable": true,
    "pixelsToUnit": 100,
    "pivot": {
      "x": 0.5,
      "y": 0.5
    },
    "meshType": 0
  }
}