{
  "__type__": "cc.SpriteFrame",
  "content": {
    "name": "bomb_00122",
    "atlas": "",
    "rect": {
      "x": 235,
      "y": 205,
      "width": 505,
      "height": 332
    },
    "offset": {
      "x": 87.5,
      "y": 29
    },
    "originalSize": {
      "width": 800,
      "height": 800
    },
    "rotated": false,
    "capInsets": [
      0,
      0,
      0,
      0
    ],
    "vertices": {
      "rawPosition": [
        -252.5,
        -166,
        0,
        252.5,
        -166,
        0,
        -252.5,
        166,
        0,
        252.5,
        166,
        0
      ],
      "indexes": [
        0,
        1,
        2,
        2,
        1,
        3
      ],
      "uv": [
        235,
        595,
        740,
        595,
        235,
        263,
        740,
        263
      ],
      "nuv": [
        0.29375,
        0.32875,
        0.925,
        0.32875,
        0.29375,
        0.74375,
        0.925,
        0.74375
      ],
      "minPos": {
        "x": -252.5,
        "y": -166,
        "z": 0
      },
      "maxPos": {
        "x": 252.5,
        "y": 166,
        "z": 0
      }
    },
    "texture": "462d0edd-2397-4e03-ae31-24291c2e2813@6c48a",
    "packable": true,
    "pixelsToUnit": 100,
    "pivot": {
      "x": 0.5,
      "y": 0.5
    },
    "meshType": 0
  }
}