{
  "__type__": "cc.SpriteFrame",
  "content": {
    "name": "TX_Bhuoyan1022",
    "atlas": "",
    "rect": {
      "x": 25,
      "y": 72,
      "width": 187,
      "height": 112
    },
    "offset": {
      "x": -9.5,
      "y": 0
    },
    "originalSize": {
      "width": 256,
      "height": 256
    },
    "rotated": false,
    "capInsets": [
      0,
      0,
      0,
      0
    ],
    "vertices": {
      "rawPosition": [
        -93.5,
        -56,
        0,
        93.5,
        -56,
        0,
        -93.5,
        56,
        0,
        93.5,
        56,
        0
      ],
      "indexes": [
        0,
        1,
        2,
        2,
        1,
        3
      ],
      "uv": [
        25,
        184,
        212,
        184,
        25,
        72,
        212,
        72
      ],
      "nuv": [
        0.09765625,
        0.28125,
        0.828125,
        0.28125,
        0.09765625,
        0.71875,
        0.828125,
        0.71875
      ],
      "minPos": {
        "x": -93.5,
        "y": -56,
        "z": 0
      },
      "maxPos": {
        "x": 93.5,
        "y": 56,
        "z": 0
      }
    },
    "texture": "89b816c2-6bdc-4539-abe1-5288f501cc36@6c48a",
    "packable": true,
    "pixelsToUnit": 100,
    "pivot": {
      "x": 0.5,
      "y": 0.5
    },
    "meshType": 0
  }
}