{
  "__type__": "cc.SpriteFrame",
  "content": {
    "name": "TX_shengjiLZ1006",
    "atlas": "",
    "rect": {
      "x": 34,
      "y": 16,
      "width": 74,
      "height": 93
    },
    "offset": {
      "x": 7,
      "y": 1.5
    },
    "originalSize": {
      "width": 128,
      "height": 128
    },
    "rotated": false,
    "capInsets": [
      0,
      0,
      0,
      0
    ],
    "vertices": {
      "rawPosition": [
        -37,
        -46.5,
        0,
        37,
        -46.5,
        0,
        -37,
        46.5,
        0,
        37,
        46.5,
        0
      ],
      "indexes": [
        0,
        1,
        2,
        2,
        1,
        3
      ],
      "uv": [
        34,
        112,
        108,
        112,
        34,
        19,
        108,
        19
      ],
      "nuv": [
        0.265625,
        0.1484375,
        0.84375,
        0.1484375,
        0.265625,
        0.875,
        0.84375,
        0.875
      ],
      "minPos": {
        "x": -37,
        "y": -46.5,
        "z": 0
      },
      "maxPos": {
        "x": 37,
        "y": 46.5,
        "z": 0
      }
    },
    "texture": "299da496-7153-4772-8819-9bace671e060@6c48a",
    "packable": true,
    "pixelsToUnit": 100,
    "pivot": {
      "x": 0.5,
      "y": 0.5
    },
    "meshType": 0
  }
}