{
  "__type__": "cc.SpriteFrame",
  "content": {
    "name": "UI_xuetiao01_di",
    "atlas": "",
    "rect": {
      "x": 0,
      "y": 3,
      "width": 61,
      "height": 9
    },
    "offset": {
      "x": 0,
      "y": -1
    },
    "originalSize": {
      "width": 61,
      "height": 13
    },
    "rotated": false,
    "capInsets": [
      61,
      9,
      0,
      0
    ],
    "vertices": {
      "rawPosition": [
        -30.5,
        -4.5,
        0,
        30.5,
        -4.5,
        0,
        -30.5,
        4.5,
        0,
        30.5,
        4.5,
        0
      ],
      "indexes": [
        0,
        1,
        2,
        2,
        1,
        3
      ],
      "uv": [
        0,
        10,
        61,
        10,
        0,
        1,
        61,
        1
      ],
      "nuv": [
        0,
        0.07692307692307693,
        1,
        0.07692307692307693,
        0,
        0.7692307692307693,
        1,
        0.7692307692307693
      ],
      "minPos": {
        "x": -30.5,
        "y": -4.5,
        "z": 0
      },
      "maxPos": {
        "x": 30.5,
        "y": 4.5,
        "z": 0
      }
    },
    "texture": "a460c7fd-8935-4ddb-ba0f-c823659151bc@6c48a",
    "packable": true,
    "pixelsToUnit": 100,
    "pivot": {
      "x": 0.5,
      "y": 0.5
    },
    "meshType": 0
  }
}