{
  "__type__": "cc.SpriteFrame",
  "content": {
    "name": "bomb_00108",
    "atlas": "",
    "rect": {
      "x": 204,
      "y": 154,
      "width": 387,
      "height": 385
    },
    "offset": {
      "x": -2.5,
      "y": 53.5
    },
    "originalSize": {
      "width": 800,
      "height": 800
    },
    "rotated": false,
    "capInsets": [
      0,
      0,
      0,
      0
    ],
    "vertices": {
      "rawPosition": [
        -193.5,
        -192.5,
        0,
        193.5,
        -192.5,
        0,
        -193.5,
        192.5,
        0,
        193.5,
        192.5,
        0
      ],
      "indexes": [
        0,
        1,
        2,
        2,
        1,
        3
      ],
      "uv": [
        204,
        646,
        591,
        646,
        204,
        261,
        591,
        261
      ],
      "nuv": [
        0.255,
        0.32625,
        0.73875,
        0.32625,
        0.255,
        0.8075,
        0.73875,
        0.8075
      ],
      "minPos": {
        "x": -193.5,
        "y": -192.5,
        "z": 0
      },
      "maxPos": {
        "x": 193.5,
        "y": 192.5,
        "z": 0
      }
    },
    "texture": "82843353-82c5-4bcc-810b-fd87000bfb8d@6c48a",
    "packable": true,
    "pixelsToUnit": 100,
    "pivot": {
      "x": 0.5,
      "y": 0.5
    },
    "meshType": 0
  }
}