{
  "__type__": "cc.SpriteFrame",
  "content": {
    "name": "UI_dianzhuang",
    "atlas": "",
    "rect": {
      "x": 37,
      "y": 4,
      "width": 67,
      "height": 121
    },
    "offset": {
      "x": 6.5,
      "y": -0.5
    },
    "originalSize": {
      "width": 128,
      "height": 128
    },
    "rotated": false,
    "capInsets": [
      0,
      0,
      0,
      0
    ],
    "vertices": {
      "rawPosition": [
        -33.5,
        -60.5,
        0,
        33.5,
        -60.5,
        0,
        -33.5,
        60.5,
        0,
        33.5,
        60.5,
        0
      ],
      "indexes": [
        0,
        1,
        2,
        2,
        1,
        3
      ],
      "uv": [
        37,
        124,
        104,
        124,
        37,
        3,
        104,
        3
      ],
      "nuv": [
        0.2890625,
        0.0234375,
        0.8125,
        0.0234375,
        0.2890625,
        0.96875,
        0.8125,
        0.96875
      ],
      "minPos": {
        "x": -33.5,
        "y": -60.5,
        "z": 0
      },
      "maxPos": {
        "x": 33.5,
        "y": 60.5,
        "z": 0
      }
    },
    "texture": "df98a2b7-919d-4e3d-83da-5b2aae15159a@6c48a",
    "packable": true,
    "pixelsToUnit": 100,
    "pivot": {
      "x": 0.5,
      "y": 0.5
    },
    "meshType": 0
  }
}