{
  "__type__": "cc.Skeleton",
  "_name": "Skin-3",
  "_objFlags": 0,
  "__editorExtras__": {},
  "_native": "",
  "_joints": [
    "Bone008"
  ],
  "_bindposes": [
    {
      "__type__": "cc.Mat4",
      "m00": 0.00475066713988781,
      "m01": 0.9999886751174927,
      "m02": -4.3710894459536576e-8,
      "m03": 0,
      "m04": -0.9999886751174927,
      "m05": 0.00475066713988781,
      "m06": 1.627130217229933e-7,
      "m07": 0,
      "m08": 1.6291883753183356e-7,
      "m09": 4.293740474281549e-8,
      "m10": 1,
      "m11": 0,
      "m12": 2.239452600479126,
      "m13": -0.006202508695423603,
      "m14": -0.0015634152805432677,
      "m15": 1
    }
  ],
  "_hash": 185566925
}