{
  "__type__": "cc.Skeleton",
  "_name": "Skin-2",
  "_objFlags": 0,
  "__editorExtras__": {},
  "_native": "",
  "_joints": [
    "Bone001"
  ],
  "_bindposes": [
    {
      "__type__": "cc.Mat4",
      "m00": 0.9999956488609314,
      "m01": 0.0029497104696929455,
      "m02": -3.345927891515502e-24,
      "m03": 0,
      "m04": 4.805688624820448e-10,
      "m05": -1.6291997440021078e-7,
      "m06": 1,
      "m07": 0,
      "m08": 0.0029497104696929455,
      "m09": -0.9999956488609314,
      "m10": -1.6292068494294654e-7,
      "m11": 0,
      "m12": -0.9276204109191895,
      "m13": 4.630730152130127,
      "m14": 2.2917494773864746,
      "m15": 1
    }
  ],
  "_hash": 666954953
}