{
  "__type__": "cc.Skeleton",
  "_name": "Skin-11",
  "_objFlags": 0,
  "__editorExtras__": {},
  "_native": "",
  "_joints": [
    "Bone010/Bone018",
    "Bone010/Bone024",
    "Bone010/Bone020"
  ],
  "_bindposes": [
    {
      "__type__": "cc.Mat4",
      "m00": 0.8488031029701233,
      "m01": -0.3889036476612091,
      "m02": -0.1468585580587387,
      "m03": 0,
      "m04": 0.39189469814300537,
      "m05": 0.8599696159362793,
      "m06": -0.012283137999475002,
      "m07": 0,
      "m08": 0.13867953419685364,
      "m09": -0.04986285790801048,
      "m10": 0.9335746765136719,
      "m11": 0,
      "m12": -0.03441588580608368,
      "m13": 0.7556172013282776,
      "m14": -0.07138082385063171,
      "m15": 1
    },
    {
      "__type__": "cc.Mat4",
      "m00": 0.4083409607410431,
      "m01": -0.8396251201629639,
      "m02": -0.14685800671577454,
      "m03": 0,
      "m04": 0.8490297794342041,
      "m05": 0.41506317257881165,
      "m06": -0.012282867915928364,
      "m07": 0,
      "m08": 0.07540548592805862,
      "m09": -0.1266181468963623,
      "m10": 0.9335747361183167,
      "m11": 0,
      "m12": -0.05363750085234642,
      "m13": 0.06553234905004501,
      "m14": -0.07138035446405411,
      "m15": 1
    },
    {
      "__type__": "cc.Mat4",
      "m00": 0.846818208694458,
      "m01": -0.3932066559791565,
      "m02": -0.1468585878610611,
      "m03": 0,
      "m04": 0.39625436067581177,
      "m05": 0.8579694032669067,
      "m06": -0.0122830830514431,
      "m07": 0,
      "m08": 0.13842464983463287,
      "m09": -0.05056613311171532,
      "m10": 0.9335746765136719,
      "m11": 0,
      "m12": 1.1332579851150513,
      "m13": -0.3342406451702118,
      "m14": -0.0713801234960556,
      "m15": 1
    }
  ],
  "_hash": 2229607860
}