{
  "__type__": "cc.Skeleton",
  "_name": "Skin-10",
  "_objFlags": 0,
  "__editorExtras__": {},
  "_native": "",
  "_joints": [
    "Bone010/Bone016",
    "Bone010/Bone022",
    "Bone010/Bone018",
    "Bone010"
  ],
  "_bindposes": [
    {
      "__type__": "cc.Mat4",
      "m00": 0.8545178174972534,
      "m01": -0.3761805295944214,
      "m02": -0.1468585878610611,
      "m03": 0,
      "m04": 0.37900447845458984,
      "m05": 0.8657277822494507,
      "m06": -0.0122830830514431,
      "m07": 0,
      "m08": 0.1394089013338089,
      "m09": -0.047785717993974686,
      "m10": 0.9335746765136719,
      "m11": 0,
      "m12": -0.0016214570496231318,
      "m13": 0.7293075919151306,
      "m14": -0.07138047367334366,
      "m15": 1
    },
    {
      "__type__": "cc.Mat4",
      "m00": 0.3471868336200714,
      "m01": -0.8667027354240417,
      "m02": -0.14685821533203125,
      "m03": 0,
      "m04": 0.8765645623207092,
      "m05": 0.35321855545043945,
      "m06": -0.012282748706638813,
      "m07": 0,
      "m08": 0.06614774465560913,
      "m09": -0.131691575050354,
      "m10": 0.9335747361183167,
      "m11": 0,
      "m12": 0.060633447021245956,
      "m13": 0.08346354961395264,
      "m14": -0.07138032466173172,
      "m15": 1
    },
    {
      "__type__": "cc.Mat4",
      "m00": 0.8488031029701233,
      "m01": -0.3889036476612091,
      "m02": -0.1468585580587387,
      "m03": 0,
      "m04": 0.39189469814300537,
      "m05": 0.8599696159362793,
      "m06": -0.012283137999475002,
      "m07": 0,
      "m08": 0.13867953419685364,
      "m09": -0.04986285790801048,
      "m10": 0.9335746765136719,
      "m11": 0,
      "m12": 1.2351899147033691,
      "m13": -0.3803546130657196,
      "m14": -0.07138071209192276,
      "m15": 1
    },
    {
      "__type__": "cc.Mat4",
      "m00": 0.8847468495368958,
      "m01": 0.29822060465812683,
      "m02": -0.1468585878610611,
      "m03": 0,
      "m04": -0.30369195342063904,
      "m05": 0.8949302434921265,
      "m06": -0.0122830830514431,
      "m07": 0,
      "m08": 0.13518190383911133,
      "m09": 0.05868706479668617,
      "m10": 0.9335746765136719,
      "m11": 0,
      "m12": 0.45474669337272644,
      "m13": 0.8693305850028992,
      "m14": -0.07138053327798843,
      "m15": 1
    }
  ],
  "_hash": 3353962359
}