{
  "__type__": "cc.Skeleton",
  "_name": "Skin-5",
  "_objFlags": 0,
  "__editorExtras__": {},
  "_native": "",
  "_joints": [
    "Bone010/Bone020"
  ],
  "_bindposes": [
    {
      "__type__": "cc.Mat4",
      "m00": 0.002719830721616745,
      "m01": -0.0012427236652001739,
      "m02": 0.42472097277641296,
      "m03": 0,
      "m04": 0.8756024837493896,
      "m05": -0.40016239881515503,
      "m06": -0.006778054405003786,
      "m07": 0,
      "m08": 0.4001758396625519,
      "m09": 0.8756319284439087,
      "m10": -5.699621397070587e-7,
      "m11": 0,
      "m12": 0.41560932993888855,
      "m13": 0.0016358962748199701,
      "m14": 0.019598014652729034,
      "m15": 1
    }
  ],
  "_hash": 2573619474
}