{
  "__type__": "cc.Skeleton",
  "_name": "Skin-6",
  "_objFlags": 0,
  "__editorExtras__": {},
  "_native": "",
  "_joints": [
    "Bone010/Bone012",
    "Bone010/Bone014",
    "Bone010",
    "Bone010/Bone016"
  ],
  "_bindposes": [
    {
      "__type__": "cc.Mat4",
      "m00": 0.850879967212677,
      "m01": -0.38433828949928284,
      "m02": -0.1468585878610611,
      "m03": 0,
      "m04": 0.38726934790611267,
      "m05": 0.862062394618988,
      "m06": -0.0122830830514431,
      "m07": 0,
      "m08": 0.13894537091255188,
      "m09": -0.04911722242832184,
      "m10": 0.9335746765136719,
      "m11": 0,
      "m12": -0.06468949466943741,
      "m13": 0.7221214771270752,
      "m14": -0.07138076424598694,
      "m15": 1
    },
    {
      "__type__": "cc.Mat4",
      "m00": 0.3241878151893616,
      "m01": -0.8755654096603394,
      "m02": -0.14685842394828796,
      "m03": 0,
      "m04": 0.8855829834938049,
      "m05": 0.32995712757110596,
      "m06": -0.012282663024961948,
      "m07": 0,
      "m08": 0.0626484751701355,
      "m09": -0.13339200615882874,
      "m10": 0.9335746765136719,
      "m11": 0,
      "m12": -0.007142897229641676,
      "m13": 0.02429633028805256,
      "m14": -0.07138030976057053,
      "m15": 1
    },
    {
      "__type__": "cc.Mat4",
      "m00": 0.8847468495368958,
      "m01": 0.29822060465812683,
      "m02": -0.1468585878610611,
      "m03": 0,
      "m04": -0.30369195342063904,
      "m05": 0.8949302434921265,
      "m06": -0.0122830830514431,
      "m07": 0,
      "m08": 0.13518190383911133,
      "m09": 0.05868706479668617,
      "m10": 0.9335746765136719,
      "m11": 0,
      "m12": 2.175905227661133,
      "m13": 0.8276284337043762,
      "m14": -0.07138047367334366,
      "m15": 1
    },
    {
      "__type__": "cc.Mat4",
      "m00": 0.8545178174972534,
      "m01": -0.3761805295944214,
      "m02": -0.1468585878610611,
      "m03": 0,
      "m04": 0.37900447845458984,
      "m05": 0.8657277822494507,
      "m06": -0.0122830830514431,
      "m07": 0,
      "m08": 0.1394089013338089,
      "m09": -0.047785717993974686,
      "m10": 0.9335746765136719,
      "m11": 0,
      "m12": 1.2415136098861694,
      "m13": -0.4618016183376312,
      "m14": -0.07138040661811829,
      "m15": 1
    }
  ],
  "_hash": 1570452035
}