{
  "__type__": "cc.Skeleton",
  "_name": "Skin-8",
  "_objFlags": 0,
  "__editorExtras__": {},
  "_native": "",
  "_joints": [
    "Bone010/Bone016"
  ],
  "_bindposes": [
    {
      "__type__": "cc.Mat4",
      "m00": 0.0027441566344350576,
      "m01": -0.0011880428064614534,
      "m02": 0.42472097277641296,
      "m03": 0,
      "m04": 0.8834355473518372,
      "m05": -0.38255882263183594,
      "m06": -0.006778054405003786,
      "m07": 0,
      "m08": 0.3825716972351074,
      "m09": 0.8834652304649353,
      "m10": -5.699621397070587e-7,
      "m11": 0,
      "m12": 0.4526884853839874,
      "m13": -0.015881679952144623,
      "m14": 0.01959770917892456,
      "m15": 1
    }
  ],
  "_hash": 2362309831
}