{
  "__type__": "cc.Skeleton",
  "_name": "Skin-4",
  "_objFlags": 0,
  "__editorExtras__": {},
  "_native": "",
  "_joints": [
    "Bone010",
    "Bone010/Bone020",
    "Bone010/Bone018",
    "Bone010/Bone012"
  ],
  "_bindposes": [
    {
      "__type__": "cc.Mat4",
      "m00": -0.9456698894500732,
      "m01": -0.3251284062862396,
      "m02": 1.476367401664902e-7,
      "m03": 0,
      "m04": -4.8599844149066485e-8,
      "m05": 5.954452149126155e-7,
      "m06": 1,
      "m07": 0,
      "m08": -0.3251284062862396,
      "m09": 0.9456698894500732,
      "m10": -5.78895765102061e-7,
      "m11": 0,
      "m12": -0.020810598507523537,
      "m13": 0.0008985000313259661,
      "m14": -0.19136108458042145,
      "m15": 1
    },
    {
      "__type__": "cc.Mat4",
      "m00": -0.909518837928772,
      "m01": 0.4156627357006073,
      "m02": 1.476367401664902e-7,
      "m03": 0,
      "m04": 3.749038057776488e-7,
      "m05": 4.651495260077354e-7,
      "m06": 1,
      "m07": 0,
      "m08": 0.4156627357006073,
      "m09": 0.909518837928772,
      "m10": -5.788958219454798e-7,
      "m11": 0,
      "m12": 1.4541538953781128,
      "m13": -1.7786616086959839,
      "m14": -0.19136063754558563,
      "m15": 1
    },
    {
      "__type__": "cc.Mat4",
      "m00": -0.9116169214248657,
      "m01": 0.41104117035865784,
      "m02": 1.2147012284913217e-7,
      "m03": 0,
      "m04": 3.7253815321491857e-7,
      "m05": 5.307057904246903e-7,
      "m06": 1,
      "m07": 0,
      "m08": 0.41104117035865784,
      "m09": 0.9116169214248657,
      "m10": -6.369287461893691e-7,
      "m11": 0,
      "m12": 0.2938070297241211,
      "m13": -0.687156617641449,
      "m14": -0.19136124849319458,
      "m15": 1
    },
    {
      "__type__": "cc.Mat4",
      "m00": -0.9138117432594299,
      "m01": 0.4061380922794342,
      "m02": 1.476367401664902e-7,
      "m03": 0,
      "m04": 3.700238266901579e-7,
      "m05": 4.6904088435439917e-7,
      "m06": 1,
      "m07": 0,
      "m08": 0.4061380922794342,
      "m09": 0.9138117432594299,
      "m10": -5.78895765102061e-7,
      "m11": 0,
      "m12": -2.2360939979553223,
      "m13": 1.613214373588562,
      "m14": -0.19136138260364532,
      "m15": 1
    }
  ],
  "_hash": 477017423
}