{
  "__type__": "cc.Skeleton",
  "_name": "Skin-12",
  "_objFlags": 0,
  "__editorExtras__": {},
  "_native": "",
  "_joints": [
    "Bone010/Bone020",
    "Bone010/Bone026"
  ],
  "_bindposes": [
    {
      "__type__": "cc.Mat4",
      "m00": 0.846818208694458,
      "m01": -0.3932066559791565,
      "m02": -0.1468585878610611,
      "m03": 0,
      "m04": 0.39625436067581177,
      "m05": 0.8579694032669067,
      "m06": -0.0122830830514431,
      "m07": 0,
      "m08": 0.13842464983463287,
      "m09": -0.05056613311171532,
      "m10": 0.9335746765136719,
      "m11": 0,
      "m12": -0.09527777135372162,
      "m13": 0.8285649418830872,
      "m14": -0.07138016819953918,
      "m15": 1
    },
    {
      "__type__": "cc.Mat4",
      "m00": 0.4239270091056824,
      "m01": -0.8318644762039185,
      "m02": -0.146858349442482,
      "m03": 0,
      "m04": 0.8411422371864319,
      "m05": 0.4308234453201294,
      "m06": -0.01228269562125206,
      "m07": 0,
      "m08": 0.07775352150201797,
      "m09": -0.1251903772354126,
      "m10": 0.9335747361183167,
      "m11": 0,
      "m12": 0.013930932618677616,
      "m13": 0.041651297360658646,
      "m14": -0.07138030976057053,
      "m15": 1
    }
  ],
  "_hash": 2061604946
}