{
  "__type__": "cc.Skeleton",
  "_name": "Skin-7",
  "_objFlags": 0,
  "__editorExtras__": {},
  "_native": "",
  "_joints": [
    "Bone010/Bone018"
  ],
  "_bindposes": [
    {
      "__type__": "cc.Mat4",
      "m00": 0.002726103411987424,
      "m01": -0.0012288762954995036,
      "m02": 0.42472097277641296,
      "m03": 0,
      "m04": 0.8776223659515381,
      "m05": -0.395713210105896,
      "m06": -0.0067780292592942715,
      "m07": 0,
      "m08": 0.3957265019416809,
      "m09": 0.8776518702507019,
      "m10": -6.258328539843205e-7,
      "m11": 0,
      "m12": 0.46468204259872437,
      "m13": -0.009051525965332985,
      "m14": 0.019597399979829788,
      "m15": 1
    }
  ],
  "_hash": 728255619
}