{
  "__type__": "cc.Skeleton",
  "_name": "Skin-9",
  "_objFlags": 0,
  "__editorExtras__": {},
  "_native": "",
  "_joints": [
    "Bone010/Bone012"
  ],
  "_bindposes": [
    {
      "__type__": "cc.Mat4",
      "m00": 0.0027326655108481646,
      "m01": -0.0012142411433160305,
      "m02": 0.42472097277641296,
      "m03": 0,
      "m04": 0.8797353506088257,
      "m05": -0.3909929394721985,
      "m06": -0.006778054405003786,
      "m07": 0,
      "m08": 0.39100608229637146,
      "m09": 0.8797649145126343,
      "m10": -5.699621397070587e-7,
      "m11": 0,
      "m12": 0.3999674916267395,
      "m13": -0.00874497089534998,
      "m14": 0.019597409293055534,
      "m15": 1
    }
  ],
  "_hash": 4021025424
}