{
  "__type__": "cc.SpriteFrame",
  "content": {
    "name": "icon",
    "atlas": "",
    "rect": {
      "x": 5,
      "y": 2,
      "width": 155,
      "height": 76
    },
    "offset": {
      "x": 0,
      "y": 0
    },
    "originalSize": {
      "width": 165,
      "height": 80
    },
    "rotated": false,
    "capInsets": [
      0,
      0,
      0,
      0
    ],
    "vertices": {
      "rawPosition": [
        -77.5,
        -38,
        0,
        77.5,
        -38,
        0,
        -77.5,
        38,
        0,
        77.5,
        38,
        0
      ],
      "indexes": [
        0,
        1,
        2,
        2,
        1,
        3
      ],
      "uv": [
        5,
        78,
        160,
        78,
        5,
        2,
        160,
        2
      ],
      "nuv": [
        0.030303030303030304,
        0.025,
        0.9696969696969697,
        0.025,
        0.030303030303030304,
        0.975,
        0.9696969696969697,
        0.975
      ],
      "minPos": {
        "x": -77.5,
        "y": -38,
        "z": 0
      },
      "maxPos": {
        "x": 77.5,
        "y": 38,
        "z": 0
      }
    },
    "texture": "40083deb-632d-44bb-b9b3-7a6d718a2012@6c48a",
    "packable": true,
    "pixelsToUnit": 100,
    "pivot": {
      "x": 0.5,
      "y": 0.5
    },
    "meshType": 0
  }
}