{
  "__type__": "cc.SpriteFrame",
  "content": {
    "name": "DJCstagbeetle_L_1001",
    "atlas": "",
    "rect": {
      "x": 26,
      "y": 39,
      "width": 76,
      "height": 57
    },
    "offset": {
      "x": 0,
      "y": -3.5
    },
    "originalSize": {
      "width": 128,
      "height": 128
    },
    "rotated": false,
    "capInsets": [
      0,
      0,
      0,
      0
    ],
    "vertices": {
      "rawPosition": [
        -38,
        -28.5,
        0,
        38,
        -28.5,
        0,
        -38,
        28.5,
        0,
        38,
        28.5,
        0
      ],
      "indexes": [
        0,
        1,
        2,
        2,
        1,
        3
      ],
      "uv": [
        26,
        89,
        102,
        89,
        26,
        32,
        102,
        32
      ],
      "nuv": [
        0.203125,
        0.25,
        0.796875,
        0.25,
        0.203125,
        0.6953125,
        0.796875,
        0.6953125
      ],
      "minPos": {
        "x": -38,
        "y": -28.5,
        "z": 0
      },
      "maxPos": {
        "x": 38,
        "y": 28.5,
        "z": 0
      }
    },
    "texture": "7270c0fc-dbf4-4901-aef2-bea5bb64c1a6@6c48a",
    "packable": true,
    "pixelsToUnit": 100,
    "pivot": {
      "x": 0.5,
      "y": 0.5
    },
    "meshType": 0
  }
}