{
  "__type__": "cc.SpriteFrame",
  "content": {
    "name": "JCbeetle_R_1001",
    "atlas": "",
    "rect": {
      "x": 31,
      "y": 37,
      "width": 97,
      "height": 58
    },
    "offset": {
      "x": 15.5,
      "y": -2
    },
    "originalSize": {
      "width": 128,
      "height": 128
    },
    "rotated": false,
    "capInsets": [
      0,
      0,
      0,
      0
    ],
    "vertices": {
      "rawPosition": [
        -48.5,
        -29,
        0,
        48.5,
        -29,
        0,
        -48.5,
        29,
        0,
        48.5,
        29,
        0
      ],
      "indexes": [
        0,
        1,
        2,
        2,
        1,
        3
      ],
      "uv": [
        31,
        91,
        128,
        91,
        31,
        33,
        128,
        33
      ],
      "nuv": [
        0.2421875,
        0.2578125,
        1,
        0.2578125,
        0.2421875,
        0.7109375,
        1,
        0.7109375
      ],
      "minPos": {
        "x": -48.5,
        "y": -29,
        "z": 0
      },
      "maxPos": {
        "x": 48.5,
        "y": 29,
        "z": 0
      }
    },
    "texture": "72980a80-efca-416f-a9a6-d419b1554687@6c48a",
    "packable": true,
    "pixelsToUnit": 100,
    "pivot": {
      "x": 0.5,
      "y": 0.5
    },
    "meshType": 0
  }
}