{
  "__type__": "cc.SpriteFrame",
  "content": {
    "name": "posui01",
    "atlas": "",
    "rect": {
      "x": 11,
      "y": 5,
      "width": 62,
      "height": 69
    },
    "offset": {
      "x": -22,
      "y": 24.5
    },
    "originalSize": {
      "width": 128,
      "height": 128
    },
    "rotated": false,
    "capInsets": [
      0,
      0,
      0,
      0
    ],
    "vertices": {
      "rawPosition": [
        -31,
        -34.5,
        0,
        31,
        -34.5,
        0,
        -31,
        34.5,
        0,
        31,
        34.5,
        0
      ],
      "indexes": [
        0,
        1,
        2,
        2,
        1,
        3
      ],
      "uv": [
        11,
        123,
        73,
        123,
        11,
        54,
        73,
        54
      ],
      "nuv": [
        0.0859375,
        0.421875,
        0.5703125,
        0.421875,
        0.0859375,
        0.9609375,
        0.5703125,
        0.9609375
      ],
      "minPos": {
        "x": -31,
        "y": -34.5,
        "z": 0
      },
      "maxPos": {
        "x": 31,
        "y": 34.5,
        "z": 0
      }
    },
    "texture": "78e2c971-3cf6-4bcc-a791-1aee1cf87cd9@6c48a",
    "packable": true,
    "pixelsToUnit": 100,
    "pivot": {
      "x": 0.5,
      "y": 0.5
    },
    "meshType": 0
  }
}