{
  "__type__": "cc.SpriteFrame",
  "content": {
    "name": "XZmetalscorpion_R_1001",
    "atlas": "",
    "rect": {
      "x": 37,
      "y": 31,
      "width": 60,
      "height": 58
    },
    "offset": {
      "x": 3,
      "y": 4
    },
    "originalSize": {
      "width": 128,
      "height": 128
    },
    "rotated": false,
    "capInsets": [
      0,
      0,
      0,
      0
    ],
    "vertices": {
      "rawPosition": [
        -30,
        -29,
        0,
        30,
        -29,
        0,
        -30,
        29,
        0,
        30,
        29,
        0
      ],
      "indexes": [
        0,
        1,
        2,
        2,
        1,
        3
      ],
      "uv": [
        37,
        97,
        97,
        97,
        37,
        39,
        97,
        39
      ],
      "nuv": [
        0.2890625,
        0.3046875,
        0.7578125,
        0.3046875,
        0.2890625,
        0.7578125,
        0.7578125,
        0.7578125
      ],
      "minPos": {
        "x": -30,
        "y": -29,
        "z": 0
      },
      "maxPos": {
        "x": 30,
        "y": 29,
        "z": 0
      }
    },
    "texture": "c5b6c88d-7c47-4846-9455-74ed124263fe@6c48a",
    "packable": true,
    "pixelsToUnit": 100,
    "pivot": {
      "x": 0.5,
      "y": 0.5
    },
    "meshType": 0
  }
}