{
  "__type__": "cc.SpriteFrame",
  "content": {
    "name": "UI_hand",
    "atlas": "",
    "rect": {
      "x": 2,
      "y": 0,
      "width": 55,
      "height": 64
    },
    "offset": {
      "x": -0.5,
      "y": 0
    },
    "originalSize": {
      "width": 60,
      "height": 64
    },
    "rotated": false,
    "capInsets": [
      0,
      0,
      0,
      0
    ],
    "vertices": {
      "rawPosition": [
        -27.5,
        -32,
        0,
        27.5,
        -32,
        0,
        -27.5,
        32,
        0,
        27.5,
        32,
        0
      ],
      "indexes": [
        0,
        1,
        2,
        2,
        1,
        3
      ],
      "uv": [
        2,
        64,
        57,
        64,
        2,
        0,
        57,
        0
      ],
      "nuv": [
        0.03333333333333333,
        0,
        0.95,
        0,
        0.03333333333333333,
        1,
        0.95,
        1
      ],
      "minPos": {
        "x": -27.5,
        "y": -32,
        "z": 0
      },
      "maxPos": {
        "x": 27.5,
        "y": 32,
        "z": 0
      }
    },
    "texture": "35659fa1-fa38-4932-9c2b-3117102db05f@6c48a",
    "packable": true,
    "pixelsToUnit": 100,
    "pivot": {
      "x": 0.5,
      "y": 0.5
    },
    "meshType": 0
  }
}