{
  "__type__": "cc.SpriteFrame",
  "content": {
    "name": "UI_xuetiao02_di",
    "atlas": "",
    "rect": {
      "x": 3,
      "y": 111,
      "width": 251,
      "height": 27
    },
    "offset": {
      "x": 0.5,
      "y": 3.5
    },
    "originalSize": {
      "width": 256,
      "height": 256
    },
    "rotated": false,
    "capInsets": [
      61,
      8,
      0,
      0
    ],
    "vertices": {
      "rawPosition": [
        -125.5,
        -13.5,
        0,
        125.5,
        -13.5,
        0,
        -125.5,
        13.5,
        0,
        125.5,
        13.5,
        0
      ],
      "indexes": [
        0,
        1,
        2,
        2,
        1,
        3
      ],
      "uv": [
        3,
        145,
        254,
        145,
        3,
        118,
        254,
        118
      ],
      "nuv": [
        0.01171875,
        0.4609375,
        0.9921875,
        0.4609375,
        0.01171875,
        0.56640625,
        0.9921875,
        0.56640625
      ],
      "minPos": {
        "x": -125.5,
        "y": -13.5,
        "z": 0
      },
      "maxPos": {
        "x": 125.5,
        "y": 13.5,
        "z": 0
      }
    },
    "texture": "35cc6605-cbd1-4286-9948-a91415d0fd05@6c48a",
    "packable": true,
    "pixelsToUnit": 100,
    "pivot": {
      "x": 0.5,
      "y": 0.5
    },
    "meshType": 0
  }
}