{
  "__type__": "cc.SpriteFrame",
  "content": {
    "name": "hongkuang",
    "atlas": "",
    "rect": {
      "x": 11,
      "y": 11,
      "width": 234,
      "height": 234
    },
    "offset": {
      "x": 0,
      "y": 0
    },
    "originalSize": {
      "width": 256,
      "height": 256
    },
    "rotated": false,
    "capInsets": [
      0,
      0,
      0,
      0
    ],
    "vertices": {
      "rawPosition": [
        -117,
        -117,
        0,
        117,
        -117,
        0,
        -117,
        117,
        0,
        117,
        117,
        0
      ],
      "indexes": [
        0,
        1,
        2,
        2,
        1,
        3
      ],
      "uv": [
        11,
        245,
        245,
        245,
        11,
        11,
        245,
        11
      ],
      "nuv": [
        0.04296875,
        0.04296875,
        0.95703125,
        0.04296875,
        0.04296875,
        0.95703125,
        0.95703125,
        0.95703125
      ],
      "minPos": {
        "x": -117,
        "y": -117,
        "z": 0
      },
      "maxPos": {
        "x": 117,
        "y": 117,
        "z": 0
      }
    },
    "texture": "793c1839-e140-41b9-b7c2-376e4d4e1db1@6c48a",
    "packable": true,
    "pixelsToUnit": 100,
    "pivot": {
      "x": 0.5,
      "y": 0.5
    },
    "meshType": 0
  }
}